{"stats":{"minecraft:dropped":{"minecraft:wheat_seeds":2,"minecraft:crafting_table":1,"minecraft:tropical_fish":5,"minecraft:string":8,"minecraft:rotten_flesh":10,"minecraft:gunpowder":5,"minecraft:spider_eye":1},"minecraft:crafted":{"minecraft:oak_planks":28,"minecraft:oak_sign":3,"minecraft:birch_slab":24,"minecraft:furnace":1,"minecraft:bone_meal":3,"minecraft:moss_carpet":15,"minecraft:glass":3,"minecraft:iron_axe":1,"minecraft:ladder":3,"minecraft:stone_pickaxe":2,"minecraft:chest":2,"minecraft:birch_door":3,"minecraft:birch_sign":3,"minecraft:red_dye":1,"minecraft:crafting_table":1,"minecraft:spruce_planks":28,"minecraft:red_bed":1,"minecraft:campfire":1,"minecraft:birch_planks":112,"minecraft:air":0,"minecraft:stick":44,"minecraft:iron_ingot":11,"minecraft:iron_pickaxe":2,"minecraft:birch_trapdoor":2,"minecraft:torch":104,"minecraft:birch_stairs":12},"minecraft:used":{"minecraft:moss_block":2,"minecraft:moss_carpet":31,"minecraft:iron_shovel":131,"minecraft:ladder":3,"minecraft:oak_sign":2,"minecraft:chest":2,"minecraft:iron_sword":108,"minecraft:cooked_chicken":1,"minecraft:torch":93,"minecraft:dirt":105,"minecraft:carrot":5,"minecraft:tuff":5,"minecraft:granite":23,"minecraft:birch_door":2,"minecraft:glass":3,"minecraft:flowering_azalea":2,"minecraft:iron_axe":203,"minecraft:birch_trapdoor":3,"minecraft:furnace":3,"minecraft:egg":2,"minecraft:cooked_beef":12,"minecraft:cobbled_deepslate":77,"minecraft:cooked_mutton":2,"minecraft:diorite":11,"minecraft:birch_planks":37,"minecraft:stone_pickaxe":263,"minecraft:oak_planks":11,"minecraft:glow_berries":2,"minecraft:rail":1,"minecraft:crafting_table":3,"minecraft:red_bed":7,"minecraft:birch_sign":1,"minecraft:campfire":1,"minecraft:birch_slab":52,"minecraft:bread":2,"minecraft:iron_pickaxe":320,"minecraft:cobblestone":122,"minecraft:andesite":3,"minecraft:birch_log":30,"minecraft:bone_meal":3,"minecraft:birch_stairs":12},"minecraft:custom":{"minecraft:mob_kills":27,"minecraft:animals_bred":38,"minecraft:interact_with_crafting_table":28,"minecraft:leave_game":3,"minecraft:time_since_death":160206,"minecraft:climb_one_cm":3242,"minecraft:sprint_one_cm":299903,"minecraft:walk_one_cm":501526,"minecraft:drop":17,"minecraft:talked_to_villager":1,"minecraft:play_time":160206,"minecraft:sneak_time":19295,"minecraft:walk_under_water_one_cm":18417,"minecraft:jump":1995,"minecraft:walk_on_water_one_cm":37294,"minecraft:total_world_time":160206,"minecraft:interact_with_furnace":15,"minecraft:sleep_in_bed":8,"minecraft:time_since_rest":3087,"minecraft:damage_taken":899,"minecraft:damage_dealt":5630,"minecraft:swim_one_cm":39123,"minecraft:fly_one_cm":224862,"minecraft:open_chest":60,"minecraft:crouch_one_cm":59545,"minecraft:fall_one_cm":22210},"minecraft:picked_up":{"minecraft:birch_door":1,"minecraft:charcoal":2,"minecraft:crafting_table":3,"minecraft:iron_chestplate":1,"minecraft:wheat":112,"minecraft:moss_carpet":17,"minecraft:string":3,"minecraft:red_bed":6,"minecraft:raw_copper":18,"minecraft:iron_leggings":1,"minecraft:oak_sign":1,"minecraft:cobbled_deepslate":79,"minecraft:azalea":23,"minecraft:poppy":1,"minecraft:birch_sapling":14,"minecraft:furnace":2,"minecraft:iron_boots":1,"minecraft:egg":2,"minecraft:raw_iron":85,"minecraft:stick":25,"minecraft:birch_trapdoor":1,"minecraft:big_dripleaf":15,"minecraft:copper_ingot":1,"minecraft:torch":3,"minecraft:diorite":11,"minecraft:carrot":5,"minecraft:redstone":16,"minecraft:arrow":7,"minecraft:rotten_flesh":11,"minecraft:tropical_fish":5,"minecraft:glow_berries":11,"minecraft:rail":1,"minecraft:cobblestone":205,"minecraft:birch_log":59,"minecraft:cooked_beef":13,"minecraft:birch_slab":28,"minecraft:andesite":3,"minecraft:birch_planks":6,"minecraft:tuff":5,"minecraft:oak_log":59,"minecraft:lapis_lazuli":9,"minecraft:dirt":120,"minecraft:cooked_mutton":2,"minecraft:bone":7,"minecraft:apple":2,"minecraft:bow":1,"minecraft:wheat_seeds":3,"minecraft:spore_blossom":3,"minecraft:cooked_chicken":1,"minecraft:moss_block":92,"minecraft:iron_sword":1,"minecraft:oak_planks":1,"minecraft:flowering_azalea":29,"minecraft:gravel":2,"minecraft:sand":9,"minecraft:white_bed":1,"minecraft:spruce_log":7,"minecraft:spider_eye":1,"minecraft:sugar":2,"minecraft:diamond":6,"minecraft:iron_helmet":1,"minecraft:granite":23,"minecraft:birch_sign":1,"minecraft:oak_sapling":12,"minecraft:coal":119},"minecraft:broken":{"minecraft:stone_pickaxe":2,"minecraft:iron_pickaxe":1},"minecraft:killed":{"minecraft:witch":1,"minecraft:spider":2,"minecraft:skeleton":5,"minecraft:drowned":2,"minecraft:creeper":3,"minecraft:zombie":13},"minecraft:mined":{"minecraft:tuff":2,"minecraft:deepslate_diamond_ore":6,"minecraft:granite":24,"minecraft:cave_vines_plant":3,"minecraft:grass_block":42,"minecraft:birch_slab":26,"minecraft:spruce_leaves":1,"minecraft:moss_block":94,"minecraft:spore_blossom":2,"minecraft:furnace":2,"minecraft:carrots":1,"minecraft:iron_ore":58,"minecraft:cobbled_deepslate":8,"minecraft:andesite":3,"minecraft:moss_carpet":11,"minecraft:deepslate_lapis_ore":1,"minecraft:big_dripleaf_stem":2,"minecraft:oak_sign":1,"minecraft:cave_vines":34,"minecraft:deepslate_iron_ore":27,"minecraft:rail":1,"minecraft:birch_wall_sign":1,"minecraft:azalea":21,"minecraft:stone":201,"minecraft:deepslate_redstone_ore":2,"minecraft:flowering_azalea":28,"minecraft:red_bed":4,"minecraft:crafting_table":2,"minecraft:torch":1,"minecraft:short_grass":19,"minecraft:poppy":1,"minecraft:campfire":1,"minecraft:cobblestone":6,"minecraft:copper_ore":5,"minecraft:tall_grass":8,"minecraft:deepslate_coal_ore":6,"minecraft:oak_planks":2,"minecraft:diorite":12,"minecraft:big_dripleaf":8,"minecraft:birch_planks":6,"minecraft:birch_log":59,"minecraft:birch_trapdoor":1,"minecraft:spruce_log":7,"minecraft:birch_leaves":4,"minecraft:birch_door":1,"minecraft:coal_ore":68,"minecraft:oak_log":60,"minecraft:gravel":2,"minecraft:sand":9,"minecraft:dirt":75,"minecraft:cobweb":1,"minecraft:oak_leaves":23,"minecraft:deepslate":69}},"DataVersion":3953}