{"stats":{"minecraft:dropped":{"minecraft:wheat_seeds":2,"minecraft:crafting_table":1,"minecraft:rotten_flesh":10,"minecraft:tropical_fish":5,"minecraft:gunpowder":5,"minecraft:spider_eye":1,"minecraft:string":8},"minecraft:crafted":{"minecraft:red_dye":1,"minecraft:crafting_table":1,"minecraft:spruce_planks":28,"minecraft:red_bed":1,"minecraft:furnace":1,"minecraft:birch_planks":28,"minecraft:air":0,"minecraft:iron_axe":1,"minecraft:ladder":3,"minecraft:stick":44,"minecraft:iron_ingot":11,"minecraft:iron_pickaxe":2,"minecraft:stone_pickaxe":2,"minecraft:chest":2,"minecraft:torch":104},"minecraft:used":{"minecraft:cooked_mutton":2,"minecraft:diorite":11,"minecraft:iron_shovel":111,"minecraft:stone_pickaxe":263,"minecraft:ladder":3,"minecraft:oak_planks":1,"minecraft:chest":2,"minecraft:iron_sword":108,"minecraft:cooked_chicken":1,"minecraft:torch":91,"minecraft:glow_berries":2,"minecraft:dirt":81,"minecraft:rail":1,"minecraft:crafting_table":2,"minecraft:red_bed":5,"minecraft:carrot":5,"minecraft:tuff":5,"minecraft:granite":23,"minecraft:iron_axe":15,"minecraft:bread":2,"minecraft:iron_pickaxe":317,"minecraft:cobblestone":122,"minecraft:furnace":2,"minecraft:andesite":3,"minecraft:cooked_beef":9,"minecraft:cobbled_deepslate":77},"minecraft:custom":{"minecraft:interact_with_furnace":11,"minecraft:mob_kills":23,"minecraft:animals_bred":7,"minecraft:interact_with_crafting_table":11,"minecraft:leave_game":3,"minecraft:time_since_death":124206,"minecraft:sleep_in_bed":4,"minecraft:climb_one_cm":1069,"minecraft:time_since_rest":84885,"minecraft:sprint_one_cm":211738,"minecraft:damage_taken":784,"minecraft:walk_one_cm":376251,"minecraft:drop":17,"minecraft:damage_dealt":4510,"minecraft:swim_one_cm":31455,"minecraft:fly_one_cm":154305,"minecraft:talked_to_villager":1,"minecraft:open_chest":36,"minecraft:crouch_one_cm":45997,"minecraft:play_time":124206,"minecraft:sneak_time":14928,"minecraft:walk_under_water_one_cm":18378,"minecraft:jump":1503,"minecraft:walk_on_water_one_cm":29111,"minecraft:total_world_time":124206,"minecraft:fall_one_cm":17710},"minecraft:picked_up":{"minecraft:birch_log":7,"minecraft:iron_chestplate":1,"minecraft:crafting_table":2,"minecraft:wheat":112,"minecraft:cooked_beef":13,"minecraft:andesite":3,"minecraft:tuff":5,"minecraft:lapis_lazuli":9,"minecraft:dirt":102,"minecraft:string":3,"minecraft:red_bed":4,"minecraft:moss_carpet":16,"minecraft:raw_copper":18,"minecraft:iron_leggings":1,"minecraft:cooked_mutton":2,"minecraft:bone":5,"minecraft:bow":1,"minecraft:wheat_seeds":3,"minecraft:cobbled_deepslate":77,"minecraft:spore_blossom":3,"minecraft:cooked_chicken":1,"minecraft:azalea":23,"minecraft:poppy":1,"minecraft:moss_block":92,"minecraft:egg":2,"minecraft:oak_planks":1,"minecraft:iron_sword":1,"minecraft:flowering_azalea":29,"minecraft:iron_boots":1,"minecraft:furnace":1,"minecraft:raw_iron":85,"minecraft:big_dripleaf":15,"minecraft:torch":2,"minecraft:gravel":2,"minecraft:carrot":5,"minecraft:diorite":11,"minecraft:white_bed":1,"minecraft:spruce_log":7,"minecraft:redstone":8,"minecraft:spider_eye":1,"minecraft:arrow":5,"minecraft:rotten_flesh":10,"minecraft:diamond":6,"minecraft:tropical_fish":5,"minecraft:iron_helmet":1,"minecraft:granite":23,"minecraft:glow_berries":11,"minecraft:coal":74,"minecraft:rail":1,"minecraft:cobblestone":203},"minecraft:killed":{"minecraft:spider":2,"minecraft:creeper":3,"minecraft:skeleton":4,"minecraft:zombie":13},"minecraft:broken":{"minecraft:stone_pickaxe":2,"minecraft:iron_pickaxe":1},"minecraft:mined":{"minecraft:deepslate_redstone_ore":2,"minecraft:tuff":2,"minecraft:flowering_azalea":28,"minecraft:red_bed":2,"minecraft:deepslate_diamond_ore":6,"minecraft:cave_vines_plant":3,"minecraft:crafting_table":1,"minecraft:granite":24,"minecraft:short_grass":18,"minecraft:grass_block":38,"minecraft:poppy":1,"minecraft:tall_grass":8,"minecraft:copper_ore":5,"minecraft:cobblestone":6,"minecraft:deepslate_coal_ore":6,"minecraft:moss_block":94,"minecraft:oak_planks":2,"minecraft:diorite":12,"minecraft:big_dripleaf":8,"minecraft:spore_blossom":2,"minecraft:furnace":1,"minecraft:carrots":1,"minecraft:birch_log":7,"minecraft:iron_ore":58,"minecraft:cobbled_deepslate":8,"minecraft:spruce_log":7,"minecraft:andesite":3,"minecraft:moss_carpet":10,"minecraft:deepslate_lapis_ore":1,"minecraft:big_dripleaf_stem":2,"minecraft:coal_ore":68,"minecraft:cave_vines":34,"minecraft:deepslate_iron_ore":27,"minecraft:rail":1,"minecraft:gravel":2,"minecraft:dirt":63,"minecraft:cobweb":1,"minecraft:azalea":21,"minecraft:stone":201,"minecraft:deepslate":69}},"DataVersion":3953}