{"stats":{"minecraft:custom":{"minecraft:animals_bred":81,"minecraft:interact_with_crafting_table":57,"minecraft:open_barrel":9,"minecraft:leave_game":7,"minecraft:time_since_death":461547,"minecraft:sprint_one_cm":728288,"minecraft:damage_blocked_by_shield":760,"minecraft:drop":131,"minecraft:talked_to_villager":3,"minecraft:play_time":461547,"minecraft:jump":5109,"minecraft:walk_on_water_one_cm":90657,"minecraft:interact_with_furnace":52,"minecraft:sleep_in_bed":19,"minecraft:damage_dealt":19819,"minecraft:player_kills":1,"minecraft:crouch_one_cm":110697,"minecraft:inspect_dispenser":17,"minecraft:mob_kills":135,"minecraft:interact_with_anvil":2,"minecraft:climb_one_cm":14452,"minecraft:walk_one_cm":1428670,"minecraft:sneak_time":36405,"minecraft:walk_under_water_one_cm":129411,"minecraft:boat_one_cm":220456,"minecraft:total_world_time":461547,"minecraft:tune_noteblock":10,"minecraft:pot_flower":2,"minecraft:time_since_rest":26030,"minecraft:damage_taken":2828,"minecraft:swim_one_cm":115706,"minecraft:fly_one_cm":613345,"minecraft:open_chest":334,"minecraft:fall_one_cm":64582},"minecraft:crafted":{"minecraft:brick":12,"minecraft:oak_planks":224,"minecraft:oak_sign":3,"minecraft:birch_slab":24,"minecraft:glass":3,"minecraft:diamond_helmet":1,"minecraft:diamond_leggings":1,"minecraft:iron_boots":1,"minecraft:mossy_cobblestone_slab":6,"minecraft:decorated_pot":2,"minecraft:chest":10,"minecraft:birch_door":3,"minecraft:flower_pot":2,"minecraft:crafting_table":2,"minecraft:spruce_planks":168,"minecraft:iron_helmet":1,"minecraft:birch_planks":320,"minecraft:campfire":1,"minecraft:stick":64,"minecraft:iron_ingot":141,"minecraft:iron_pickaxe":6,"minecraft:iron_block":3,"minecraft:birch_stairs":12,"minecraft:furnace":3,"minecraft:bone_meal":24,"minecraft:moss_carpet":27,"minecraft:flint_and_steel":1,"minecraft:iron_axe":3,"minecraft:ladder":3,"minecraft:stone_pickaxe":2,"minecraft:diamond_boots":1,"minecraft:birch_sign":3,"minecraft:wheat":45,"minecraft:cooked_beef":67,"minecraft:red_dye":1,"minecraft:iron_sword":1,"minecraft:red_bed":1,"minecraft:bucket":1,"minecraft:air":0,"minecraft:oak_boat":1,"minecraft:birch_trapdoor":2,"minecraft:iron_shovel":1,"minecraft:iron_leggings":1,"minecraft:anvil":1,"minecraft:torch":196},"minecraft:mined":{"minecraft:large_amethyst_bud":1,"minecraft:spruce_planks":4,"minecraft:spruce_trapdoor":10,"minecraft:cave_vines_plant":5,"minecraft:granite":386,"minecraft:budding_amethyst":2,"minecraft:grass_block":50,"minecraft:tuff_bricks":8,"minecraft:iron_ore":94,"minecraft:cobbled_deepslate":13,"minecraft:moss_carpet":24,"minecraft:deepslate_lapis_ore":9,"minecraft:cave_vines":40,"minecraft:oak_sign":1,"minecraft:birch_wall_sign":1,"minecraft:azalea_leaves":4,"minecraft:azalea":24,"minecraft:deepslate_redstone_ore":9,"minecraft:red_bed":4,"minecraft:clay":17,"minecraft:torch":3,"minecraft:poppy":7,"minecraft:chest":3,"minecraft:cobblestone":35,"minecraft:sugar_cane":45,"minecraft:oak_planks":3,"minecraft:wall_torch":1,"minecraft:amethyst_block":14,"minecraft:birch_log":110,"minecraft:light_gray_stained_glass":2,"minecraft:birch_trapdoor":3,"minecraft:waxed_copper_block":2,"minecraft:birch_door":1,"minecraft:oak_log":67,"minecraft:waxed_oxidized_copper":3,"minecraft:sand":42,"minecraft:dirt":240,"minecraft:oak_leaves":23,"minecraft:deepslate":82,"minecraft:tuff":3,"minecraft:mossy_cobblestone":18,"minecraft:deepslate_diamond_ore":11,"minecraft:candle":10,"minecraft:decorated_pot":13,"minecraft:birch_slab":30,"minecraft:spruce_leaves":20,"minecraft:moss_block":127,"minecraft:spore_blossom":2,"minecraft:waxed_oxidized_cut_copper":1,"minecraft:furnace":2,"minecraft:carrots":1,"minecraft:waxed_copper_grate":2,"minecraft:andesite":217,"minecraft:peony":17,"minecraft:big_dripleaf_stem":4,"minecraft:deepslate_iron_ore":76,"minecraft:rail":1,"minecraft:stone":897,"minecraft:white_wool":1,"minecraft:flowering_azalea":33,"minecraft:dandelion":2,"minecraft:crafting_table":3,"minecraft:short_grass":34,"minecraft:rose_bush":1,"minecraft:campfire":1,"minecraft:tall_grass":28,"minecraft:copper_ore":12,"minecraft:deepslate_coal_ore":6,"minecraft:deepslate_gold_ore":3,"minecraft:diorite":83,"minecraft:big_dripleaf":10,"minecraft:birch_planks":93,"minecraft:spruce_log":97,"minecraft:birch_leaves":5,"minecraft:coal_ore":138,"minecraft:gravel":2,"minecraft:cobweb":1,"minecraft:small_dripleaf":2},"minecraft:picked_up":{"minecraft:birch_door":1,"minecraft:iron_chestplate":4,"minecraft:wheat":112,"minecraft:enchanted_book":2,"minecraft:amethyst_block":14,"minecraft:raw_copper":38,"minecraft:string":21,"minecraft:iron_leggings":1,"minecraft:red_candle":4,"minecraft:oak_sign":1,"minecraft:cobbled_deepslate":290,"minecraft:spruce_planks":4,"minecraft:trial_key":13,"minecraft:rose_bush":1,"minecraft:azalea":26,"minecraft:furnace":2,"minecraft:iron_boots":1,"minecraft:tipped_arrow":47,"minecraft:stick":26,"minecraft:birch_trapdoor":3,"minecraft:big_dripleaf":28,"minecraft:torch":16,"minecraft:waxed_copper_grate":2,"minecraft:diorite":81,"minecraft:honey_bottle":6,"minecraft:rotten_flesh":22,"minecraft:tropical_fish":13,"minecraft:cobblestone":915,"minecraft:birch_log":110,"minecraft:cooked_beef":13,"minecraft:birch_slab":32,"minecraft:andesite":211,"minecraft:flint":1,"minecraft:tuff":22,"minecraft:lapis_lazuli":65,"minecraft:dirt":290,"minecraft:bone":43,"minecraft:bow":10,"minecraft:wheat_seeds":6,"minecraft:raw_gold":3,"minecraft:moss_block":126,"minecraft:scrape_pottery_sherd":1,"minecraft:oak_planks":3,"minecraft:sand":44,"minecraft:mossy_cobblestone":17,"minecraft:sugar":2,"minecraft:diamond":11,"minecraft:granite":385,"minecraft:golden_apple":2,"minecraft:bread":13,"minecraft:emerald":28,"minecraft:oak_sapling":12,"minecraft:charcoal":2,"minecraft:waxed_oxidized_cut_copper":1,"minecraft:crafting_table":4,"minecraft:ominous_bottle":2,"minecraft:clay_ball":68,"minecraft:shield":2,"minecraft:brick":17,"minecraft:wind_charge":16,"minecraft:red_bed":6,"minecraft:moss_carpet":34,"minecraft:iron_axe":1,"minecraft:candle":25,"minecraft:beef":67,"minecraft:oak_boat":3,"minecraft:chiseled_tuff":1,"minecraft:poppy":7,"minecraft:sugar_cane":86,"minecraft:chest":3,"minecraft:birch_sapling":14,"minecraft:spruce_trapdoor":10,"minecraft:waxed_oxidized_copper":3,"minecraft:egg":3,"minecraft:raw_iron":166,"minecraft:copper_ingot":1,"minecraft:flow_pottery_sherd":2,"minecraft:trident":2,"minecraft:carrot":6,"minecraft:redstone":52,"minecraft:arrow":77,"minecraft:diamond_chestplate":2,"minecraft:decorated_pot":8,"minecraft:peony":34,"minecraft:tuff_bricks":21,"minecraft:glow_berries":19,"minecraft:mutton":2,"minecraft:white_wool":2,"minecraft:rail":1,"minecraft:golden_carrot":4,"minecraft:leather":32,"minecraft:birch_planks":93,"minecraft:oak_log":66,"minecraft:waxed_copper_block":3,"minecraft:gunpowder":3,"minecraft:cooked_mutton":2,"minecraft:apple":2,"minecraft:iron_ingot":13,"minecraft:spore_blossom":3,"minecraft:cooked_chicken":3,"minecraft:glass_bottle":1,"minecraft:iron_sword":2,"minecraft:flowering_azalea":36,"minecraft:smooth_basalt":2,"minecraft:quartz":93,"minecraft:dandelion":2,"minecraft:gravel":7,"minecraft:white_bed":1,"minecraft:spruce_log":95,"minecraft:spider_eye":6,"minecraft:iron_helmet":1,"minecraft:birch_sign":1,"minecraft:baked_potato":3,"minecraft:coal":189,"minecraft:chiseled_tuff_bricks":1},"minecraft:broken":{"minecraft:iron_shovel":1,"minecraft:stone_pickaxe":2,"minecraft:iron_axe":3,"minecraft:iron_pickaxe":7,"minecraft:iron_helmet":1},"minecraft:dropped":{"minecraft:iron_sword":1,"minecraft:cooked_beef":19,"minecraft:baked_potato":3,"minecraft:glass_bottle":1,"minecraft:crafting_table":1,"minecraft:glow_berries":3,"minecraft:leather":32,"minecraft:emerald":4,"minecraft:scrape_pottery_sherd":1,"minecraft:bone":1,"minecraft:cobbled_deepslate":7,"minecraft:rotten_flesh":19,"minecraft:oak_planks":1,"minecraft:honey_bottle":6,"minecraft:wind_charge":3,"minecraft:tipped_arrow":4,"minecraft:trident":1,"minecraft:gunpowder":5,"minecraft:chiseled_tuff":1,"minecraft:iron_ingot":11,"minecraft:bread":13,"minecraft:wheat_seeds":5,"minecraft:diamond_leggings":1,"minecraft:tropical_fish":5,"minecraft:stick":1,"minecraft:golden_carrot":2,"minecraft:diamond_helmet":1,"minecraft:string":23,"minecraft:tuff_bricks":18,"minecraft:flow_pottery_sherd":2,"minecraft:tuff":16,"minecraft:clay_ball":4,"minecraft:shield":1,"minecraft:spider_eye":5,"minecraft:diamond_boots":1,"minecraft:bow":8,"minecraft:brick":13},"minecraft:killed":{"minecraft:cave_spider":16,"minecraft:witch":1,"minecraft:spider":3,"minecraft:skeleton":10,"minecraft:piglin":1,"minecraft:creeper":6,"minecraft:sheep":1,"minecraft:zombie":22,"minecraft:stray":27,"minecraft:cow":34,"minecraft:drowned":2,"minecraft:husk":5,"minecraft:bat":1},"minecraft:used":{"minecraft:moss_block":19,"minecraft:peony":17,"minecraft:tuff_bricks":3,"minecraft:moss_carpet":51,"minecraft:iron_shovel":334,"minecraft:poppy":1,"minecraft:ladder":3,"minecraft:oak_sign":2,"minecraft:chest":13,"minecraft:decorated_pot":10,"minecraft:shield":29,"minecraft:iron_sword":258,"minecraft:carrot":5,"minecraft:waxed_copper_grate":2,"minecraft:tuff":6,"minecraft:axolotl_bucket":1,"minecraft:big_dripleaf":10,"minecraft:glass":3,"minecraft:waxed_oxidized_copper":3,"minecraft:mossy_cobblestone_slab":6,"minecraft:birch_trapdoor":4,"minecraft:bow":51,"minecraft:furnace":5,"minecraft:egg":3,"minecraft:diorite":11,"minecraft:stone_pickaxe":263,"minecraft:oak_planks":95,"minecraft:white_wool":1,"minecraft:glow_berries":4,"minecraft:birch_slab":54,"minecraft:bread":2,"minecraft:chiseled_tuff_bricks":1,"minecraft:andesite":27,"minecraft:birch_log":30,"minecraft:oak_boat":3,"minecraft:bone_meal":19,"minecraft:azalea":3,"minecraft:trident":4,"minecraft:flint_and_steel":4,"minecraft:spruce_planks":117,"minecraft:cooked_chicken":3,"minecraft:trial_key":12,"minecraft:torch":200,"minecraft:dirt":137,"minecraft:anvil":1,"minecraft:granite":42,"minecraft:birch_door":2,"minecraft:flowering_azalea":4,"minecraft:iron_axe":637,"minecraft:iron_boots":1,"minecraft:cooked_beef":40,"minecraft:cobbled_deepslate":159,"minecraft:cooked_mutton":2,"minecraft:water_bucket":17,"minecraft:birch_planks":240,"minecraft:waxed_oxidized_cut_copper":1,"minecraft:waxed_copper_block":3,"minecraft:rail":1,"minecraft:crafting_table":5,"minecraft:red_bed":7,"minecraft:birch_sign":1,"minecraft:campfire":1,"minecraft:spruce_log":39,"minecraft:oak_log":1,"minecraft:flower_pot":2,"minecraft:wind_charge":5,"minecraft:iron_pickaxe":1959,"minecraft:spruce_trapdoor":10,"minecraft:cobblestone":228,"minecraft:bucket":19,"minecraft:candle":17,"minecraft:splash_potion":1,"minecraft:birch_stairs":12}},"DataVersion":3953}