{"stats":{"minecraft:custom":{"minecraft:mob_kills":83,"minecraft:animals_bred":63,"minecraft:open_barrel":6,"minecraft:interact_with_crafting_table":46,"minecraft:leave_game":3,"minecraft:time_since_death":294425,"minecraft:climb_one_cm":7800,"minecraft:sprint_one_cm":451036,"minecraft:walk_one_cm":992083,"minecraft:drop":55,"minecraft:talked_to_villager":1,"minecraft:play_time":294425,"minecraft:sneak_time":26785,"minecraft:walk_under_water_one_cm":88269,"minecraft:boat_one_cm":113101,"minecraft:jump":3140,"minecraft:walk_on_water_one_cm":75578,"minecraft:total_world_time":294425,"minecraft:interact_with_furnace":34,"minecraft:pot_flower":1,"minecraft:sleep_in_bed":14,"minecraft:time_since_rest":36324,"minecraft:damage_taken":1626,"minecraft:damage_dealt":12252,"minecraft:swim_one_cm":80900,"minecraft:fly_one_cm":356463,"minecraft:open_chest":187,"minecraft:crouch_one_cm":78319,"minecraft:fall_one_cm":35001,"minecraft:inspect_dispenser":5},"minecraft:crafted":{"minecraft:brick":12,"minecraft:oak_planks":224,"minecraft:oak_sign":3,"minecraft:birch_slab":24,"minecraft:furnace":3,"minecraft:bone_meal":9,"minecraft:moss_carpet":27,"minecraft:glass":3,"minecraft:iron_axe":3,"minecraft:ladder":3,"minecraft:stone_pickaxe":2,"minecraft:decorated_pot":2,"minecraft:chest":10,"minecraft:birch_door":3,"minecraft:birch_sign":3,"minecraft:flower_pot":1,"minecraft:cooked_beef":67,"minecraft:red_dye":1,"minecraft:crafting_table":2,"minecraft:spruce_planks":168,"minecraft:red_bed":1,"minecraft:campfire":1,"minecraft:bucket":1,"minecraft:birch_planks":320,"minecraft:air":0,"minecraft:oak_boat":1,"minecraft:stick":52,"minecraft:iron_ingot":74,"minecraft:iron_pickaxe":6,"minecraft:birch_trapdoor":2,"minecraft:iron_shovel":1,"minecraft:torch":164,"minecraft:birch_stairs":12},"minecraft:mined":{"minecraft:tuff":2,"minecraft:spruce_planks":4,"minecraft:deepslate_diamond_ore":6,"minecraft:candle":7,"minecraft:spruce_trapdoor":10,"minecraft:cave_vines_plant":3,"minecraft:granite":333,"minecraft:grass_block":46,"minecraft:decorated_pot":11,"minecraft:birch_slab":30,"minecraft:spruce_leaves":9,"minecraft:moss_block":117,"minecraft:tuff_bricks":5,"minecraft:spore_blossom":2,"minecraft:waxed_oxidized_cut_copper":1,"minecraft:furnace":2,"minecraft:carrots":1,"minecraft:waxed_copper_grate":1,"minecraft:iron_ore":90,"minecraft:cobbled_deepslate":8,"minecraft:andesite":215,"minecraft:moss_carpet":20,"minecraft:deepslate_lapis_ore":9,"minecraft:peony":17,"minecraft:big_dripleaf_stem":4,"minecraft:cave_vines":36,"minecraft:deepslate_iron_ore":66,"minecraft:oak_sign":1,"minecraft:rail":1,"minecraft:birch_wall_sign":1,"minecraft:azalea_leaves":3,"minecraft:azalea":24,"minecraft:stone":734,"minecraft:deepslate_redstone_ore":9,"minecraft:flowering_azalea":33,"minecraft:red_bed":4,"minecraft:dandelion":2,"minecraft:clay":16,"minecraft:crafting_table":2,"minecraft:torch":2,"minecraft:short_grass":28,"minecraft:poppy":7,"minecraft:chest":3,"minecraft:campfire":1,"minecraft:tall_grass":28,"minecraft:copper_ore":12,"minecraft:cobblestone":8,"minecraft:deepslate_coal_ore":6,"minecraft:deepslate_gold_ore":3,"minecraft:oak_planks":3,"minecraft:diorite":65,"minecraft:wall_torch":1,"minecraft:big_dripleaf":10,"minecraft:birch_planks":87,"minecraft:birch_log":110,"minecraft:birch_trapdoor":3,"minecraft:spruce_log":83,"minecraft:birch_leaves":5,"minecraft:birch_door":1,"minecraft:oak_log":67,"minecraft:coal_ore":129,"minecraft:gravel":2,"minecraft:sand":41,"minecraft:dirt":239,"minecraft:cobweb":1,"minecraft:small_dripleaf":2,"minecraft:oak_leaves":23,"minecraft:deepslate":71},"minecraft:picked_up":{"minecraft:birch_door":1,"minecraft:charcoal":2,"minecraft:crafting_table":3,"minecraft:iron_chestplate":1,"minecraft:wheat":112,"minecraft:clay_ball":64,"minecraft:enchanted_book":1,"minecraft:shield":1,"minecraft:brick":14,"minecraft:moss_carpet":29,"minecraft:red_bed":6,"minecraft:string":17,"minecraft:raw_copper":38,"minecraft:red_candle":4,"minecraft:iron_leggings":1,"minecraft:oak_sign":1,"minecraft:candle":19,"minecraft:cobbled_deepslate":83,"minecraft:spruce_planks":4,"minecraft:beef":67,"minecraft:trial_key":1,"minecraft:azalea":26,"minecraft:poppy":7,"minecraft:chest":3,"minecraft:birch_sapling":14,"minecraft:spruce_trapdoor":10,"minecraft:furnace":2,"minecraft:iron_boots":1,"minecraft:egg":3,"minecraft:tipped_arrow":16,"minecraft:stick":25,"minecraft:raw_iron":153,"minecraft:copper_ingot":1,"minecraft:big_dripleaf":25,"minecraft:birch_trapdoor":3,"minecraft:torch":11,"minecraft:flow_pottery_sherd":1,"minecraft:waxed_copper_grate":1,"minecraft:diorite":63,"minecraft:carrot":6,"minecraft:redstone":48,"minecraft:honey_bottle":4,"minecraft:arrow":29,"minecraft:rotten_flesh":17,"minecraft:tropical_fish":5,"minecraft:decorated_pot":6,"minecraft:peony":34,"minecraft:tuff_bricks":12,"minecraft:glow_berries":15,"minecraft:rail":1,"minecraft:cobblestone":725,"minecraft:birch_log":110,"minecraft:cooked_beef":13,"minecraft:birch_slab":32,"minecraft:andesite":209,"minecraft:leather":32,"minecraft:birch_planks":87,"minecraft:flint":1,"minecraft:tuff":5,"minecraft:oak_log":66,"minecraft:lapis_lazuli":65,"minecraft:dirt":286,"minecraft:cooked_mutton":2,"minecraft:bone":12,"minecraft:apple":2,"minecraft:iron_ingot":1,"minecraft:bow":1,"minecraft:raw_gold":3,"minecraft:wheat_seeds":6,"minecraft:spore_blossom":3,"minecraft:cooked_chicken":1,"minecraft:scrape_pottery_sherd":1,"minecraft:moss_block":115,"minecraft:iron_sword":2,"minecraft:flowering_azalea":36,"minecraft:oak_planks":2,"minecraft:quartz":22,"minecraft:dandelion":2,"minecraft:gravel":7,"minecraft:sand":43,"minecraft:spruce_log":80,"minecraft:white_bed":1,"minecraft:spider_eye":4,"minecraft:sugar":2,"minecraft:diamond":6,"minecraft:iron_helmet":1,"minecraft:granite":332,"minecraft:birch_sign":1,"minecraft:emerald":4,"minecraft:oak_sapling":12,"minecraft:coal":180,"minecraft:waxed_oxidized_cut_copper":1},"minecraft:broken":{"minecraft:iron_shovel":1,"minecraft:stone_pickaxe":2,"minecraft:iron_axe":3,"minecraft:iron_pickaxe":6},"minecraft:dropped":{"minecraft:iron_sword":1,"minecraft:wheat_seeds":5,"minecraft:crafting_table":1,"minecraft:glow_berries":1,"minecraft:leather":32,"minecraft:tropical_fish":5,"minecraft:scrape_pottery_sherd":1,"minecraft:string":22,"minecraft:tuff_bricks":12,"minecraft:flow_pottery_sherd":1,"minecraft:cobbled_deepslate":4,"minecraft:rotten_flesh":16,"minecraft:gunpowder":5,"minecraft:spider_eye":4,"minecraft:brick":10},"minecraft:killed":{"minecraft:cave_spider":14,"minecraft:witch":1,"minecraft:spider":2,"minecraft:skeleton":5,"minecraft:drowned":2,"minecraft:husk":1,"minecraft:bat":1,"minecraft:creeper":3,"minecraft:zombie":19,"minecraft:cow":34},"minecraft:used":{"minecraft:azalea":3,"minecraft:peony":17,"minecraft:moss_block":16,"minecraft:moss_carpet":48,"minecraft:iron_shovel":334,"minecraft:poppy":1,"minecraft:ladder":3,"minecraft:oak_sign":2,"minecraft:chest":13,"minecraft:decorated_pot":5,"minecraft:spruce_planks":117,"minecraft:iron_sword":119,"minecraft:cooked_chicken":1,"minecraft:trial_key":1,"minecraft:torch":160,"minecraft:dirt":135,"minecraft:carrot":5,"minecraft:waxed_copper_grate":1,"minecraft:tuff":5,"minecraft:granite":42,"minecraft:axolotl_bucket":1,"minecraft:big_dripleaf":10,"minecraft:birch_door":2,"minecraft:glass":3,"minecraft:flowering_azalea":4,"minecraft:iron_axe":591,"minecraft:birch_trapdoor":4,"minecraft:furnace":5,"minecraft:egg":3,"minecraft:cooked_beef":23,"minecraft:cobbled_deepslate":77,"minecraft:cooked_mutton":2,"minecraft:water_bucket":15,"minecraft:diorite":11,"minecraft:birch_planks":240,"minecraft:stone_pickaxe":263,"minecraft:oak_planks":95,"minecraft:waxed_oxidized_cut_copper":1,"minecraft:glow_berries":2,"minecraft:rail":1,"minecraft:crafting_table":4,"minecraft:birch_sign":1,"minecraft:red_bed":7,"minecraft:campfire":1,"minecraft:spruce_log":38,"minecraft:oak_log":1,"minecraft:flower_pot":1,"minecraft:birch_slab":54,"minecraft:bread":2,"minecraft:iron_pickaxe":1602,"minecraft:spruce_trapdoor":10,"minecraft:cobblestone":162,"minecraft:andesite":27,"minecraft:bucket":17,"minecraft:birch_log":30,"minecraft:oak_boat":1,"minecraft:splash_potion":1,"minecraft:bone_meal":9,"minecraft:birch_stairs":12}},"DataVersion":3953}