{"stats":{"minecraft:custom":{"minecraft:mob_kills":61,"minecraft:animals_bred":63,"minecraft:interact_with_crafting_table":43,"minecraft:leave_game":3,"minecraft:time_since_death":246425,"minecraft:climb_one_cm":4934,"minecraft:sprint_one_cm":384420,"minecraft:walk_one_cm":776960,"minecraft:drop":18,"minecraft:talked_to_villager":1,"minecraft:play_time":246425,"minecraft:sneak_time":24516,"minecraft:walk_under_water_one_cm":68533,"minecraft:boat_one_cm":111858,"minecraft:jump":2662,"minecraft:walk_on_water_one_cm":49470,"minecraft:total_world_time":246425,"minecraft:interact_with_furnace":32,"minecraft:pot_flower":1,"minecraft:sleep_in_bed":13,"minecraft:time_since_rest":28437,"minecraft:damage_taken":969,"minecraft:damage_dealt":9220,"minecraft:swim_one_cm":56914,"minecraft:fly_one_cm":326104,"minecraft:open_chest":125,"minecraft:crouch_one_cm":71615,"minecraft:fall_one_cm":26948},"minecraft:crafted":{"minecraft:brick":12,"minecraft:oak_planks":224,"minecraft:oak_sign":3,"minecraft:birch_slab":24,"minecraft:furnace":1,"minecraft:bone_meal":3,"minecraft:moss_carpet":15,"minecraft:glass":3,"minecraft:iron_axe":3,"minecraft:ladder":3,"minecraft:stone_pickaxe":2,"minecraft:decorated_pot":2,"minecraft:chest":8,"minecraft:birch_door":3,"minecraft:birch_sign":3,"minecraft:flower_pot":1,"minecraft:cooked_beef":67,"minecraft:red_dye":1,"minecraft:crafting_table":2,"minecraft:spruce_planks":168,"minecraft:red_bed":1,"minecraft:campfire":1,"minecraft:bucket":1,"minecraft:birch_planks":320,"minecraft:air":0,"minecraft:oak_boat":1,"minecraft:stick":48,"minecraft:iron_ingot":74,"minecraft:iron_pickaxe":6,"minecraft:birch_trapdoor":2,"minecraft:iron_shovel":1,"minecraft:torch":140,"minecraft:birch_stairs":12},"minecraft:mined":{"minecraft:tuff":2,"minecraft:spruce_planks":4,"minecraft:deepslate_diamond_ore":6,"minecraft:spruce_trapdoor":10,"minecraft:cave_vines_plant":3,"minecraft:granite":333,"minecraft:grass_block":42,"minecraft:decorated_pot":3,"minecraft:birch_slab":30,"minecraft:spruce_leaves":9,"minecraft:moss_block":94,"minecraft:spore_blossom":2,"minecraft:furnace":2,"minecraft:carrots":1,"minecraft:iron_ore":63,"minecraft:cobbled_deepslate":8,"minecraft:andesite":215,"minecraft:moss_carpet":14,"minecraft:deepslate_lapis_ore":1,"minecraft:peony":17,"minecraft:big_dripleaf_stem":2,"minecraft:cave_vines":34,"minecraft:deepslate_iron_ore":27,"minecraft:oak_sign":1,"minecraft:rail":1,"minecraft:birch_wall_sign":1,"minecraft:azalea":21,"minecraft:stone":723,"minecraft:deepslate_redstone_ore":2,"minecraft:flowering_azalea":28,"minecraft:red_bed":4,"minecraft:dandelion":2,"minecraft:clay":15,"minecraft:crafting_table":2,"minecraft:torch":2,"minecraft:short_grass":19,"minecraft:poppy":6,"minecraft:chest":1,"minecraft:campfire":1,"minecraft:tall_grass":9,"minecraft:copper_ore":12,"minecraft:cobblestone":8,"minecraft:deepslate_coal_ore":6,"minecraft:oak_planks":3,"minecraft:diorite":65,"minecraft:wall_torch":1,"minecraft:big_dripleaf":8,"minecraft:birch_planks":83,"minecraft:birch_log":110,"minecraft:birch_trapdoor":3,"minecraft:spruce_log":83,"minecraft:birch_leaves":5,"minecraft:birch_door":1,"minecraft:oak_log":60,"minecraft:coal_ore":129,"minecraft:gravel":2,"minecraft:sand":21,"minecraft:dirt":232,"minecraft:cobweb":1,"minecraft:oak_leaves":23,"minecraft:deepslate":69},"minecraft:picked_up":{"minecraft:birch_door":1,"minecraft:charcoal":2,"minecraft:crafting_table":3,"minecraft:iron_chestplate":1,"minecraft:wheat":112,"minecraft:clay_ball":60,"minecraft:brick":4,"minecraft:moss_carpet":20,"minecraft:red_bed":6,"minecraft:string":3,"minecraft:raw_copper":38,"minecraft:iron_leggings":1,"minecraft:oak_sign":1,"minecraft:cobbled_deepslate":79,"minecraft:spruce_planks":4,"minecraft:beef":67,"minecraft:azalea":23,"minecraft:poppy":6,"minecraft:chest":1,"minecraft:birch_sapling":14,"minecraft:spruce_trapdoor":10,"minecraft:furnace":2,"minecraft:iron_boots":1,"minecraft:egg":2,"minecraft:stick":25,"minecraft:raw_iron":90,"minecraft:copper_ingot":1,"minecraft:big_dripleaf":15,"minecraft:birch_trapdoor":3,"minecraft:torch":11,"minecraft:diorite":63,"minecraft:carrot":5,"minecraft:redstone":16,"minecraft:arrow":7,"minecraft:rotten_flesh":11,"minecraft:tropical_fish":5,"minecraft:decorated_pot":2,"minecraft:peony":34,"minecraft:glow_berries":11,"minecraft:rail":1,"minecraft:cobblestone":712,"minecraft:birch_log":110,"minecraft:cooked_beef":13,"minecraft:birch_slab":32,"minecraft:andesite":209,"minecraft:leather":32,"minecraft:birch_planks":83,"minecraft:tuff":5,"minecraft:oak_log":59,"minecraft:lapis_lazuli":9,"minecraft:dirt":275,"minecraft:cooked_mutton":2,"minecraft:bone":7,"minecraft:apple":2,"minecraft:bow":1,"minecraft:wheat_seeds":3,"minecraft:spore_blossom":3,"minecraft:cooked_chicken":1,"minecraft:moss_block":92,"minecraft:iron_sword":1,"minecraft:flowering_azalea":29,"minecraft:oak_planks":2,"minecraft:quartz":22,"minecraft:dandelion":2,"minecraft:gravel":2,"minecraft:sand":23,"minecraft:spruce_log":80,"minecraft:white_bed":1,"minecraft:spider_eye":1,"minecraft:sugar":2,"minecraft:diamond":6,"minecraft:iron_helmet":1,"minecraft:granite":332,"minecraft:birch_sign":1,"minecraft:oak_sapling":12,"minecraft:coal":180},"minecraft:broken":{"minecraft:iron_shovel":1,"minecraft:stone_pickaxe":2,"minecraft:iron_axe":2,"minecraft:iron_pickaxe":5},"minecraft:dropped":{"minecraft:wheat_seeds":2,"minecraft:crafting_table":1,"minecraft:leather":32,"minecraft:tropical_fish":5,"minecraft:string":8,"minecraft:rotten_flesh":10,"minecraft:gunpowder":5,"minecraft:spider_eye":1},"minecraft:killed":{"minecraft:witch":1,"minecraft:spider":2,"minecraft:skeleton":5,"minecraft:drowned":2,"minecraft:creeper":3,"minecraft:zombie":13,"minecraft:cow":34},"minecraft:used":{"minecraft:peony":17,"minecraft:moss_block":2,"minecraft:moss_carpet":35,"minecraft:iron_shovel":314,"minecraft:ladder":3,"minecraft:oak_sign":2,"minecraft:chest":9,"minecraft:decorated_pot":4,"minecraft:spruce_planks":117,"minecraft:iron_sword":108,"minecraft:cooked_chicken":1,"minecraft:torch":128,"minecraft:dirt":110,"minecraft:carrot":5,"minecraft:tuff":5,"minecraft:granite":42,"minecraft:birch_door":2,"minecraft:glass":3,"minecraft:flowering_azalea":2,"minecraft:iron_axe":473,"minecraft:birch_trapdoor":4,"minecraft:furnace":3,"minecraft:egg":2,"minecraft:cooked_beef":15,"minecraft:cobbled_deepslate":77,"minecraft:cooked_mutton":2,"minecraft:water_bucket":1,"minecraft:diorite":11,"minecraft:birch_planks":232,"minecraft:stone_pickaxe":263,"minecraft:oak_planks":94,"minecraft:glow_berries":2,"minecraft:rail":1,"minecraft:crafting_table":4,"minecraft:birch_sign":1,"minecraft:red_bed":7,"minecraft:campfire":1,"minecraft:spruce_log":38,"minecraft:flower_pot":1,"minecraft:birch_slab":54,"minecraft:bread":2,"minecraft:iron_pickaxe":1493,"minecraft:spruce_trapdoor":10,"minecraft:cobblestone":137,"minecraft:andesite":27,"minecraft:bucket":2,"minecraft:birch_log":30,"minecraft:oak_boat":1,"minecraft:bone_meal":3,"minecraft:birch_stairs":12}},"DataVersion":3953}