{"stats":{"minecraft:custom":{"minecraft:animals_bred":8,"minecraft:interact_with_crafting_table":111,"minecraft:open_barrel":6,"minecraft:leave_game":41,"minecraft:time_since_death":388055,"minecraft:sprint_one_cm":2572077,"minecraft:damage_blocked_by_shield":385,"minecraft:drop":201,"minecraft:talked_to_villager":77,"minecraft:play_time":825853,"minecraft:deaths":6,"minecraft:jump":15475,"minecraft:walk_on_water_one_cm":98108,"minecraft:enchant_item":21,"minecraft:interact_with_furnace":278,"minecraft:play_record":1,"minecraft:traded_with_villager":212,"minecraft:sleep_in_bed":1,"minecraft:damage_dealt":64921,"minecraft:crouch_one_cm":240058,"minecraft:interact_with_smoker":36,"minecraft:inspect_dispenser":4,"minecraft:interact_with_smithing_table":1,"minecraft:interact_with_anvil":21,"minecraft:mob_kills":405,"minecraft:climb_one_cm":10026,"minecraft:walk_one_cm":2378793,"minecraft:sneak_time":60516,"minecraft:walk_under_water_one_cm":43052,"minecraft:boat_one_cm":228559,"minecraft:interact_with_blast_furnace":15,"minecraft:total_world_time":825853,"minecraft:interact_with_grindstone":5,"minecraft:time_since_rest":388123,"minecraft:damage_taken":11420,"minecraft:swim_one_cm":186842,"minecraft:fly_one_cm":2691488,"minecraft:open_chest":1045,"minecraft:fall_one_cm":339358},"minecraft:crafted":{"minecraft:grindstone":1,"minecraft:smooth_stone":9,"minecraft:oak_planks":2652,"minecraft:cooked_chicken":5,"minecraft:stone":12,"minecraft:diamond_shovel":1,"minecraft:bookshelf":1,"minecraft:cooked_mutton":13,"minecraft:quartz_block":827,"minecraft:diamond_helmet":2,"minecraft:diamond_leggings":1,"minecraft:iron_boots":1,"minecraft:chest":12,"minecraft:netherite_upgrade_smithing_template":14,"minecraft:smoker":2,"minecraft:emerald":199,"minecraft:cooked_porkchop":19,"minecraft:diamond_axe":2,"minecraft:crafting_table":11,"minecraft:spruce_planks":432,"minecraft:iron_helmet":1,"minecraft:wooden_pickaxe":3,"minecraft:baked_potato":400,"minecraft:smithing_table":1,"minecraft:golden_pickaxe":4,"minecraft:birch_planks":532,"minecraft:iron_chestplate":1,"minecraft:book":28,"minecraft:wooden_hoe":1,"minecraft:paper":120,"minecraft:diamond_pickaxe":2,"minecraft:shield":2,"minecraft:stick":6144,"minecraft:stone_slab":6,"minecraft:iron_ingot":400,"minecraft:iron_pickaxe":11,"minecraft:iron_block":3,"minecraft:stone_sword":1,"minecraft:gold_ingot":130,"minecraft:netherite_ingot":2,"minecraft:wooden_sword":1,"minecraft:stone_shovel":1,"minecraft:smooth_stone_slab":6,"minecraft:jukebox":1,"minecraft:furnace":10,"minecraft:blast_furnace":2,"minecraft:iron_axe":1,"minecraft:iron_hoe":1,"minecraft:stone_pickaxe":8,"minecraft:diamond_boots":1,"minecraft:spruce_boat":1,"minecraft:netherite_scrap":9,"minecraft:wheat":54,"minecraft:cooked_beef":30,"minecraft:diamond_sword":1,"minecraft:iron_sword":2,"minecraft:stone_axe":2,"minecraft:enchanted_book":12,"minecraft:air":0,"minecraft:bread":4,"minecraft:oak_boat":2,"minecraft:gold_nugget":1,"minecraft:wooden_axe":1,"minecraft:iron_shovel":14,"minecraft:iron_leggings":1,"minecraft:anvil":1,"minecraft:white_bed":1,"minecraft:torch":156,"minecraft:diamond_chestplate":1},"minecraft:broken":{"minecraft:iron_shovel":13,"minecraft:stone_pickaxe":4,"minecraft:iron_sword":1,"minecraft:iron_axe":1,"minecraft:iron_pickaxe":9,"minecraft:iron_helmet":1,"minecraft:golden_pickaxe":4},"minecraft:killed":{"minecraft:cave_spider":15,"minecraft:spider":19,"minecraft:skeleton":31,"minecraft:chicken":7,"minecraft:piglin_brute":4,"minecraft:magma_cube":20,"minecraft:piglin":33,"minecraft:pig":10,"minecraft:zombie_villager":2,"minecraft:creeper":17,"minecraft:sheep":13,"minecraft:trader_llama":2,"minecraft:zombie":46,"minecraft:stray":78,"minecraft:blaze":15,"minecraft:cow":25,"minecraft:slime":5,"minecraft:phantom":7,"minecraft:drowned":6,"minecraft:husk":14,"minecraft:bat":5,"minecraft:wandering_trader":1,"minecraft:hoglin":3,"minecraft:breeze":1,"minecraft:wither_skeleton":9,"minecraft:enderman":2},"minecraft:mined":{"minecraft:spruce_planks":3,"minecraft:white_bed":1,"minecraft:farmland":160,"minecraft:cobblestone_stairs":3,"minecraft:cave_vines_plant":1,"minecraft:granite":16,"minecraft:grass_block":7217,"minecraft:cracked_polished_blackstone_bricks":7,"minecraft:nether_wart":13,"minecraft:tuff_bricks":16,"minecraft:spawner":1,"minecraft:tall_seagrass":1,"minecraft:polished_blackstone_bricks":8,"minecraft:weeping_vines_plant":2,"minecraft:magma_block":54,"minecraft:glowstone":2,"minecraft:iron_ore":163,"minecraft:cobbled_deepslate":10,"minecraft:fire":41,"minecraft:polished_tuff":2,"minecraft:pumpkin":1,"minecraft:deepslate_lapis_ore":10,"minecraft:nether_brick_stairs":4,"minecraft:enchanting_table":1,"minecraft:dirt_path":10,"minecraft:iron_bars":1,"minecraft:polished_tuff_slab":1,"minecraft:deepslate_redstone_ore":26,"minecraft:red_bed":1,"minecraft:blackstone":199,"minecraft:kelp_plant":1,"minecraft:crimson_nylium":23,"minecraft:clay":8,"minecraft:torch":20,"minecraft:chest":2,"minecraft:nether_quartz_ore":2615,"minecraft:cobblestone":30,"minecraft:oak_planks":2,"minecraft:sugar_cane":89,"minecraft:wall_torch":7,"minecraft:seagrass":1,"minecraft:waxed_copper_bulb":3,"minecraft:nether_wart_block":2,"minecraft:birch_log":114,"minecraft:waxed_oxidized_cut_copper_stairs":1,"minecraft:jukebox":1,"minecraft:waxed_copper_block":5,"minecraft:oak_log":689,"minecraft:waxed_oxidized_copper":3,"minecraft:sand":170,"minecraft:dirt":6812,"minecraft:ancient_debris":6,"minecraft:dispenser":1,"minecraft:netherrack":4427,"minecraft:oak_leaves":82,"minecraft:deepslate":2562,"minecraft:nether_gold_ore":146,"minecraft:tuff":237,"minecraft:deepslate_diamond_ore":90,"minecraft:nether_bricks":46,"minecraft:weeping_vines":2,"minecraft:moss_block":1,"minecraft:kelp":1,"minecraft:sandstone":11,"minecraft:crimson_stem":2,"minecraft:hay_block":4,"minecraft:furnace":17,"minecraft:carrots":80,"minecraft:waxed_copper_grate":1,"minecraft:andesite":6,"minecraft:gold_block":2,"minecraft:chiseled_tuff":1,"minecraft:nether_brick_fence":6,"minecraft:bookshelf":1,"minecraft:potatoes":128,"minecraft:deepslate_iron_ore":51,"minecraft:rail":1,"minecraft:stone":3446,"minecraft:soul_sand":50,"minecraft:basalt":486,"minecraft:crafting_table":19,"minecraft:short_grass":113,"minecraft:copper_ore":15,"minecraft:tall_grass":14,"minecraft:red_glazed_terracotta":1,"minecraft:deepslate_gold_ore":57,"minecraft:lapis_ore":6,"minecraft:diorite":80,"minecraft:blue_bed":1,"minecraft:birch_planks":1,"minecraft:ice":3,"minecraft:spruce_log":112,"minecraft:birch_leaves":4,"minecraft:coal_ore":444,"minecraft:gravel":127,"minecraft:cobweb":4,"minecraft:gold_ore":8,"minecraft:fern":1},"minecraft:dropped":{"minecraft:iron_sword":1,"minecraft:brown_mushroom":5,"minecraft:birch_planks":10,"minecraft:ominous_bottle":2,"minecraft:baked_potato":10,"minecraft:glass_bottle":1,"minecraft:crossbow":3,"minecraft:saddle":1,"minecraft:red_mushroom":5,"minecraft:emerald":9,"minecraft:dirt":641,"minecraft:sand":10,"minecraft:iron_pickaxe":1,"minecraft:birch_log":3,"minecraft:gravel":4,"minecraft:stone_axe":2,"minecraft:cooked_chicken":1,"minecraft:cobbled_deepslate":590,"minecraft:wheat":1,"minecraft:birch_sapling":3,"minecraft:rotten_flesh":39,"minecraft:oak_planks":14,"minecraft:diamond_shovel":3,"minecraft:nether_brick_fence":6,"minecraft:waxed_copper_block":1,"minecraft:wind_charge":20,"minecraft:tipped_arrow":3,"minecraft:beetroot_seeds":4,"minecraft:spruce_slab":10,"minecraft:basalt":64,"minecraft:arrow":5,"minecraft:netherrack":128,"minecraft:enchanted_book":2,"minecraft:iron_ingot":1,"minecraft:bread":10,"minecraft:oak_slab":8,"minecraft:wheat_seeds":20,"minecraft:golden_horse_armor":1,"minecraft:waxed_oxidized_cut_copper_stairs":1,"minecraft:diamond_leggings":2,"minecraft:poisonous_potato":2,"minecraft:cobblestone":13,"minecraft:book":2,"minecraft:waxed_copper_grate":1,"minecraft:granite":6,"minecraft:stick":1,"minecraft:wooden_axe":1,"minecraft:waxed_copper_bulb":3,"minecraft:waxed_oxidized_copper":1,"minecraft:diamond_helmet":1,"minecraft:iron_axe":7,"minecraft:iron_shovel":1,"minecraft:string":11,"minecraft:kelp":1,"minecraft:tuff_bricks":8,"minecraft:stone_sword":1,"minecraft:raw_copper":3,"minecraft:polished_tuff_slab":1,"minecraft:tuff":1,"minecraft:stone_shovel":1,"minecraft:nether_bricks":1,"minecraft:filled_map":1,"minecraft:mud_bricks":1,"minecraft:shield":1,"minecraft:trial_key":1,"minecraft:diamond_chestplate":1,"minecraft:spruce_planks":5,"minecraft:iron_chestplate":4,"minecraft:andesite":2,"minecraft:oak_sapling":7,"minecraft:golden_sword":3,"minecraft:spider_eye":13,"minecraft:spruce_log":2,"minecraft:diamond_boots":1,"minecraft:sandstone":11,"minecraft:bow":11,"minecraft:stone_pickaxe":1,"minecraft:wooden_pickaxe":4,"minecraft:brick":4},"minecraft:used":{"minecraft:iron_shovel":3361,"minecraft:chest":13,"minecraft:shield":9,"minecraft:iron_sword":300,"minecraft:rotten_flesh":5,"minecraft:iron_chestplate":1,"minecraft:nether_bricks":8,"minecraft:carrot":105,"minecraft:tuff":10,"minecraft:spruce_boat":2,"minecraft:waxed_oxidized_copper":1,"minecraft:quartz_block":1,"minecraft:hay_block":4,"minecraft:furnace":21,"minecraft:cooked_cod":6,"minecraft:egg":11,"minecraft:potato":204,"minecraft:diorite":23,"minecraft:oak_planks":1,"minecraft:stone_pickaxe":655,"minecraft:wooden_pickaxe":24,"minecraft:diamond_axe":64,"minecraft:glow_berries":1,"minecraft:blast_furnace":2,"minecraft:bread":10,"minecraft:gravel":1,"minecraft:diamond_sword":614,"minecraft:wooden_sword":1,"minecraft:grindstone":1,"minecraft:smithing_table":1,"minecraft:oak_boat":5,"minecraft:golden_pickaxe":128,"minecraft:enchanting_table":1,"minecraft:stone_sword":40,"minecraft:stone_shovel":38,"minecraft:spruce_planks":4,"minecraft:trial_key":13,"minecraft:cooked_chicken":5,"minecraft:netherrack":1363,"minecraft:torch":162,"minecraft:dirt":2288,"minecraft:anvil":1,"minecraft:diamond_helmet":2,"minecraft:granite":1,"minecraft:iron_hoe":186,"minecraft:wooden_axe":28,"minecraft:bookshelf":1,"minecraft:iron_axe":860,"minecraft:diamond_chestplate":1,"minecraft:basalt":1,"minecraft:cooked_beef":30,"minecraft:cobbled_deepslate":293,"minecraft:iron_leggings":1,"minecraft:cooked_mutton":13,"minecraft:water_bucket":8,"minecraft:cobblestone_stairs":2,"minecraft:birch_planks":1,"minecraft:baked_potato":179,"minecraft:rail":5,"minecraft:crafting_table":27,"minecraft:white_bed":2,"minecraft:smoker":2,"minecraft:wooden_hoe":7,"minecraft:diamond_pickaxe":12197,"minecraft:diamond_shovel":11212,"minecraft:chicken":1,"minecraft:iron_pickaxe":2383,"minecraft:stone_axe":147,"minecraft:cobblestone":196,"minecraft:cooked_porkchop":13,"minecraft:bucket":8,"minecraft:jukebox":2},"minecraft:killed_by":{"minecraft:creeper":1,"minecraft:skeleton":4},"minecraft:picked_up":{"minecraft:iron_chestplate":5,"minecraft:nether_brick_fence":12,"minecraft:lead":2,"minecraft:enchanted_book":5,"minecraft:gilded_blackstone":15,"minecraft:golden_sword":4,"minecraft:string":37,"minecraft:raw_copper":51,"minecraft:red_candle":3,"minecraft:netherite_ingot":1,"minecraft:diamond_leggings":1,"minecraft:gold_nugget":612,"minecraft:cobbled_deepslate":1178,"minecraft:spruce_planks":139,"minecraft:trial_key":30,"minecraft:netherite_upgrade_smithing_template":1,"minecraft:iron_pickaxe":2,"minecraft:furnace":20,"minecraft:tipped_arrow":84,"minecraft:stick":46,"minecraft:jukebox":1,"minecraft:torch":72,"minecraft:porkchop":28,"minecraft:waxed_copper_grate":1,"minecraft:diorite":71,"minecraft:honey_bottle":16,"minecraft:rotten_flesh":79,"minecraft:blaze_rod":8,"minecraft:snowball":30,"minecraft:cobblestone":2942,"minecraft:birch_log":114,"minecraft:enchanting_table":1,"minecraft:magma_block":33,"minecraft:feather":9,"minecraft:cooked_beef":3,"minecraft:magma_cream":6,"minecraft:water_bucket":1,"minecraft:andesite":7,"minecraft:brown_wool":2,"minecraft:potato":543,"minecraft:flint":6,"minecraft:tuff":9,"minecraft:lapis_lazuli":104,"minecraft:dirt":9570,"minecraft:bone":120,"minecraft:bow":13,"minecraft:wheat_seeds":148,"minecraft:raw_gold":122,"minecraft:bolt_armor_trim_smithing_template":2,"minecraft:guster_banner_pattern":3,"minecraft:glowstone_dust":3,"minecraft:oak_planks":25,"minecraft:poisonous_potato":2,"minecraft:waxed_chiseled_copper":1,"minecraft:sand":217,"minecraft:nether_brick_stairs":2,"minecraft:spectral_arrow":35,"minecraft:diamond":160,"minecraft:spruce_boat":2,"minecraft:cracked_polished_blackstone_bricks":7,"minecraft:granite":16,"minecraft:crossbow":3,"minecraft:breeze_rod":2,"minecraft:golden_apple":1,"minecraft:emerald":27,"minecraft:bread":10,"minecraft:music_disc_precipice":2,"minecraft:oak_sapling":63,"minecraft:netherrack":3743,"minecraft:diamond_pickaxe":1,"minecraft:crafting_table":21,"minecraft:azure_bluet":2,"minecraft:ominous_bottle":5,"minecraft:chicken":7,"minecraft:nether_wart":58,"minecraft:clay_ball":4,"minecraft:brown_mushroom":6,"minecraft:wooden_pickaxe":1,"minecraft:gold_block":2,"minecraft:brick":20,"minecraft:shield":5,"minecraft:wind_charge":35,"minecraft:cornflower":4,"minecraft:iron_axe":7,"minecraft:iron_shovel":1,"minecraft:blackstone":183,"minecraft:beef":75,"minecraft:oak_boat":4,"minecraft:chiseled_tuff":2,"minecraft:poppy":1,"minecraft:spruce_slab":10,"minecraft:chest":1,"minecraft:sugar_cane":150,"minecraft:birch_sapling":9,"minecraft:waxed_oxidized_copper":2,"minecraft:phantom_membrane":5,"minecraft:egg":13,"minecraft:raw_iron":385,"minecraft:sandstone":11,"minecraft:polished_blackstone_bricks":3,"minecraft:flow_pottery_sherd":1,"minecraft:trident":1,"minecraft:carrot":231,"minecraft:redstone":123,"minecraft:arrow":128,"minecraft:weeping_vines":2,"minecraft:diamond_chestplate":3,"minecraft:nether_bricks":44,"minecraft:diamond_boots":1,"minecraft:hay_block":4,"minecraft:waxed_oxidized_cut_copper_stairs":1,"minecraft:tuff_bricks":14,"minecraft:glow_berries":1,"minecraft:mutton":27,"minecraft:rail":5,"minecraft:white_wool":13,"minecraft:oxeye_daisy":1,"minecraft:mud_bricks":1,"minecraft:basalt":476,"minecraft:crimson_stem":2,"minecraft:leather":28,"minecraft:red_mushroom":5,"minecraft:birch_planks":1,"minecraft:waxed_copper_bulb":3,"minecraft:oak_log":683,"minecraft:waxed_copper_block":5,"minecraft:ancient_debris":8,"minecraft:nether_wart_block":2,"minecraft:gunpowder":19,"minecraft:cobblestone_stairs":3,"minecraft:apple":11,"minecraft:kelp":1,"minecraft:iron_ingot":10,"minecraft:polished_tuff_slab":1,"minecraft:cooked_chicken":1,"minecraft:glass_bottle":1,"minecraft:iron_sword":2,"minecraft:soul_sand":50,"minecraft:book":5,"minecraft:oak_slab":8,"minecraft:pumpkin":1,"minecraft:quartz":3431,"minecraft:dandelion":16,"minecraft:gravel":76,"minecraft:white_bed":1,"minecraft:spruce_log":115,"minecraft:spider_eye":17,"minecraft:polished_tuff":2,"minecraft:diamond_shovel":4,"minecraft:slime_ball":10,"minecraft:stone_axe":3,"minecraft:iron_helmet":1,"minecraft:black_wool":3,"minecraft:coal":803}},"DataVersion":3953}