{"stats":{"minecraft:killed_by":{"minecraft:creeper":1,"minecraft:skeleton":4},"minecraft:dropped":{"minecraft:enchanted_book":1,"minecraft:birch_planks":10,"minecraft:wheat_seeds":12,"minecraft:cobblestone":13,"minecraft:dirt":283,"minecraft:wooden_axe":1,"minecraft:sand":10,"minecraft:iron_shovel":1,"minecraft:string":6,"minecraft:birch_log":3,"minecraft:stone_axe":2,"minecraft:kelp":1,"minecraft:stone_sword":1,"minecraft:cobbled_deepslate":459,"minecraft:wheat":1,"minecraft:birch_sapling":1,"minecraft:stone_shovel":1,"minecraft:rotten_flesh":1,"minecraft:oak_planks":14,"minecraft:diamond_shovel":3,"minecraft:filled_map":1,"minecraft:spruce_planks":5,"minecraft:andesite":1,"minecraft:beetroot_seeds":4,"minecraft:oak_sapling":7,"minecraft:spider_eye":1,"minecraft:spruce_slab":9,"minecraft:sandstone":11,"minecraft:arrow":5,"minecraft:stone_pickaxe":1,"minecraft:wooden_pickaxe":4,"minecraft:brick":4},"minecraft:crafted":{"minecraft:grindstone":1,"minecraft:wooden_sword":1,"minecraft:smooth_stone":3,"minecraft:oak_planks":708,"minecraft:stone_shovel":1,"minecraft:smooth_stone_slab":6,"minecraft:cooked_chicken":5,"minecraft:furnace":8,"minecraft:stone":6,"minecraft:diamond_shovel":1,"minecraft:cooked_mutton":13,"minecraft:quartz_block":244,"minecraft:diamond_helmet":1,"minecraft:diamond_leggings":1,"minecraft:iron_boots":1,"minecraft:iron_axe":1,"minecraft:stone_pickaxe":8,"minecraft:chest":10,"minecraft:diamond_boots":1,"minecraft:netherite_scrap":2,"minecraft:cooked_beef":30,"minecraft:emerald":57,"minecraft:cooked_porkchop":19,"minecraft:crafting_table":11,"minecraft:spruce_planks":176,"minecraft:wooden_pickaxe":3,"minecraft:iron_helmet":1,"minecraft:iron_sword":2,"minecraft:golden_pickaxe":4,"minecraft:birch_planks":252,"minecraft:stone_axe":2,"minecraft:enchanted_book":2,"minecraft:bread":4,"minecraft:air":0,"minecraft:oak_boat":2,"minecraft:wooden_hoe":1,"minecraft:book":9,"minecraft:iron_chestplate":1,"minecraft:paper":33,"minecraft:diamond_pickaxe":1,"minecraft:gold_nugget":1,"minecraft:shield":2,"minecraft:stick":1660,"minecraft:stone_slab":6,"minecraft:iron_ingot":143,"minecraft:iron_pickaxe":11,"minecraft:wooden_axe":1,"minecraft:iron_block":3,"minecraft:stone_sword":1,"minecraft:iron_shovel":14,"minecraft:gold_ingot":100,"minecraft:iron_leggings":1,"minecraft:anvil":1,"minecraft:white_bed":1,"minecraft:torch":108,"minecraft:diamond_chestplate":1},"minecraft:used":{"minecraft:stone_sword":40,"minecraft:enchanting_table":1,"minecraft:iron_shovel":3361,"minecraft:stone_shovel":38,"minecraft:chest":11,"minecraft:spruce_planks":4,"minecraft:shield":7,"minecraft:iron_sword":177,"minecraft:cooked_chicken":5,"minecraft:rotten_flesh":5,"minecraft:netherrack":457,"minecraft:iron_chestplate":1,"minecraft:torch":131,"minecraft:dirt":2045,"minecraft:anvil":1,"minecraft:carrot":7,"minecraft:wooden_axe":28,"minecraft:iron_axe":197,"minecraft:quartz_block":1,"minecraft:basalt":1,"minecraft:furnace":21,"minecraft:cooked_cod":6,"minecraft:egg":11,"minecraft:cooked_beef":29,"minecraft:cobbled_deepslate":88,"minecraft:iron_leggings":1,"minecraft:cooked_mutton":13,"minecraft:diorite":2,"minecraft:birch_planks":1,"minecraft:oak_planks":1,"minecraft:stone_pickaxe":655,"minecraft:wooden_pickaxe":24,"minecraft:crafting_table":27,"minecraft:white_bed":2,"minecraft:wooden_hoe":7,"minecraft:diamond_pickaxe":4427,"minecraft:diamond_shovel":10453,"minecraft:chicken":1,"minecraft:iron_pickaxe":2383,"minecraft:bread":10,"minecraft:gravel":1,"minecraft:stone_axe":147,"minecraft:wooden_sword":1,"minecraft:cobblestone":89,"minecraft:grindstone":1,"minecraft:cooked_porkchop":13,"minecraft:oak_boat":5,"minecraft:golden_pickaxe":128},"minecraft:custom":{"minecraft:interact_with_anvil":8,"minecraft:mob_kills":119,"minecraft:interact_with_crafting_table":88,"minecraft:leave_game":20,"minecraft:time_since_death":10030,"minecraft:climb_one_cm":1980,"minecraft:sprint_one_cm":1102727,"minecraft:walk_one_cm":1468591,"minecraft:damage_blocked_by_shield":315,"minecraft:drop":65,"minecraft:talked_to_villager":27,"minecraft:play_time":447828,"minecraft:sneak_time":26098,"minecraft:deaths":6,"minecraft:walk_under_water_one_cm":21670,"minecraft:boat_one_cm":217721,"minecraft:jump":7741,"minecraft:walk_on_water_one_cm":59728,"minecraft:enchant_item":3,"minecraft:total_world_time":447828,"minecraft:interact_with_furnace":228,"minecraft:traded_with_villager":59,"minecraft:interact_with_grindstone":2,"minecraft:sleep_in_bed":1,"minecraft:time_since_rest":10098,"minecraft:damage_taken":5318,"minecraft:damage_dealt":17194,"minecraft:swim_one_cm":128689,"minecraft:fly_one_cm":1371808,"minecraft:open_chest":460,"minecraft:crouch_one_cm":100771,"minecraft:fall_one_cm":133691},"minecraft:picked_up":{"minecraft:crafting_table":21,"minecraft:azure_bluet":2,"minecraft:chicken":7,"minecraft:clay_ball":4,"minecraft:brown_mushroom":1,"minecraft:wooden_pickaxe":1,"minecraft:gold_block":2,"minecraft:enchanted_book":3,"minecraft:gilded_blackstone":15,"minecraft:brick":4,"minecraft:shield":3,"minecraft:cornflower":4,"minecraft:string":9,"minecraft:iron_axe":1,"minecraft:raw_copper":48,"minecraft:netherite_ingot":1,"minecraft:iron_shovel":1,"minecraft:blackstone":5,"minecraft:diamond_leggings":1,"minecraft:gold_nugget":120,"minecraft:cobbled_deepslate":702,"minecraft:spruce_planks":118,"minecraft:beef":47,"minecraft:oak_boat":4,"minecraft:spruce_slab":9,"minecraft:netherite_upgrade_smithing_template":1,"minecraft:poppy":1,"minecraft:iron_pickaxe":1,"minecraft:sugar_cane":63,"minecraft:chest":1,"minecraft:birch_sapling":7,"minecraft:phantom_membrane":2,"minecraft:furnace":18,"minecraft:egg":13,"minecraft:stick":30,"minecraft:raw_iron":146,"minecraft:sandstone":11,"minecraft:torch":68,"minecraft:porkchop":25,"minecraft:polished_blackstone_bricks":3,"minecraft:diorite":41,"minecraft:redstone":64,"minecraft:diamond_chestplate":2,"minecraft:arrow":17,"minecraft:rotten_flesh":25,"minecraft:diamond_boots":1,"minecraft:mutton":27,"minecraft:snowball":30,"minecraft:white_wool":13,"minecraft:cobblestone":2806,"minecraft:oxeye_daisy":1,"minecraft:birch_log":44,"minecraft:enchanting_table":1,"minecraft:cooked_beef":3,"minecraft:magma_cream":4,"minecraft:feather":9,"minecraft:basalt":3,"minecraft:andesite":3,"minecraft:brown_wool":2,"minecraft:leather":9,"minecraft:birch_planks":1,"minecraft:tuff":5,"minecraft:oak_log":177,"minecraft:ancient_debris":2,"minecraft:nether_wart_block":1,"minecraft:gunpowder":13,"minecraft:lapis_lazuli":95,"minecraft:dirt":8861,"minecraft:bone":14,"minecraft:apple":6,"minecraft:kelp":1,"minecraft:bow":1,"minecraft:wheat_seeds":139,"minecraft:raw_gold":33,"minecraft:iron_ingot":4,"minecraft:iron_sword":1,"minecraft:oak_planks":24,"minecraft:book":2,"minecraft:pumpkin":1,"minecraft:quartz":1098,"minecraft:dandelion":16,"minecraft:gravel":39,"minecraft:sand":209,"minecraft:white_bed":1,"minecraft:spruce_log":49,"minecraft:spectral_arrow":35,"minecraft:spider_eye":5,"minecraft:diamond_shovel":4,"minecraft:slime_ball":10,"minecraft:diamond":36,"minecraft:stone_axe":3,"minecraft:iron_helmet":1,"minecraft:cracked_polished_blackstone_bricks":7,"minecraft:granite":2,"minecraft:oak_sapling":39,"minecraft:netherrack":1147,"minecraft:black_wool":3,"minecraft:coal":485,"minecraft:diamond_pickaxe":1},"minecraft:killed":{"minecraft:spider":11,"minecraft:slime":5,"minecraft:phantom":2,"minecraft:skeleton":13,"minecraft:chicken":7,"minecraft:piglin":10,"minecraft:pig":10,"minecraft:creeper":8,"minecraft:sheep":13,"minecraft:zombie":25,"minecraft:cow":11},"minecraft:broken":{"minecraft:iron_shovel":13,"minecraft:stone_pickaxe":4,"minecraft:iron_pickaxe":9,"minecraft:golden_pickaxe":4},"minecraft:mined":{"minecraft:nether_gold_ore":35,"minecraft:tuff":125,"minecraft:white_bed":1,"minecraft:spruce_planks":3,"minecraft:deepslate_diamond_ore":35,"minecraft:granite":1,"minecraft:grass_block":6800,"minecraft:weeping_vines":1,"minecraft:cracked_polished_blackstone_bricks":7,"minecraft:kelp":1,"minecraft:sandstone":11,"minecraft:spawner":1,"minecraft:polished_blackstone_bricks":3,"minecraft:tall_seagrass":1,"minecraft:glowstone":1,"minecraft:furnace":15,"minecraft:fire":3,"minecraft:iron_ore":69,"minecraft:cobbled_deepslate":8,"minecraft:andesite":2,"minecraft:pumpkin":1,"minecraft:deepslate_lapis_ore":9,"minecraft:gold_block":2,"minecraft:enchanting_table":1,"minecraft:deepslate_iron_ore":31,"minecraft:dirt_path":10,"minecraft:stone":3313,"minecraft:deepslate_redstone_ore":17,"minecraft:red_bed":1,"minecraft:blackstone":5,"minecraft:crimson_nylium":1,"minecraft:kelp_plant":1,"minecraft:basalt":3,"minecraft:clay":1,"minecraft:crafting_table":19,"minecraft:torch":17,"minecraft:short_grass":94,"minecraft:chest":2,"minecraft:nether_quartz_ore":1116,"minecraft:copper_ore":14,"minecraft:tall_grass":13,"minecraft:cobblestone":24,"minecraft:deepslate_gold_ore":25,"minecraft:lapis_ore":6,"minecraft:sugar_cane":44,"minecraft:diorite":50,"minecraft:wall_torch":4,"minecraft:seagrass":1,"minecraft:birch_planks":1,"minecraft:nether_wart_block":1,"minecraft:birch_log":44,"minecraft:ice":3,"minecraft:spruce_log":45,"minecraft:birch_leaves":4,"minecraft:oak_log":178,"minecraft:coal_ore":281,"minecraft:gravel":49,"minecraft:dirt":6787,"minecraft:sand":162,"minecraft:netherrack":1013,"minecraft:oak_leaves":17,"minecraft:deepslate":1375}},"DataVersion":3953}