{"stats":{"minecraft:dropped":{"minecraft:wooden_pickaxe":1},"minecraft:custom":{"minecraft:time_since_rest":3078,"minecraft:interact_with_furnace":20,"minecraft:sprint_one_cm":82194,"minecraft:damage_taken":398,"minecraft:walk_one_cm":23405,"minecraft:mob_kills":12,"minecraft:drop":1,"minecraft:damage_dealt":1757,"minecraft:swim_one_cm":16450,"minecraft:interact_with_crafting_table":8,"minecraft:fly_one_cm":117674,"minecraft:crouch_one_cm":3094,"minecraft:play_time":18388,"minecraft:deaths":1,"minecraft:sneak_time":837,"minecraft:walk_under_water_one_cm":779,"minecraft:jump":476,"minecraft:leave_game":1,"minecraft:time_since_death":2989,"minecraft:walk_on_water_one_cm":3001,"minecraft:total_world_time":18388,"minecraft:fall_one_cm":12099},"minecraft:crafted":{"minecraft:oak_planks":8,"minecraft:cooked_porkchop":9,"minecraft:shield":1,"minecraft:crafting_table":1,"minecraft:spruce_planks":128,"minecraft:stick":20,"minecraft:iron_pickaxe":1,"minecraft:iron_ingot":6,"minecraft:wooden_pickaxe":1,"minecraft:stone_pickaxe":1,"minecraft:furnace":2,"minecraft:torch":24,"minecraft:stone_axe":1,"minecraft:air":0},"minecraft:used":{"minecraft:stone_pickaxe":67,"minecraft:wooden_pickaxe":13,"minecraft:stone_axe":55,"minecraft:torch":8,"minecraft:dirt":9,"minecraft:crafting_table":3,"minecraft:furnace":3,"minecraft:cooked_porkchop":3,"minecraft:egg":1},"minecraft:picked_up":{"minecraft:raw_iron":6,"minecraft:crafting_table":3,"minecraft:pumpkin":1,"minecraft:brown_wool":1,"minecraft:torch":1,"minecraft:porkchop":11,"minecraft:sand":11,"minecraft:oak_log":2,"minecraft:spruce_log":37,"minecraft:dirt":20,"minecraft:rotten_flesh":1,"minecraft:granite":1,"minecraft:sugar_cane":8,"minecraft:black_wool":1,"minecraft:white_wool":2,"minecraft:mutton":7,"minecraft:coal":95,"minecraft:snowball":15,"minecraft:furnace":3,"minecraft:cobblestone":25,"minecraft:egg":2},"minecraft:killed":{"minecraft:sheep":4,"minecraft:zombie":4,"minecraft:pig":4},"minecraft:mined":{"minecraft:furnace":3,"minecraft:iron_ore":6,"minecraft:spruce_log":38,"minecraft:pumpkin":1,"minecraft:crafting_table":3,"minecraft:torch":1,"minecraft:granite":1,"minecraft:oak_log":2,"minecraft:coal_ore":44,"minecraft:grass_block":2,"minecraft:dirt":6,"minecraft:stone":25,"minecraft:sugar_cane":3},"minecraft:killed_by":{"minecraft:skeleton":1}},"DataVersion":3953}