{"stats":{"minecraft:dropped":{"minecraft:wheat_seeds":1,"minecraft:stone_sword":1,"minecraft:cobbled_deepslate":348,"minecraft:wheat":1,"minecraft:birch_sapling":1,"minecraft:rotten_flesh":1,"minecraft:dirt":6,"minecraft:wooden_axe":1,"minecraft:andesite":1,"minecraft:beetroot_seeds":4,"minecraft:oak_sapling":2,"minecraft:spider_eye":1,"minecraft:stone_pickaxe":1,"minecraft:wooden_pickaxe":4,"minecraft:string":6},"minecraft:custom":{"minecraft:interact_with_furnace":87,"minecraft:mob_kills":58,"minecraft:interact_with_crafting_table":43,"minecraft:leave_game":5,"minecraft:time_since_death":83957,"minecraft:time_since_rest":84081,"minecraft:sprint_one_cm":267711,"minecraft:damage_taken":2395,"minecraft:walk_one_cm":231137,"minecraft:damage_blocked_by_shield":315,"minecraft:drop":33,"minecraft:damage_dealt":8246,"minecraft:swim_one_cm":57051,"minecraft:fly_one_cm":486768,"minecraft:open_chest":5,"minecraft:play_time":119488,"minecraft:crouch_one_cm":11137,"minecraft:sneak_time":3990,"minecraft:deaths":5,"minecraft:walk_under_water_one_cm":10881,"minecraft:boat_one_cm":24041,"minecraft:jump":1755,"minecraft:walk_on_water_one_cm":33360,"minecraft:total_world_time":119488,"minecraft:fall_one_cm":42767},"minecraft:crafted":{"minecraft:wooden_sword":1,"minecraft:oak_planks":136,"minecraft:cooked_porkchop":18,"minecraft:crafting_table":5,"minecraft:spruce_planks":176,"minecraft:cooked_chicken":3,"minecraft:iron_helmet":1,"minecraft:wooden_pickaxe":3,"minecraft:iron_sword":2,"minecraft:furnace":6,"minecraft:birch_planks":48,"minecraft:stone_axe":2,"minecraft:cooked_mutton":11,"minecraft:bread":4,"minecraft:air":0,"minecraft:oak_boat":1,"minecraft:iron_boots":1,"minecraft:iron_chestplate":1,"minecraft:shield":2,"minecraft:stick":64,"minecraft:iron_ingot":44,"minecraft:iron_pickaxe":6,"minecraft:stone_pickaxe":8,"minecraft:wooden_axe":1,"minecraft:stone_sword":1,"minecraft:iron_leggings":1,"minecraft:white_bed":1,"minecraft:torch":44},"minecraft:used":{"minecraft:cooked_mutton":10,"minecraft:stone_sword":40,"minecraft:stone_pickaxe":649,"minecraft:wooden_pickaxe":24,"minecraft:spruce_planks":4,"minecraft:shield":7,"minecraft:iron_sword":11,"minecraft:cooked_chicken":3,"minecraft:rotten_flesh":5,"minecraft:iron_chestplate":1,"minecraft:torch":27,"minecraft:dirt":11,"minecraft:crafting_table":21,"minecraft:wooden_axe":28,"minecraft:bread":1,"minecraft:iron_pickaxe":1250,"minecraft:wooden_sword":1,"minecraft:stone_axe":147,"minecraft:furnace":13,"minecraft:cooked_porkchop":3,"minecraft:oak_boat":1,"minecraft:egg":4,"minecraft:cobbled_deepslate":64,"minecraft:iron_leggings":1},"minecraft:killed":{"minecraft:pig":8,"minecraft:spider":6,"minecraft:slime":5,"minecraft:creeper":5,"minecraft:sheep":12,"minecraft:skeleton":5,"minecraft:zombie":13,"minecraft:chicken":3},"minecraft:picked_up":{"minecraft:birch_log":12,"minecraft:crafting_table":20,"minecraft:feather":4,"minecraft:chicken":3,"minecraft:andesite":2,"minecraft:brown_wool":2,"minecraft:wooden_pickaxe":1,"minecraft:tuff":4,"minecraft:oak_log":34,"minecraft:shield":2,"minecraft:gunpowder":10,"minecraft:lapis_lazuli":61,"minecraft:string":7,"minecraft:dirt":28,"minecraft:bone":5,"minecraft:bow":1,"minecraft:wheat_seeds":2,"minecraft:cobbled_deepslate":623,"minecraft:raw_gold":23,"minecraft:spruce_planks":118,"minecraft:iron_ingot":4,"minecraft:oak_boat":1,"minecraft:iron_pickaxe":1,"minecraft:sugar_cane":16,"minecraft:birch_sapling":1,"minecraft:oak_planks":10,"minecraft:furnace":16,"minecraft:egg":6,"minecraft:raw_iron":60,"minecraft:stick":7,"minecraft:pumpkin":1,"minecraft:torch":20,"minecraft:porkchop":24,"minecraft:sand":22,"minecraft:spruce_log":49,"minecraft:redstone":34,"minecraft:spider_eye":4,"minecraft:arrow":5,"minecraft:rotten_flesh":8,"minecraft:slime_ball":10,"minecraft:diamond":28,"minecraft:stone_axe":2,"minecraft:granite":2,"minecraft:oak_sapling":4,"minecraft:black_wool":2,"minecraft:mutton":25,"minecraft:coal":198,"minecraft:snowball":30,"minecraft:white_wool":13,"minecraft:cobblestone":226},"minecraft:broken":{"minecraft:stone_pickaxe":4,"minecraft:iron_pickaxe":5},"minecraft:mined":{"minecraft:deepslate_redstone_ore":10,"minecraft:tuff":124,"minecraft:spruce_planks":3,"minecraft:deepslate_diamond_ore":28,"minecraft:crafting_table":18,"minecraft:torch":1,"minecraft:granite":1,"minecraft:short_grass":23,"minecraft:grass_block":5,"minecraft:tall_grass":5,"minecraft:cobblestone":2,"minecraft:deepslate_gold_ore":23,"minecraft:lapis_ore":1,"minecraft:sugar_cane":3,"minecraft:wall_torch":1,"minecraft:spawner":1,"minecraft:seagrass":1,"minecraft:tall_seagrass":1,"minecraft:furnace":13,"minecraft:birch_log":12,"minecraft:iron_ore":18,"minecraft:spruce_log":45,"minecraft:birch_leaves":2,"minecraft:andesite":1,"minecraft:pumpkin":1,"minecraft:deepslate_lapis_ore":9,"minecraft:coal_ore":67,"minecraft:oak_log":34,"minecraft:deepslate_iron_ore":28,"minecraft:gravel":6,"minecraft:dirt":11,"minecraft:stone":224,"minecraft:deepslate":1364},"minecraft:killed_by":{"minecraft:skeleton":4,"minecraft:creeper":1}},"DataVersion":3953}