{"stats":{"minecraft:custom":{"minecraft:animals_bred":8,"minecraft:interact_with_crafting_table":121,"minecraft:open_barrel":6,"minecraft:leave_game":46,"minecraft:time_since_death":536907,"minecraft:sprint_one_cm":2899755,"minecraft:damage_blocked_by_shield":385,"minecraft:drop":263,"minecraft:talked_to_villager":93,"minecraft:play_time":974705,"minecraft:deaths":6,"minecraft:jump":17624,"minecraft:walk_on_water_one_cm":111825,"minecraft:enchant_item":27,"minecraft:interact_with_furnace":297,"minecraft:play_record":2,"minecraft:traded_with_villager":304,"minecraft:sleep_in_bed":1,"minecraft:damage_dealt":74917,"minecraft:crouch_one_cm":266019,"minecraft:interact_with_smoker":43,"minecraft:inspect_dispenser":4,"minecraft:horse_one_cm":190102,"minecraft:interact_with_smithing_table":11,"minecraft:interact_with_anvil":25,"minecraft:mob_kills":455,"minecraft:climb_one_cm":10187,"minecraft:walk_one_cm":3004645,"minecraft:sneak_time":72586,"minecraft:walk_under_water_one_cm":48524,"minecraft:boat_one_cm":295231,"minecraft:interact_with_blast_furnace":29,"minecraft:total_world_time":974705,"minecraft:interact_with_grindstone":9,"minecraft:time_since_rest":536975,"minecraft:damage_taken":12528,"minecraft:swim_one_cm":249723,"minecraft:fly_one_cm":3071767,"minecraft:open_chest":1237,"minecraft:fall_one_cm":401728},"minecraft:crafted":{"minecraft:grindstone":1,"minecraft:smooth_stone":9,"minecraft:oak_planks":2652,"minecraft:cooked_chicken":5,"minecraft:birch_boat":1,"minecraft:stone":12,"minecraft:diamond_shovel":1,"minecraft:bookshelf":1,"minecraft:cooked_mutton":13,"minecraft:quartz_block":1151,"minecraft:diamond_helmet":2,"minecraft:diamond_leggings":1,"minecraft:iron_boots":1,"minecraft:chest":16,"minecraft:netherite_upgrade_smithing_template":14,"minecraft:smoker":2,"minecraft:emerald":289,"minecraft:cooked_porkchop":19,"minecraft:diamond_axe":2,"minecraft:crafting_table":12,"minecraft:spruce_planks":1796,"minecraft:iron_helmet":1,"minecraft:wooden_pickaxe":3,"minecraft:baked_potato":400,"minecraft:snout_armor_trim_smithing_template":6,"minecraft:smithing_table":1,"minecraft:golden_pickaxe":4,"minecraft:birch_planks":552,"minecraft:iron_chestplate":1,"minecraft:book":28,"minecraft:wooden_hoe":1,"minecraft:paper":120,"minecraft:diamond_pickaxe":2,"minecraft:shield":2,"minecraft:stick":9152,"minecraft:stone_slab":6,"minecraft:iron_ingot":400,"minecraft:iron_pickaxe":11,"minecraft:iron_block":3,"minecraft:stone_sword":1,"minecraft:gold_ingot":250,"minecraft:netherite_ingot":6,"minecraft:wooden_sword":1,"minecraft:stone_shovel":1,"minecraft:smooth_stone_slab":6,"minecraft:netherite_sword":1,"minecraft:jukebox":1,"minecraft:furnace":10,"minecraft:blast_furnace":2,"minecraft:spruce_fence":3,"minecraft:netherite_chestplate":2,"minecraft:iron_axe":1,"minecraft:iron_hoe":1,"minecraft:stone_pickaxe":8,"minecraft:diamond_boots":1,"minecraft:spruce_boat":1,"minecraft:netherite_scrap":25,"minecraft:wheat":63,"minecraft:cooked_beef":30,"minecraft:diamond_sword":1,"minecraft:iron_sword":2,"minecraft:stone_axe":2,"minecraft:enchanted_book":14,"minecraft:air":0,"minecraft:bread":4,"minecraft:oak_boat":2,"minecraft:gold_nugget":1,"minecraft:wooden_axe":1,"minecraft:iron_shovel":14,"minecraft:iron_leggings":1,"minecraft:anvil":1,"minecraft:white_bed":1,"minecraft:torch":236,"minecraft:diamond_chestplate":1},"minecraft:mined":{"minecraft:spruce_planks":3,"minecraft:white_bed":1,"minecraft:farmland":160,"minecraft:cobblestone_stairs":3,"minecraft:cave_vines_plant":1,"minecraft:granite":34,"minecraft:grass_block":7233,"minecraft:cracked_polished_blackstone_bricks":7,"minecraft:nether_wart":13,"minecraft:tuff_bricks":16,"minecraft:spawner":2,"minecraft:weeping_vines_plant":2,"minecraft:polished_blackstone_bricks":8,"minecraft:tall_seagrass":1,"minecraft:magma_block":54,"minecraft:glowstone":2,"minecraft:iron_ore":165,"minecraft:cobbled_deepslate":10,"minecraft:fire":41,"minecraft:polished_tuff":2,"minecraft:pumpkin":1,"minecraft:deepslate_lapis_ore":10,"minecraft:nether_brick_stairs":4,"minecraft:enchanting_table":1,"minecraft:dirt_path":10,"minecraft:iron_bars":1,"minecraft:polished_tuff_slab":1,"minecraft:deepslate_redstone_ore":26,"minecraft:red_bed":1,"minecraft:blackstone":473,"minecraft:kelp_plant":1,"minecraft:crimson_nylium":23,"minecraft:clay":8,"minecraft:torch":21,"minecraft:chest":2,"minecraft:nether_quartz_ore":3165,"minecraft:cobblestone":35,"minecraft:oak_planks":2,"minecraft:sugar_cane":89,"minecraft:wall_torch":10,"minecraft:deepslate_copper_ore":4,"minecraft:seagrass":1,"minecraft:waxed_copper_bulb":3,"minecraft:nether_wart_block":2,"minecraft:birch_log":120,"minecraft:waxed_oxidized_cut_copper_stairs":1,"minecraft:jukebox":1,"minecraft:waxed_copper_block":5,"minecraft:oak_log":689,"minecraft:waxed_oxidized_copper":3,"minecraft:sand":170,"minecraft:dirt":6857,"minecraft:dispenser":1,"minecraft:ancient_debris":22,"minecraft:netherrack":10747,"minecraft:oak_leaves":82,"minecraft:deepslate":3237,"minecraft:nether_gold_ore":161,"minecraft:tuff":282,"minecraft:deepslate_diamond_ore":130,"minecraft:nether_bricks":52,"minecraft:weeping_vines":2,"minecraft:spruce_leaves":44,"minecraft:moss_block":1,"minecraft:kelp":1,"minecraft:sandstone":11,"minecraft:crimson_stem":2,"minecraft:large_fern":2,"minecraft:hay_block":4,"minecraft:spruce_sapling":2,"minecraft:furnace":17,"minecraft:carrots":80,"minecraft:waxed_copper_grate":1,"minecraft:andesite":21,"minecraft:gold_block":2,"minecraft:chiseled_tuff":1,"minecraft:nether_brick_fence":6,"minecraft:bookshelf":1,"minecraft:potatoes":128,"minecraft:deepslate_iron_ore":51,"minecraft:rail":1,"minecraft:stone":3609,"minecraft:soul_sand":63,"minecraft:basalt":939,"minecraft:oak_fence":2,"minecraft:crafting_table":20,"minecraft:short_grass":113,"minecraft:copper_ore":15,"minecraft:tall_grass":14,"minecraft:red_glazed_terracotta":1,"minecraft:lapis_ore":8,"minecraft:deepslate_gold_ore":63,"minecraft:diorite":95,"minecraft:blue_bed":1,"minecraft:birch_planks":1,"minecraft:ice":3,"minecraft:spruce_log":599,"minecraft:birch_leaves":4,"minecraft:coal_ore":489,"minecraft:gravel":422,"minecraft:cobweb":28,"minecraft:gold_ore":8,"minecraft:fern":1},"minecraft:picked_up":{"minecraft:iron_chestplate":5,"minecraft:nether_brick_fence":12,"minecraft:lead":2,"minecraft:diamond_sword":1,"minecraft:enchanted_book":5,"minecraft:gilded_blackstone":15,"minecraft:golden_sword":4,"minecraft:string":69,"minecraft:raw_copper":77,"minecraft:red_candle":3,"minecraft:netherite_ingot":1,"minecraft:diamond_leggings":2,"minecraft:gold_nugget":654,"minecraft:cobbled_deepslate":1787,"minecraft:spruce_planks":139,"minecraft:trial_key":30,"minecraft:netherite_upgrade_smithing_template":1,"minecraft:iron_pickaxe":2,"minecraft:furnace":20,"minecraft:tipped_arrow":84,"minecraft:stick":60,"minecraft:jukebox":1,"minecraft:torch":134,"minecraft:porkchop":28,"minecraft:waxed_copper_grate":1,"minecraft:diorite":78,"minecraft:honey_bottle":16,"minecraft:rotten_flesh":110,"minecraft:blaze_rod":8,"minecraft:snowball":30,"minecraft:cobblestone":3142,"minecraft:birch_log":120,"minecraft:enchanting_table":1,"minecraft:magma_block":33,"minecraft:feather":9,"minecraft:cooked_beef":3,"minecraft:magma_cream":6,"minecraft:water_bucket":2,"minecraft:andesite":17,"minecraft:brown_wool":2,"minecraft:potato":543,"minecraft:flint":45,"minecraft:tuff":54,"minecraft:lapis_lazuli":144,"minecraft:dirt":9618,"minecraft:bone":155,"minecraft:bow":15,"minecraft:wheat_seeds":148,"minecraft:raw_gold":138,"minecraft:bolt_armor_trim_smithing_template":2,"minecraft:guster_banner_pattern":3,"minecraft:diamond_helmet":1,"minecraft:glowstone_dust":3,"minecraft:oak_planks":25,"minecraft:music_disc_13":4,"minecraft:poisonous_potato":2,"minecraft:waxed_chiseled_copper":1,"minecraft:sand":220,"minecraft:nether_brick_stairs":2,"minecraft:spectral_arrow":35,"minecraft:diamond":243,"minecraft:spruce_boat":2,"minecraft:cracked_polished_blackstone_bricks":7,"minecraft:granite":34,"minecraft:crossbow":3,"minecraft:breeze_rod":2,"minecraft:golden_apple":9,"minecraft:emerald":27,"minecraft:bread":10,"minecraft:music_disc_precipice":2,"minecraft:oak_sapling":63,"minecraft:netherrack":4640,"minecraft:diamond_pickaxe":3,"minecraft:crafting_table":22,"minecraft:azure_bluet":2,"minecraft:chicken":7,"minecraft:ominous_bottle":5,"minecraft:nether_wart":58,"minecraft:clay_ball":4,"minecraft:brown_mushroom":6,"minecraft:wooden_pickaxe":1,"minecraft:gold_block":2,"minecraft:brick":20,"minecraft:shield":6,"minecraft:wind_charge":35,"minecraft:cornflower":4,"minecraft:iron_axe":8,"minecraft:iron_shovel":1,"minecraft:blackstone":390,"minecraft:beef":78,"minecraft:oak_boat":4,"minecraft:chiseled_tuff":2,"minecraft:poppy":1,"minecraft:spruce_slab":10,"minecraft:sugar_cane":150,"minecraft:chest":1,"minecraft:birch_sapling":9,"minecraft:phantom_membrane":8,"minecraft:waxed_oxidized_copper":2,"minecraft:egg":13,"minecraft:copper_ore":5,"minecraft:raw_iron":393,"minecraft:sandstone":11,"minecraft:stone":3,"minecraft:polished_blackstone_bricks":3,"minecraft:flow_pottery_sherd":1,"minecraft:trident":1,"minecraft:carrot":267,"minecraft:redstone":123,"minecraft:arrow":209,"minecraft:weeping_vines":2,"minecraft:diamond_chestplate":4,"minecraft:nether_bricks":44,"minecraft:diamond_boots":2,"minecraft:hay_block":4,"minecraft:waxed_oxidized_cut_copper_stairs":1,"minecraft:tuff_bricks":14,"minecraft:glow_berries":1,"minecraft:mutton":27,"minecraft:rail":5,"minecraft:white_wool":13,"minecraft:oxeye_daisy":1,"minecraft:mud_bricks":1,"minecraft:basalt":760,"minecraft:crimson_stem":2,"minecraft:leather":30,"minecraft:red_mushroom":5,"minecraft:birch_planks":1,"minecraft:waxed_copper_bulb":3,"minecraft:oak_log":683,"minecraft:waxed_copper_block":5,"minecraft:ancient_debris":24,"minecraft:nether_wart_block":2,"minecraft:gunpowder":39,"minecraft:cobblestone_stairs":3,"minecraft:podzol":11,"minecraft:apple":11,"minecraft:kelp":1,"minecraft:iron_ingot":11,"minecraft:polished_tuff_slab":1,"minecraft:cooked_chicken":13,"minecraft:glass_bottle":1,"minecraft:iron_sword":2,"minecraft:soul_sand":63,"minecraft:book":5,"minecraft:oak_slab":8,"minecraft:birch_boat":1,"minecraft:pumpkin":1,"minecraft:quartz":4501,"minecraft:dandelion":16,"minecraft:gravel":156,"minecraft:spruce_sapling":40,"minecraft:white_bed":2,"minecraft:spruce_log":587,"minecraft:spider_eye":30,"minecraft:polished_tuff":2,"minecraft:diamond_shovel":4,"minecraft:purple_bed":1,"minecraft:slime_ball":10,"minecraft:stone_axe":3,"minecraft:iron_helmet":1,"minecraft:diamond_axe":1,"minecraft:black_wool":3,"minecraft:coal":897},"minecraft:killed_by":{"minecraft:creeper":1,"minecraft:skeleton":4},"minecraft:broken":{"minecraft:iron_shovel":13,"minecraft:stone_pickaxe":4,"minecraft:iron_sword":1,"minecraft:iron_axe":1,"minecraft:iron_pickaxe":9,"minecraft:iron_helmet":1,"minecraft:golden_pickaxe":4},"minecraft:dropped":{"minecraft:iron_sword":1,"minecraft:brown_mushroom":5,"minecraft:birch_planks":10,"minecraft:ominous_bottle":2,"minecraft:diamond_axe":1,"minecraft:baked_potato":10,"minecraft:glass_bottle":1,"minecraft:crossbow":3,"minecraft:saddle":1,"minecraft:red_mushroom":5,"minecraft:music_disc_13":2,"minecraft:emerald":9,"minecraft:dirt":644,"minecraft:sand":13,"minecraft:iron_pickaxe":1,"minecraft:birch_log":3,"minecraft:gravel":7,"minecraft:stone_axe":2,"minecraft:cooked_chicken":13,"minecraft:cobbled_deepslate":590,"minecraft:wheat":1,"minecraft:birch_sapling":3,"minecraft:rotten_flesh":42,"minecraft:oak_planks":14,"minecraft:diamond_shovel":3,"minecraft:nether_brick_fence":6,"minecraft:carrot":36,"minecraft:waxed_copper_block":1,"minecraft:wind_charge":20,"minecraft:tipped_arrow":3,"minecraft:beetroot_seeds":4,"minecraft:spruce_slab":10,"minecraft:basalt":641,"minecraft:arrow":58,"minecraft:quartz":10,"minecraft:netherrack":700,"minecraft:water_bucket":1,"minecraft:enchanted_book":2,"minecraft:iron_ingot":1,"minecraft:bread":10,"minecraft:oak_slab":8,"minecraft:wheat_seeds":20,"minecraft:golden_horse_armor":1,"minecraft:waxed_oxidized_cut_copper_stairs":1,"minecraft:diamond_leggings":3,"minecraft:poisonous_potato":2,"minecraft:cobblestone":16,"minecraft:book":2,"minecraft:waxed_copper_grate":1,"minecraft:granite":8,"minecraft:golden_apple":8,"minecraft:stick":1,"minecraft:diorite":4,"minecraft:torch":25,"minecraft:wooden_axe":1,"minecraft:waxed_copper_bulb":3,"minecraft:waxed_oxidized_copper":1,"minecraft:diamond_helmet":2,"minecraft:iron_axe":8,"minecraft:iron_shovel":1,"minecraft:string":11,"minecraft:spruce_sapling":5,"minecraft:kelp":1,"minecraft:tuff_bricks":8,"minecraft:stone_sword":1,"minecraft:raw_copper":3,"minecraft:polished_tuff_slab":1,"minecraft:tuff":1,"minecraft:stone_shovel":1,"minecraft:nether_bricks":1,"minecraft:copper_ore":5,"minecraft:filled_map":1,"minecraft:diamond_sword":1,"minecraft:mud_bricks":1,"minecraft:shield":2,"minecraft:trial_key":1,"minecraft:diamond_chestplate":2,"minecraft:spruce_planks":5,"minecraft:diamond_pickaxe":2,"minecraft:iron_chestplate":4,"minecraft:andesite":2,"minecraft:oak_sapling":7,"minecraft:golden_sword":3,"minecraft:spider_eye":13,"minecraft:spruce_log":2,"minecraft:diamond_boots":2,"minecraft:sandstone":11,"minecraft:bow":13,"minecraft:stone_pickaxe":1,"minecraft:wooden_pickaxe":4,"minecraft:brick":4},"minecraft:killed":{"minecraft:cave_spider":15,"minecraft:spider":24,"minecraft:skeleton":46,"minecraft:chicken":7,"minecraft:piglin_brute":4,"minecraft:magma_cube":20,"minecraft:piglin":33,"minecraft:pig":10,"minecraft:zombie_villager":2,"minecraft:creeper":26,"minecraft:sheep":13,"minecraft:trader_llama":2,"minecraft:zombie":59,"minecraft:stray":78,"minecraft:blaze":15,"minecraft:cow":27,"minecraft:slime":5,"minecraft:phantom":8,"minecraft:drowned":7,"minecraft:husk":14,"minecraft:bat":5,"minecraft:wandering_trader":1,"minecraft:hoglin":3,"minecraft:breeze":1,"minecraft:wither_skeleton":9,"minecraft:enderman":2},"minecraft:used":{"minecraft:iron_shovel":3361,"minecraft:chest":17,"minecraft:shield":9,"minecraft:iron_sword":300,"minecraft:stone":3,"minecraft:rotten_flesh":5,"minecraft:iron_chestplate":1,"minecraft:nether_bricks":8,"minecraft:carrot":105,"minecraft:tuff":43,"minecraft:milk_bucket":2,"minecraft:spruce_boat":2,"minecraft:waxed_oxidized_copper":1,"minecraft:quartz_block":1,"minecraft:hay_block":4,"minecraft:furnace":21,"minecraft:cooked_cod":6,"minecraft:egg":11,"minecraft:potato":204,"minecraft:diorite":27,"minecraft:oak_planks":1,"minecraft:stone_pickaxe":655,"minecraft:wooden_pickaxe":24,"minecraft:diamond_axe":609,"minecraft:glow_berries":1,"minecraft:blast_furnace":2,"minecraft:bread":10,"minecraft:gravel":28,"minecraft:diamond_sword":629,"minecraft:wooden_sword":1,"minecraft:grindstone":1,"minecraft:smithing_table":1,"minecraft:birch_log":1,"minecraft:oak_boat":5,"minecraft:golden_pickaxe":128,"minecraft:netherite_sword":111,"minecraft:enchanting_table":1,"minecraft:stone_sword":40,"minecraft:stone_shovel":38,"minecraft:spruce_planks":4,"minecraft:trial_key":13,"minecraft:cooked_chicken":5,"minecraft:netherrack":1670,"minecraft:torch":257,"minecraft:dirt":2317,"minecraft:anvil":1,"minecraft:diamond_helmet":2,"minecraft:granite":7,"minecraft:spruce_fence":1,"minecraft:iron_hoe":186,"minecraft:wooden_axe":28,"minecraft:bookshelf":1,"minecraft:iron_axe":860,"minecraft:diamond_chestplate":1,"minecraft:basalt":1,"minecraft:podzol":11,"minecraft:netherite_pickaxe":1040,"minecraft:cooked_beef":30,"minecraft:cobbled_deepslate":293,"minecraft:iron_leggings":1,"minecraft:cooked_mutton":13,"minecraft:water_bucket":23,"minecraft:cobblestone_stairs":2,"minecraft:birch_planks":1,"minecraft:baked_potato":222,"minecraft:birch_boat":2,"minecraft:rail":5,"minecraft:crafting_table":28,"minecraft:white_bed":2,"minecraft:spruce_log":35,"minecraft:smoker":2,"minecraft:wooden_hoe":7,"minecraft:diamond_pickaxe":19831,"minecraft:diamond_shovel":11577,"minecraft:chicken":1,"minecraft:iron_pickaxe":2383,"minecraft:spruce_sapling":35,"minecraft:stone_axe":147,"minecraft:cobblestone":266,"minecraft:cooked_porkchop":13,"minecraft:bucket":23,"minecraft:jukebox":2}},"DataVersion":3953}