{"stats":{"minecraft:dropped":{"minecraft:wooden_axe":1,"minecraft:wooden_pickaxe":3},"minecraft:custom":{"minecraft:interact_with_furnace":27,"minecraft:mob_kills":30,"minecraft:interact_with_crafting_table":17,"minecraft:leave_game":1,"minecraft:time_since_death":857,"minecraft:time_since_rest":981,"minecraft:sprint_one_cm":176533,"minecraft:damage_taken":1723,"minecraft:walk_one_cm":62191,"minecraft:damage_blocked_by_shield":195,"minecraft:drop":4,"minecraft:damage_dealt":4487,"minecraft:swim_one_cm":29009,"minecraft:fly_one_cm":299601,"minecraft:open_chest":1,"minecraft:crouch_one_cm":3700,"minecraft:play_time":36388,"minecraft:deaths":5,"minecraft:sneak_time":1105,"minecraft:walk_under_water_one_cm":4967,"minecraft:jump":1055,"minecraft:walk_on_water_one_cm":18559,"minecraft:total_world_time":36388,"minecraft:fall_one_cm":30415},"minecraft:crafted":{"minecraft:wooden_sword":1,"minecraft:oak_planks":8,"minecraft:cooked_porkchop":9,"minecraft:crafting_table":4,"minecraft:spruce_planks":176,"minecraft:wooden_pickaxe":2,"minecraft:iron_sword":1,"minecraft:furnace":3,"minecraft:stone_axe":2,"minecraft:cooked_mutton":2,"minecraft:air":0,"minecraft:shield":2,"minecraft:stick":32,"minecraft:iron_ingot":8,"minecraft:iron_pickaxe":1,"minecraft:stone_pickaxe":2,"minecraft:wooden_axe":1,"minecraft:torch":24},"minecraft:used":{"minecraft:cooked_mutton":2,"minecraft:stone_pickaxe":97,"minecraft:spruce_planks":4,"minecraft:shield":5,"minecraft:wooden_pickaxe":16,"minecraft:iron_sword":3,"minecraft:rotten_flesh":5,"minecraft:torch":8,"minecraft:dirt":9,"minecraft:crafting_table":8,"minecraft:wooden_axe":28,"minecraft:stone_axe":73,"minecraft:wooden_sword":1,"minecraft:furnace":4,"minecraft:cooked_porkchop":3,"minecraft:egg":2},"minecraft:killed":{"minecraft:pig":4,"minecraft:spider":1,"minecraft:slime":5,"minecraft:creeper":3,"minecraft:skeleton":1,"minecraft:sheep":5,"minecraft:zombie":10},"minecraft:picked_up":{"minecraft:crafting_table":8,"minecraft:andesite":1,"minecraft:brown_wool":2,"minecraft:wooden_pickaxe":1,"minecraft:oak_log":2,"minecraft:shield":1,"minecraft:gunpowder":4,"minecraft:string":1,"minecraft:dirt":20,"minecraft:bone":1,"minecraft:wheat_seeds":1,"minecraft:cobbled_deepslate":2,"minecraft:spruce_planks":113,"minecraft:iron_ingot":2,"minecraft:iron_pickaxe":1,"minecraft:sugar_cane":16,"minecraft:egg":4,"minecraft:furnace":6,"minecraft:stick":6,"minecraft:raw_iron":16,"minecraft:pumpkin":1,"minecraft:torch":18,"minecraft:porkchop":11,"minecraft:sand":22,"minecraft:spruce_log":49,"minecraft:spider_eye":1,"minecraft:arrow":2,"minecraft:rotten_flesh":7,"minecraft:slime_ball":5,"minecraft:stone_axe":1,"minecraft:granite":2,"minecraft:black_wool":2,"minecraft:mutton":16,"minecraft:coal":130,"minecraft:snowball":30,"minecraft:white_wool":5,"minecraft:cobblestone":46},"minecraft:mined":{"minecraft:spruce_planks":3,"minecraft:crafting_table":7,"minecraft:torch":1,"minecraft:granite":1,"minecraft:short_grass":23,"minecraft:grass_block":2,"minecraft:tall_grass":5,"minecraft:sugar_cane":3,"minecraft:seagrass":1,"minecraft:tall_seagrass":1,"minecraft:furnace":4,"minecraft:iron_ore":8,"minecraft:spruce_log":45,"minecraft:andesite":1,"minecraft:pumpkin":1,"minecraft:coal_ore":44,"minecraft:oak_log":2,"minecraft:deepslate_iron_ore":8,"minecraft:dirt":6,"minecraft:stone":44,"minecraft:deepslate":2},"minecraft:killed_by":{"minecraft:skeleton":4,"minecraft:creeper":1}},"DataVersion":3953}