{"stats":{"minecraft:custom":{"minecraft:interact_with_crafting_table":94,"minecraft:open_barrel":6,"minecraft:leave_game":25,"minecraft:time_since_death":157958,"minecraft:sprint_one_cm":1782020,"minecraft:damage_blocked_by_shield":315,"minecraft:drop":149,"minecraft:talked_to_villager":32,"minecraft:play_time":595756,"minecraft:deaths":6,"minecraft:jump":10906,"minecraft:walk_on_water_one_cm":81465,"minecraft:enchant_item":12,"minecraft:interact_with_furnace":240,"minecraft:traded_with_villager":61,"minecraft:sleep_in_bed":1,"minecraft:damage_dealt":44673,"minecraft:crouch_one_cm":165343,"minecraft:interact_with_smoker":20,"minecraft:inspect_dispenser":4,"minecraft:mob_kills":298,"minecraft:interact_with_anvil":11,"minecraft:climb_one_cm":9235,"minecraft:walk_one_cm":1843978,"minecraft:sneak_time":40699,"minecraft:walk_under_water_one_cm":25464,"minecraft:boat_one_cm":217721,"minecraft:total_world_time":595756,"minecraft:interact_with_grindstone":4,"minecraft:time_since_rest":158026,"minecraft:damage_taken":9203,"minecraft:swim_one_cm":146450,"minecraft:fly_one_cm":1850434,"minecraft:open_chest":623,"minecraft:fall_one_cm":218685},"minecraft:crafted":{"minecraft:grindstone":1,"minecraft:oak_planks":708,"minecraft:smooth_stone":3,"minecraft:cooked_chicken":5,"minecraft:stone":6,"minecraft:diamond_shovel":1,"minecraft:cooked_mutton":13,"minecraft:quartz_block":453,"minecraft:diamond_helmet":1,"minecraft:diamond_leggings":1,"minecraft:iron_boots":1,"minecraft:chest":10,"minecraft:smoker":2,"minecraft:emerald":57,"minecraft:cooked_porkchop":19,"minecraft:diamond_axe":1,"minecraft:crafting_table":11,"minecraft:spruce_planks":176,"minecraft:iron_helmet":1,"minecraft:wooden_pickaxe":3,"minecraft:baked_potato":128,"minecraft:golden_pickaxe":4,"minecraft:birch_planks":252,"minecraft:wooden_hoe":1,"minecraft:iron_chestplate":1,"minecraft:book":9,"minecraft:paper":33,"minecraft:diamond_pickaxe":2,"minecraft:shield":2,"minecraft:stick":1660,"minecraft:stone_slab":6,"minecraft:iron_ingot":143,"minecraft:iron_pickaxe":11,"minecraft:iron_block":3,"minecraft:stone_sword":1,"minecraft:gold_ingot":100,"minecraft:wooden_sword":1,"minecraft:stone_shovel":1,"minecraft:smooth_stone_slab":6,"minecraft:furnace":8,"minecraft:iron_axe":1,"minecraft:stone_pickaxe":8,"minecraft:diamond_boots":1,"minecraft:netherite_scrap":2,"minecraft:cooked_beef":30,"minecraft:diamond_sword":1,"minecraft:iron_sword":2,"minecraft:stone_axe":2,"minecraft:enchanted_book":4,"minecraft:bread":4,"minecraft:air":0,"minecraft:oak_boat":2,"minecraft:gold_nugget":1,"minecraft:wooden_axe":1,"minecraft:iron_shovel":14,"minecraft:iron_leggings":1,"minecraft:anvil":1,"minecraft:white_bed":1,"minecraft:torch":108,"minecraft:diamond_chestplate":1},"minecraft:mined":{"minecraft:spruce_planks":3,"minecraft:white_bed":1,"minecraft:cave_vines_plant":1,"minecraft:granite":9,"minecraft:grass_block":6800,"minecraft:cracked_polished_blackstone_bricks":7,"minecraft:nether_wart":13,"minecraft:tuff_bricks":16,"minecraft:spawner":1,"minecraft:polished_blackstone_bricks":3,"minecraft:tall_seagrass":1,"minecraft:magma_block":52,"minecraft:glowstone":2,"minecraft:iron_ore":86,"minecraft:cobbled_deepslate":8,"minecraft:fire":31,"minecraft:polished_tuff":2,"minecraft:pumpkin":1,"minecraft:deepslate_lapis_ore":9,"minecraft:nether_brick_stairs":4,"minecraft:enchanting_table":1,"minecraft:dirt_path":10,"minecraft:polished_tuff_slab":1,"minecraft:deepslate_redstone_ore":17,"minecraft:red_bed":1,"minecraft:blackstone":30,"minecraft:kelp_plant":1,"minecraft:crimson_nylium":10,"minecraft:clay":8,"minecraft:torch":17,"minecraft:chest":2,"minecraft:nether_quartz_ore":1847,"minecraft:cobblestone":24,"minecraft:sugar_cane":44,"minecraft:oak_planks":2,"minecraft:wall_torch":6,"minecraft:seagrass":1,"minecraft:waxed_copper_bulb":3,"minecraft:nether_wart_block":2,"minecraft:birch_log":44,"minecraft:waxed_oxidized_cut_copper_stairs":1,"minecraft:waxed_copper_block":5,"minecraft:oak_log":200,"minecraft:waxed_oxidized_copper":3,"minecraft:sand":162,"minecraft:dirt":6787,"minecraft:dispenser":1,"minecraft:netherrack":3028,"minecraft:ancient_debris":4,"minecraft:oak_leaves":17,"minecraft:deepslate":1547,"minecraft:nether_gold_ore":109,"minecraft:tuff":130,"minecraft:deepslate_diamond_ore":37,"minecraft:nether_bricks":12,"minecraft:weeping_vines":1,"minecraft:kelp":1,"minecraft:sandstone":11,"minecraft:crimson_stem":2,"minecraft:furnace":17,"minecraft:waxed_copper_grate":1,"minecraft:andesite":5,"minecraft:gold_block":2,"minecraft:chiseled_tuff":1,"minecraft:potatoes":47,"minecraft:deepslate_iron_ore":31,"minecraft:stone":3349,"minecraft:soul_sand":50,"minecraft:basalt":22,"minecraft:crafting_table":19,"minecraft:short_grass":94,"minecraft:tall_grass":13,"minecraft:copper_ore":14,"minecraft:red_glazed_terracotta":1,"minecraft:lapis_ore":6,"minecraft:deepslate_gold_ore":25,"minecraft:diorite":66,"minecraft:birch_planks":1,"minecraft:ice":3,"minecraft:spruce_log":45,"minecraft:birch_leaves":4,"minecraft:coal_ore":293,"minecraft:gravel":89,"minecraft:cobweb":4},"minecraft:picked_up":{"minecraft:iron_chestplate":5,"minecraft:enchanted_book":5,"minecraft:gilded_blackstone":15,"minecraft:string":32,"minecraft:raw_copper":48,"minecraft:red_candle":3,"minecraft:netherite_ingot":1,"minecraft:diamond_leggings":1,"minecraft:gold_nugget":328,"minecraft:cobbled_deepslate":876,"minecraft:spruce_planks":118,"minecraft:trial_key":30,"minecraft:netherite_upgrade_smithing_template":1,"minecraft:iron_pickaxe":2,"minecraft:furnace":20,"minecraft:tipped_arrow":84,"minecraft:stick":30,"minecraft:torch":68,"minecraft:porkchop":25,"minecraft:waxed_copper_grate":1,"minecraft:diorite":57,"minecraft:rotten_flesh":51,"minecraft:honey_bottle":16,"minecraft:blaze_rod":5,"minecraft:snowball":30,"minecraft:cobblestone":2842,"minecraft:birch_log":44,"minecraft:enchanting_table":1,"minecraft:magma_block":33,"minecraft:feather":9,"minecraft:cooked_beef":3,"minecraft:magma_cream":6,"minecraft:andesite":6,"minecraft:brown_wool":2,"minecraft:potato":185,"minecraft:flint":3,"minecraft:tuff":5,"minecraft:lapis_lazuli":95,"minecraft:dirt":8861,"minecraft:bone":103,"minecraft:bow":13,"minecraft:wheat_seeds":139,"minecraft:raw_gold":33,"minecraft:bolt_armor_trim_smithing_template":2,"minecraft:guster_banner_pattern":3,"minecraft:glowstone_dust":3,"minecraft:oak_planks":25,"minecraft:waxed_chiseled_copper":1,"minecraft:poisonous_potato":2,"minecraft:sand":209,"minecraft:nether_brick_stairs":2,"minecraft:spectral_arrow":35,"minecraft:diamond":42,"minecraft:cracked_polished_blackstone_bricks":7,"minecraft:breeze_rod":2,"minecraft:crossbow":2,"minecraft:granite":10,"minecraft:golden_apple":1,"minecraft:emerald":26,"minecraft:bread":10,"minecraft:music_disc_precipice":1,"minecraft:oak_sapling":39,"minecraft:netherrack":2639,"minecraft:diamond_pickaxe":1,"minecraft:crafting_table":21,"minecraft:azure_bluet":2,"minecraft:ominous_bottle":5,"minecraft:chicken":7,"minecraft:nether_wart":58,"minecraft:clay_ball":4,"minecraft:brown_mushroom":1,"minecraft:wooden_pickaxe":1,"minecraft:gold_block":2,"minecraft:brick":20,"minecraft:shield":5,"minecraft:wind_charge":35,"minecraft:cornflower":4,"minecraft:iron_axe":7,"minecraft:iron_shovel":1,"minecraft:blackstone":25,"minecraft:beef":47,"minecraft:oak_boat":4,"minecraft:chiseled_tuff":2,"minecraft:poppy":1,"minecraft:spruce_slab":9,"minecraft:chest":1,"minecraft:sugar_cane":63,"minecraft:birch_sapling":7,"minecraft:waxed_oxidized_copper":2,"minecraft:phantom_membrane":2,"minecraft:egg":13,"minecraft:raw_iron":163,"minecraft:sandstone":11,"minecraft:polished_blackstone_bricks":3,"minecraft:flow_pottery_sherd":1,"minecraft:trident":1,"minecraft:redstone":64,"minecraft:arrow":110,"minecraft:diamond_chestplate":3,"minecraft:nether_bricks":10,"minecraft:diamond_boots":1,"minecraft:waxed_oxidized_cut_copper_stairs":1,"minecraft:tuff_bricks":14,"minecraft:glow_berries":1,"minecraft:mutton":27,"minecraft:white_wool":13,"minecraft:oxeye_daisy":1,"minecraft:mud_bricks":1,"minecraft:basalt":21,"minecraft:crimson_stem":2,"minecraft:leather":9,"minecraft:birch_planks":1,"minecraft:waxed_copper_bulb":3,"minecraft:oak_log":199,"minecraft:waxed_copper_block":5,"minecraft:ancient_debris":6,"minecraft:nether_wart_block":2,"minecraft:gunpowder":15,"minecraft:apple":6,"minecraft:kelp":1,"minecraft:iron_ingot":10,"minecraft:polished_tuff_slab":1,"minecraft:cooked_chicken":1,"minecraft:glass_bottle":1,"minecraft:soul_sand":50,"minecraft:iron_sword":2,"minecraft:book":2,"minecraft:pumpkin":1,"minecraft:quartz":1815,"minecraft:dandelion":16,"minecraft:gravel":59,"minecraft:white_bed":1,"minecraft:spruce_log":49,"minecraft:polished_tuff":2,"minecraft:spider_eye":16,"minecraft:diamond_shovel":4,"minecraft:slime_ball":10,"minecraft:stone_axe":3,"minecraft:iron_helmet":1,"minecraft:black_wool":3,"minecraft:coal":501},"minecraft:killed_by":{"minecraft:creeper":1,"minecraft:skeleton":4},"minecraft:broken":{"minecraft:iron_shovel":13,"minecraft:stone_pickaxe":4,"minecraft:iron_sword":1,"minecraft:iron_pickaxe":9,"minecraft:iron_helmet":1,"minecraft:golden_pickaxe":4},"minecraft:dropped":{"minecraft:iron_sword":1,"minecraft:birch_planks":10,"minecraft:ominous_bottle":2,"minecraft:baked_potato":10,"minecraft:glass_bottle":1,"minecraft:crossbow":2,"minecraft:saddle":1,"minecraft:emerald":9,"minecraft:dirt":283,"minecraft:sand":10,"minecraft:iron_pickaxe":1,"minecraft:birch_log":3,"minecraft:stone_axe":2,"minecraft:cooked_chicken":1,"minecraft:cobbled_deepslate":459,"minecraft:birch_sapling":1,"minecraft:wheat":1,"minecraft:rotten_flesh":17,"minecraft:oak_planks":14,"minecraft:diamond_shovel":3,"minecraft:waxed_copper_block":1,"minecraft:wind_charge":20,"minecraft:tipped_arrow":3,"minecraft:beetroot_seeds":4,"minecraft:spruce_slab":9,"minecraft:arrow":5,"minecraft:netherrack":128,"minecraft:enchanted_book":2,"minecraft:iron_ingot":1,"minecraft:bread":10,"minecraft:wheat_seeds":12,"minecraft:golden_horse_armor":1,"minecraft:waxed_oxidized_cut_copper_stairs":1,"minecraft:poisonous_potato":2,"minecraft:cobblestone":13,"minecraft:waxed_copper_grate":1,"minecraft:wooden_axe":1,"minecraft:waxed_copper_bulb":3,"minecraft:waxed_oxidized_copper":1,"minecraft:iron_axe":6,"minecraft:iron_shovel":1,"minecraft:string":6,"minecraft:tuff_bricks":8,"minecraft:kelp":1,"minecraft:stone_sword":1,"minecraft:polished_tuff_slab":1,"minecraft:stone_shovel":1,"minecraft:nether_bricks":1,"minecraft:filled_map":1,"minecraft:mud_bricks":1,"minecraft:shield":1,"minecraft:trial_key":1,"minecraft:spruce_planks":5,"minecraft:iron_chestplate":4,"minecraft:andesite":1,"minecraft:oak_sapling":7,"minecraft:spider_eye":12,"minecraft:sandstone":11,"minecraft:bow":11,"minecraft:stone_pickaxe":1,"minecraft:wooden_pickaxe":4,"minecraft:brick":4},"minecraft:killed":{"minecraft:cave_spider":15,"minecraft:spider":14,"minecraft:skeleton":19,"minecraft:chicken":7,"minecraft:magma_cube":20,"minecraft:piglin":13,"minecraft:pig":10,"minecraft:creeper":8,"minecraft:sheep":13,"minecraft:zombie":29,"minecraft:stray":78,"minecraft:cow":11,"minecraft:blaze":8,"minecraft:slime":5,"minecraft:phantom":2,"minecraft:drowned":1,"minecraft:husk":14,"minecraft:bat":5,"minecraft:hoglin":1,"minecraft:breeze":1,"minecraft:wither_skeleton":9,"minecraft:enderman":1},"minecraft:used":{"minecraft:iron_shovel":3361,"minecraft:chest":11,"minecraft:shield":7,"minecraft:iron_sword":300,"minecraft:rotten_flesh":5,"minecraft:iron_chestplate":1,"minecraft:nether_bricks":8,"minecraft:carrot":25,"minecraft:tuff":7,"minecraft:waxed_oxidized_copper":1,"minecraft:quartz_block":1,"minecraft:furnace":21,"minecraft:cooked_cod":6,"minecraft:egg":11,"minecraft:potato":47,"minecraft:diorite":9,"minecraft:oak_planks":1,"minecraft:stone_pickaxe":655,"minecraft:wooden_pickaxe":24,"minecraft:glow_berries":1,"minecraft:bread":10,"minecraft:gravel":1,"minecraft:diamond_sword":330,"minecraft:wooden_sword":1,"minecraft:grindstone":1,"minecraft:oak_boat":5,"minecraft:golden_pickaxe":128,"minecraft:enchanting_table":1,"minecraft:stone_sword":40,"minecraft:stone_shovel":38,"minecraft:spruce_planks":4,"minecraft:trial_key":13,"minecraft:cooked_chicken":5,"minecraft:netherrack":826,"minecraft:torch":131,"minecraft:dirt":2045,"minecraft:anvil":1,"minecraft:diamond_helmet":1,"minecraft:granite":1,"minecraft:wooden_axe":28,"minecraft:iron_axe":225,"minecraft:basalt":1,"minecraft:cooked_beef":30,"minecraft:cobbled_deepslate":183,"minecraft:iron_leggings":1,"minecraft:cooked_mutton":13,"minecraft:birch_planks":1,"minecraft:baked_potato":90,"minecraft:crafting_table":27,"minecraft:white_bed":2,"minecraft:smoker":2,"minecraft:wooden_hoe":7,"minecraft:diamond_pickaxe":7685,"minecraft:diamond_shovel":10560,"minecraft:chicken":1,"minecraft:iron_pickaxe":2383,"minecraft:stone_axe":147,"minecraft:cobblestone":96,"minecraft:cooked_porkchop":13}},"DataVersion":3953}