{"stats":{"minecraft:dropped":{"minecraft:wheat_seeds":1,"minecraft:dirt":6,"minecraft:wooden_axe":1,"minecraft:sand":10,"minecraft:string":6,"minecraft:stone_axe":2,"minecraft:kelp":1,"minecraft:stone_sword":1,"minecraft:cobbled_deepslate":459,"minecraft:birch_sapling":1,"minecraft:wheat":1,"minecraft:stone_shovel":1,"minecraft:rotten_flesh":1,"minecraft:oak_planks":14,"minecraft:filled_map":1,"minecraft:spruce_planks":5,"minecraft:beetroot_seeds":4,"minecraft:andesite":1,"minecraft:oak_sapling":2,"minecraft:spider_eye":1,"minecraft:sandstone":11,"minecraft:wooden_pickaxe":4,"minecraft:arrow":5,"minecraft:stone_pickaxe":1},"minecraft:custom":{"minecraft:mob_kills":63,"minecraft:interact_with_crafting_table":52,"minecraft:leave_game":7,"minecraft:time_since_death":119530,"minecraft:sprint_one_cm":341191,"minecraft:walk_one_cm":302192,"minecraft:damage_blocked_by_shield":315,"minecraft:drop":46,"minecraft:play_time":155061,"minecraft:deaths":5,"minecraft:sneak_time":5231,"minecraft:walk_under_water_one_cm":16874,"minecraft:boat_one_cm":217721,"minecraft:jump":2288,"minecraft:walk_on_water_one_cm":45076,"minecraft:total_world_time":155061,"minecraft:interact_with_furnace":92,"minecraft:time_since_rest":119654,"minecraft:damage_taken":2798,"minecraft:damage_dealt":9081,"minecraft:swim_one_cm":105830,"minecraft:fly_one_cm":651107,"minecraft:open_chest":64,"minecraft:crouch_one_cm":13140,"minecraft:fall_one_cm":52607},"minecraft:crafted":{"minecraft:wooden_sword":1,"minecraft:oak_planks":136,"minecraft:stone_shovel":1,"minecraft:cooked_chicken":3,"minecraft:furnace":6,"minecraft:cooked_mutton":11,"minecraft:iron_boots":1,"minecraft:stone_pickaxe":8,"minecraft:chest":6,"minecraft:cooked_porkchop":18,"minecraft:crafting_table":10,"minecraft:spruce_planks":176,"minecraft:iron_helmet":1,"minecraft:wooden_pickaxe":3,"minecraft:iron_sword":2,"minecraft:birch_planks":48,"minecraft:stone_axe":2,"minecraft:bread":4,"minecraft:air":0,"minecraft:oak_boat":2,"minecraft:wooden_hoe":1,"minecraft:iron_chestplate":1,"minecraft:diamond_pickaxe":1,"minecraft:shield":2,"minecraft:stick":76,"minecraft:iron_ingot":45,"minecraft:iron_pickaxe":6,"minecraft:wooden_axe":1,"minecraft:stone_sword":1,"minecraft:iron_leggings":1,"minecraft:iron_shovel":3,"minecraft:gold_ingot":20,"minecraft:white_bed":1,"minecraft:torch":44},"minecraft:used":{"minecraft:stone_sword":40,"minecraft:iron_shovel":579,"minecraft:stone_shovel":38,"minecraft:chest":6,"minecraft:spruce_planks":4,"minecraft:shield":7,"minecraft:iron_sword":32,"minecraft:cooked_chicken":3,"minecraft:rotten_flesh":5,"minecraft:iron_chestplate":1,"minecraft:torch":47,"minecraft:dirt":25,"minecraft:carrot":7,"minecraft:wooden_axe":28,"minecraft:furnace":17,"minecraft:egg":5,"minecraft:cobbled_deepslate":88,"minecraft:iron_leggings":1,"minecraft:cooked_mutton":11,"minecraft:birch_planks":1,"minecraft:oak_planks":1,"minecraft:stone_pickaxe":655,"minecraft:wooden_pickaxe":24,"minecraft:crafting_table":26,"minecraft:white_bed":2,"minecraft:wooden_hoe":7,"minecraft:diamond_pickaxe":78,"minecraft:bread":1,"minecraft:iron_pickaxe":1250,"minecraft:stone_axe":147,"minecraft:wooden_sword":1,"minecraft:cooked_porkchop":10,"minecraft:oak_boat":5},"minecraft:killed":{"minecraft:spider":8,"minecraft:slime":5,"minecraft:skeleton":6,"minecraft:chicken":4,"minecraft:pig":8,"minecraft:creeper":5,"minecraft:sheep":12,"minecraft:zombie":14},"minecraft:broken":{"minecraft:iron_shovel":2,"minecraft:stone_pickaxe":4,"minecraft:iron_pickaxe":5},"minecraft:picked_up":{"minecraft:crafting_table":20,"minecraft:chicken":4,"minecraft:wooden_pickaxe":1,"minecraft:gold_block":2,"minecraft:shield":2,"minecraft:string":7,"minecraft:cobbled_deepslate":687,"minecraft:spruce_planks":118,"minecraft:oak_boat":4,"minecraft:iron_pickaxe":1,"minecraft:sugar_cane":28,"minecraft:birch_sapling":1,"minecraft:furnace":16,"minecraft:egg":7,"minecraft:stick":8,"minecraft:raw_iron":60,"minecraft:sandstone":11,"minecraft:torch":40,"minecraft:porkchop":24,"minecraft:redstone":34,"minecraft:arrow":7,"minecraft:rotten_flesh":8,"minecraft:mutton":25,"minecraft:snowball":30,"minecraft:white_wool":13,"minecraft:cobblestone":287,"minecraft:birch_log":12,"minecraft:feather":6,"minecraft:andesite":2,"minecraft:brown_wool":2,"minecraft:birch_planks":1,"minecraft:tuff":4,"minecraft:oak_log":34,"minecraft:gunpowder":10,"minecraft:lapis_lazuli":61,"minecraft:dirt":583,"minecraft:bone":9,"minecraft:apple":1,"minecraft:kelp":1,"minecraft:bow":1,"minecraft:wheat_seeds":7,"minecraft:raw_gold":23,"minecraft:iron_ingot":4,"minecraft:oak_planks":24,"minecraft:pumpkin":1,"minecraft:sand":101,"minecraft:white_bed":1,"minecraft:spruce_log":49,"minecraft:spider_eye":4,"minecraft:slime_ball":10,"minecraft:diamond":28,"minecraft:stone_axe":3,"minecraft:granite":2,"minecraft:oak_sapling":5,"minecraft:black_wool":2,"minecraft:coal":198},"minecraft:mined":{"minecraft:tuff":124,"minecraft:spruce_planks":3,"minecraft:white_bed":1,"minecraft:deepslate_diamond_ore":28,"minecraft:granite":1,"minecraft:grass_block":388,"minecraft:kelp":1,"minecraft:sandstone":11,"minecraft:spawner":1,"minecraft:tall_seagrass":1,"minecraft:furnace":13,"minecraft:iron_ore":18,"minecraft:cobbled_deepslate":8,"minecraft:andesite":1,"minecraft:pumpkin":1,"minecraft:deepslate_lapis_ore":9,"minecraft:gold_block":2,"minecraft:deepslate_iron_ore":28,"minecraft:stone":285,"minecraft:deepslate_redstone_ore":10,"minecraft:kelp_plant":1,"minecraft:crafting_table":18,"minecraft:torch":10,"minecraft:short_grass":35,"minecraft:tall_grass":5,"minecraft:cobblestone":2,"minecraft:lapis_ore":1,"minecraft:deepslate_gold_ore":23,"minecraft:sugar_cane":9,"minecraft:wall_torch":4,"minecraft:seagrass":1,"minecraft:birch_planks":1,"minecraft:birch_log":12,"minecraft:ice":3,"minecraft:spruce_log":45,"minecraft:birch_leaves":2,"minecraft:oak_log":34,"minecraft:coal_ore":67,"minecraft:gravel":6,"minecraft:sand":41,"minecraft:dirt":200,"minecraft:deepslate":1364},"minecraft:killed_by":{"minecraft:creeper":1,"minecraft:skeleton":4}},"DataVersion":3953}