{"stats":{"minecraft:dropped":{"minecraft:wheat_seeds":1,"minecraft:birch_sapling":1,"minecraft:andesite":1,"minecraft:wooden_axe":1,"minecraft:oak_sapling":2,"minecraft:spider_eye":1,"minecraft:wooden_pickaxe":4,"minecraft:string":1},"minecraft:custom":{"minecraft:interact_with_furnace":43,"minecraft:mob_kills":45,"minecraft:interact_with_crafting_table":21,"minecraft:leave_game":1,"minecraft:time_since_death":12857,"minecraft:time_since_rest":12981,"minecraft:sprint_one_cm":206817,"minecraft:damage_taken":1768,"minecraft:walk_one_cm":78554,"minecraft:damage_blocked_by_shield":195,"minecraft:drop":11,"minecraft:damage_dealt":5767,"minecraft:swim_one_cm":33777,"minecraft:fly_one_cm":339876,"minecraft:open_chest":1,"minecraft:crouch_one_cm":4200,"minecraft:play_time":48388,"minecraft:deaths":5,"minecraft:sneak_time":1582,"minecraft:walk_under_water_one_cm":7276,"minecraft:jump":1234,"minecraft:walk_on_water_one_cm":24256,"minecraft:total_world_time":48388,"minecraft:fall_one_cm":33399},"minecraft:crafted":{"minecraft:wooden_sword":1,"minecraft:oak_planks":136,"minecraft:cooked_porkchop":14,"minecraft:crafting_table":4,"minecraft:spruce_planks":176,"minecraft:wooden_pickaxe":3,"minecraft:iron_sword":1,"minecraft:furnace":3,"minecraft:birch_planks":48,"minecraft:stone_axe":2,"minecraft:cooked_mutton":11,"minecraft:air":0,"minecraft:shield":2,"minecraft:stick":40,"minecraft:iron_ingot":8,"minecraft:iron_pickaxe":1,"minecraft:stone_pickaxe":4,"minecraft:wooden_axe":1,"minecraft:white_bed":1,"minecraft:torch":24},"minecraft:used":{"minecraft:cooked_mutton":4,"minecraft:stone_pickaxe":228,"minecraft:spruce_planks":4,"minecraft:shield":5,"minecraft:wooden_pickaxe":24,"minecraft:iron_sword":3,"minecraft:rotten_flesh":5,"minecraft:torch":8,"minecraft:dirt":11,"minecraft:crafting_table":10,"minecraft:wooden_axe":28,"minecraft:stone_axe":138,"minecraft:wooden_sword":1,"minecraft:furnace":5,"minecraft:cooked_porkchop":3,"minecraft:egg":4,"minecraft:cobbled_deepslate":1},"minecraft:killed":{"minecraft:pig":8,"minecraft:spider":1,"minecraft:slime":5,"minecraft:creeper":3,"minecraft:skeleton":1,"minecraft:sheep":12,"minecraft:zombie":11,"minecraft:chicken":3},"minecraft:picked_up":{"minecraft:birch_log":12,"minecraft:crafting_table":10,"minecraft:feather":4,"minecraft:chicken":3,"minecraft:andesite":2,"minecraft:brown_wool":2,"minecraft:wooden_pickaxe":1,"minecraft:oak_log":34,"minecraft:shield":2,"minecraft:gunpowder":8,"minecraft:string":2,"minecraft:dirt":28,"minecraft:bone":1,"minecraft:wheat_seeds":2,"minecraft:cobbled_deepslate":4,"minecraft:spruce_planks":118,"minecraft:iron_ingot":3,"minecraft:iron_pickaxe":1,"minecraft:sugar_cane":16,"minecraft:birch_sapling":1,"minecraft:oak_planks":10,"minecraft:egg":6,"minecraft:furnace":8,"minecraft:stick":7,"minecraft:raw_iron":26,"minecraft:pumpkin":1,"minecraft:torch":18,"minecraft:porkchop":24,"minecraft:sand":22,"minecraft:spruce_log":49,"minecraft:spider_eye":2,"minecraft:arrow":2,"minecraft:rotten_flesh":7,"minecraft:slime_ball":10,"minecraft:stone_axe":2,"minecraft:granite":2,"minecraft:oak_sapling":4,"minecraft:black_wool":2,"minecraft:mutton":25,"minecraft:coal":153,"minecraft:snowball":30,"minecraft:white_wool":13,"minecraft:cobblestone":155},"minecraft:broken":{"minecraft:stone_pickaxe":1},"minecraft:mined":{"minecraft:spruce_planks":3,"minecraft:crafting_table":8,"minecraft:torch":1,"minecraft:granite":1,"minecraft:short_grass":23,"minecraft:grass_block":5,"minecraft:tall_grass":5,"minecraft:sugar_cane":3,"minecraft:seagrass":1,"minecraft:tall_seagrass":1,"minecraft:furnace":5,"minecraft:birch_log":12,"minecraft:iron_ore":10,"minecraft:spruce_log":45,"minecraft:birch_leaves":2,"minecraft:andesite":1,"minecraft:pumpkin":1,"minecraft:coal_ore":67,"minecraft:oak_log":34,"minecraft:deepslate_iron_ore":8,"minecraft:dirt":11,"minecraft:stone":156,"minecraft:deepslate":2},"minecraft:killed_by":{"minecraft:skeleton":4,"minecraft:creeper":1}},"DataVersion":3953}