{"stats":{"minecraft:dropped":{"minecraft:water_bucket":1,"minecraft:cooked_beef":7,"minecraft:glow_ink_sac":3,"minecraft:cooked_porkchop":20,"minecraft:cobblestone":1,"minecraft:rail":2,"minecraft:wooden_axe":1,"minecraft:iron_pickaxe":1,"minecraft:redstone":16,"minecraft:stone_axe":1,"minecraft:cobbled_deepslate":105,"minecraft:tuff":8,"minecraft:pointed_dripstone":1,"minecraft:rotten_flesh":2,"minecraft:light_gray_wool":1,"minecraft:waxed_copper_block":1,"minecraft:spruce_log":1,"minecraft:stone_pickaxe":1,"minecraft:wooden_pickaxe":1},"minecraft:custom":{"minecraft:mob_kills":63,"minecraft:interact_with_crafting_table":43,"minecraft:open_barrel":2,"minecraft:bell_ring":1,"minecraft:leave_game":2,"minecraft:time_since_death":133469,"minecraft:climb_one_cm":2524,"minecraft:sprint_one_cm":597041,"minecraft:walk_one_cm":559524,"minecraft:damage_blocked_by_shield":3521,"minecraft:drop":36,"minecraft:talked_to_villager":2,"minecraft:play_time":191469,"minecraft:deaths":2,"minecraft:sneak_time":5932,"minecraft:walk_under_water_one_cm":4510,"minecraft:jump":2002,"minecraft:walk_on_water_one_cm":21257,"minecraft:total_world_time":191469,"minecraft:interact_with_furnace":114,"minecraft:sleep_in_bed":8,"minecraft:time_since_rest":3194,"minecraft:damage_taken":2091,"minecraft:damage_dealt":6872,"minecraft:swim_one_cm":37262,"minecraft:fly_one_cm":328585,"minecraft:open_chest":95,"minecraft:crouch_one_cm":18532,"minecraft:fall_one_cm":34766,"minecraft:inspect_dispenser":1},"minecraft:crafted":{"minecraft:cooked_chicken":10,"minecraft:furnace":4,"minecraft:cooked_mutton":18,"minecraft:bow":1,"minecraft:diamond_helmet":1,"minecraft:diamond_leggings":1,"minecraft:iron_boots":1,"minecraft:iron_axe":1,"minecraft:stone_pickaxe":1,"minecraft:chest":1,"minecraft:diamond_boots":1,"minecraft:cooked_beef":18,"minecraft:cooked_porkchop":20,"minecraft:crafting_table":2,"minecraft:spruce_planks":180,"minecraft:iron_helmet":1,"minecraft:wooden_pickaxe":2,"minecraft:baked_potato":6,"minecraft:iron_sword":2,"minecraft:stone_axe":1,"minecraft:air":0,"minecraft:iron_chestplate":1,"minecraft:diamond_pickaxe":1,"minecraft:shield":2,"minecraft:stick":40,"minecraft:iron_ingot":106,"minecraft:iron_pickaxe":4,"minecraft:wooden_axe":1,"minecraft:iron_shovel":7,"minecraft:gold_ingot":9,"minecraft:iron_leggings":1,"minecraft:white_bed":1,"minecraft:torch":100,"minecraft:diamond_chestplate":1},"minecraft:used":{"minecraft:waxed_oxidized_copper_door":1,"minecraft:oak_fence":1,"minecraft:iron_shovel":1683,"minecraft:stone_shovel":95,"minecraft:chest":4,"minecraft:shield":51,"minecraft:iron_sword":123,"minecraft:iron_chestplate":2,"minecraft:torch":106,"minecraft:dirt":98,"minecraft:diamond_helmet":2,"minecraft:tuff":4,"minecraft:wooden_axe":1,"minecraft:iron_axe":220,"minecraft:iron_helmet":3,"minecraft:iron_boots":2,"minecraft:diamond_chestplate":2,"minecraft:furnace":20,"minecraft:egg":1,"minecraft:cooked_beef":15,"minecraft:cobbled_deepslate":110,"minecraft:iron_leggings":2,"minecraft:cooked_mutton":18,"minecraft:water_bucket":1,"minecraft:diorite":1,"minecraft:diamond_boots":2,"minecraft:stone_pickaxe":21,"minecraft:waxed_oxidized_cut_copper":2,"minecraft:wooden_pickaxe":7,"minecraft:spruce_sign":1,"minecraft:glow_berries":8,"minecraft:crafting_table":14,"minecraft:white_bed":4,"minecraft:oak_log":6,"minecraft:diamond_pickaxe":4,"minecraft:iron_pickaxe":1133,"minecraft:spruce_sapling":1,"minecraft:stone_axe":21,"minecraft:cobblestone":5,"minecraft:purple_bed":2,"minecraft:bucket":2,"minecraft:andesite":1,"minecraft:diamond_leggings":2},"minecraft:broken":{"minecraft:iron_shovel":6,"minecraft:iron_pickaxe":3,"minecraft:stone_shovel":1},"minecraft:killed":{"minecraft:armadillo":1,"minecraft:spider":3,"minecraft:skeleton":6,"minecraft:chicken":9,"minecraft:pig":10,"minecraft:sheep":15,"minecraft:trader_llama":2,"minecraft:zombie":7,"minecraft:cow":9},"minecraft:picked_up":{"minecraft:waxed_oxidized_cut_copper":2,"minecraft:crafting_table":14,"minecraft:chicken":15,"minecraft:lead":2,"minecraft:brewing_stand":1,"minecraft:brick":3,"minecraft:string":2,"minecraft:candle":6,"minecraft:cobbled_deepslate":548,"minecraft:spruce_planks":16,"minecraft:beef":23,"minecraft:oak_boat":1,"minecraft:waxed_oxidized_copper_door":1,"minecraft:poppy":4,"minecraft:light_gray_wool":1,"minecraft:guster_pottery_sherd":1,"minecraft:birch_sapling":2,"minecraft:sugar_cane":30,"minecraft:chest":5,"minecraft:egg":1,"minecraft:furnace":18,"minecraft:raw_iron":182,"minecraft:stick":33,"minecraft:oak_fence":1,"minecraft:torch":3,"minecraft:porkchop":21,"minecraft:pointed_dripstone":1,"minecraft:diorite":1,"minecraft:redstone":16,"minecraft:stone_shovel":1,"minecraft:arrow":11,"minecraft:rotten_flesh":2,"minecraft:gold_ingot":1,"minecraft:tuff_bricks":20,"minecraft:glow_berries":8,"minecraft:mutton":18,"minecraft:rail":2,"minecraft:white_wool":14,"minecraft:cobblestone":34,"minecraft:birch_log":24,"minecraft:feather":10,"minecraft:cooked_beef":17,"minecraft:glow_ink_sac":3,"minecraft:andesite":1,"minecraft:leather":6,"minecraft:tuff":12,"minecraft:oak_log":157,"minecraft:waxed_copper_block":1,"minecraft:lapis_lazuli":27,"minecraft:dirt":1753,"minecraft:bone":6,"minecraft:apple":3,"minecraft:wheat_seeds":13,"minecraft:raw_gold":75,"minecraft:iron_ingot":1,"minecraft:oak_planks":3,"minecraft:dandelion":1,"minecraft:dripstone_block":1,"minecraft:sand":1,"minecraft:spruce_sapling":1,"minecraft:white_bed":3,"minecraft:spruce_log":30,"minecraft:spider_eye":1,"minecraft:purple_bed":3,"minecraft:diamond":36,"minecraft:stone_axe":1,"minecraft:spruce_sign":1,"minecraft:oak_sapling":46,"minecraft:coal":163},"minecraft:mined":{"minecraft:tuff":12,"minecraft:white_bed":3,"minecraft:deepslate_diamond_ore":36,"minecraft:candle":2,"minecraft:brewing_stand":1,"minecraft:cave_vines_plant":5,"minecraft:grass_block":1374,"minecraft:decorated_pot":1,"minecraft:tuff_bricks":21,"minecraft:waxed_oxidized_cut_copper":2,"minecraft:furnace":16,"minecraft:iron_ore":35,"minecraft:cobbled_deepslate":5,"minecraft:andesite":1,"minecraft:deepslate_lapis_ore":4,"minecraft:dirt_path":2,"minecraft:cave_vines":4,"minecraft:deepslate_iron_ore":47,"minecraft:stone":34,"minecraft:deepslate_redstone_ore":5,"minecraft:crafting_table":13,"minecraft:torch":2,"minecraft:short_grass":12,"minecraft:chest":5,"minecraft:tall_grass":1,"minecraft:deepslate_gold_ore":50,"minecraft:sugar_cane":11,"minecraft:diorite":1,"minecraft:wall_torch":1,"minecraft:purple_bed":3,"minecraft:birch_log":24,"minecraft:spruce_log":13,"minecraft:waxed_copper_block":1,"minecraft:oak_log":158,"minecraft:coal_ore":53,"minecraft:sand":1,"minecraft:dirt":412,"minecraft:dripstone_block":1,"minecraft:waxed_oxidized_copper_door":1,"minecraft:gold_ore":3,"minecraft:oak_leaves":33,"minecraft:deepslate":822},"minecraft:killed_by":{"minecraft:skeleton":1,"minecraft:zombie":1}},"DataVersion":3953}