{"stats":{"minecraft:custom":{"minecraft:interact_with_crafting_table":87,"minecraft:open_barrel":4,"minecraft:bell_ring":407,"minecraft:leave_game":9,"minecraft:time_since_death":435672,"minecraft:sprint_one_cm":1334882,"minecraft:damage_blocked_by_shield":4689,"minecraft:drop":184,"minecraft:talked_to_villager":13,"minecraft:play_time":493672,"minecraft:deaths":2,"minecraft:jump":5999,"minecraft:walk_on_water_one_cm":72769,"minecraft:interact_with_furnace":207,"minecraft:traded_with_villager":32,"minecraft:sleep_in_bed":12,"minecraft:damage_dealt":26350,"minecraft:crouch_one_cm":59198,"minecraft:inspect_dispenser":3,"minecraft:mob_kills":202,"minecraft:interact_with_anvil":3,"minecraft:climb_one_cm":11136,"minecraft:walk_one_cm":1374383,"minecraft:sneak_time":18586,"minecraft:walk_under_water_one_cm":17102,"minecraft:total_world_time":493672,"minecraft:time_since_rest":17653,"minecraft:damage_taken":5746,"minecraft:damage_absorbed":25,"minecraft:swim_one_cm":61879,"minecraft:fly_one_cm":958602,"minecraft:open_chest":258,"minecraft:fall_one_cm":110731},"minecraft:crafted":{"minecraft:oak_planks":580,"minecraft:cooked_chicken":10,"minecraft:cooked_mutton":18,"minecraft:diamond_helmet":1,"minecraft:diamond_leggings":1,"minecraft:bow":1,"minecraft:iron_boots":1,"minecraft:chest":5,"minecraft:emerald":32,"minecraft:arrow":40,"minecraft:cooked_porkchop":23,"minecraft:crafting_table":4,"minecraft:spruce_planks":180,"minecraft:wooden_pickaxe":2,"minecraft:baked_potato":18,"minecraft:iron_helmet":1,"minecraft:birch_planks":220,"minecraft:iron_chestplate":1,"minecraft:diamond_pickaxe":1,"minecraft:shield":3,"minecraft:stick":1492,"minecraft:iron_ingot":179,"minecraft:iron_pickaxe":12,"minecraft:gold_ingot":73,"minecraft:furnace":7,"minecraft:flint_and_steel":1,"minecraft:iron_axe":2,"minecraft:ladder":24,"minecraft:stone_pickaxe":1,"minecraft:diamond_boots":1,"minecraft:cooked_beef":43,"minecraft:diamond_sword":1,"minecraft:enchanting_table":1,"minecraft:iron_sword":3,"minecraft:stone_axe":1,"minecraft:air":0,"minecraft:golden_apple":4,"minecraft:wooden_axe":1,"minecraft:iron_shovel":8,"minecraft:iron_leggings":1,"minecraft:white_bed":1,"minecraft:torch":168,"minecraft:diamond_chestplate":1},"minecraft:picked_up":{"minecraft:lead":2,"minecraft:enchanted_book":6,"minecraft:potion":2,"minecraft:golden_shovel":1,"minecraft:brewing_stand":1,"minecraft:string":51,"minecraft:gold_nugget":139,"minecraft:cobbled_deepslate":1114,"minecraft:spruce_planks":16,"minecraft:trial_key":18,"minecraft:waxed_oxidized_copper_door":1,"minecraft:azalea":2,"minecraft:iron_pickaxe":11,"minecraft:furnace":21,"minecraft:tipped_arrow":22,"minecraft:stick":45,"minecraft:oak_fence":3,"minecraft:torch":14,"minecraft:porkchop":24,"minecraft:pointed_dripstone":1,"minecraft:diorite":17,"minecraft:honey_bottle":4,"minecraft:rotten_flesh":70,"minecraft:obsidian":21,"minecraft:cobblestone":155,"minecraft:birch_log":82,"minecraft:feather":12,"minecraft:cooked_beef":18,"minecraft:andesite":1,"minecraft:potato":1,"minecraft:flint":19,"minecraft:tuff":65,"minecraft:dirt":3534,"minecraft:lapis_lazuli":72,"minecraft:bone":61,"minecraft:bow":11,"minecraft:wheat_seeds":15,"minecraft:raw_gold":139,"minecraft:bolt_armor_trim_smithing_template":2,"minecraft:guster_banner_pattern":3,"minecraft:glowstone_dust":3,"minecraft:oak_planks":4,"minecraft:scrape_pottery_sherd":3,"minecraft:sand":4,"minecraft:diamond":78,"minecraft:breeze_rod":1,"minecraft:crossbow":1,"minecraft:granite":12,"minecraft:spruce_sign":1,"minecraft:emerald":16,"minecraft:bread":11,"minecraft:oak_sapling":48,"minecraft:netherrack":771,"minecraft:diamond_pickaxe":1,"minecraft:lingering_potion":1,"minecraft:waxed_oxidized_cut_copper":2,"minecraft:crafting_table":18,"minecraft:splash_potion":2,"minecraft:azure_bluet":1,"minecraft:ominous_bottle":3,"minecraft:chicken":15,"minecraft:shield":1,"minecraft:brick":55,"minecraft:wind_charge":11,"minecraft:cornflower":1,"minecraft:iron_axe":2,"minecraft:blackstone":133,"minecraft:candle":6,"minecraft:beef":55,"minecraft:oak_boat":1,"minecraft:poppy":4,"minecraft:light_gray_wool":1,"minecraft:guster_pottery_sherd":7,"minecraft:sugar_cane":49,"minecraft:chest":7,"minecraft:birch_sapling":2,"minecraft:egg":1,"minecraft:raw_iron":318,"minecraft:flow_pottery_sherd":1,"minecraft:carrot":300,"minecraft:redstone":80,"minecraft:diamond_chestplate":5,"minecraft:arrow":71,"minecraft:stone_shovel":1,"minecraft:gold_ingot":1,"minecraft:tuff_bricks":28,"minecraft:glow_berries":10,"minecraft:mutton":18,"minecraft:white_wool":15,"minecraft:rail":2,"minecraft:stripped_oak_log":1,"minecraft:basalt":726,"minecraft:glow_ink_sac":3,"minecraft:leather":24,"minecraft:red_mushroom":1,"minecraft:birch_planks":10,"minecraft:oak_log":305,"minecraft:waxed_copper_block":3,"minecraft:ancient_debris":4,"minecraft:gunpowder":4,"minecraft:paper":39,"minecraft:cooked_mutton":2,"minecraft:apple":4,"minecraft:iron_ingot":12,"minecraft:cooked_chicken":9,"minecraft:glass_bottle":1,"minecraft:book":45,"minecraft:quartz":89,"minecraft:dandelion":1,"minecraft:dripstone_block":1,"minecraft:gravel":154,"minecraft:spruce_sapling":1,"minecraft:white_bed":4,"minecraft:spruce_log":30,"minecraft:spider_eye":16,"minecraft:diamond_shovel":3,"minecraft:purple_bed":3,"minecraft:stone_axe":1,"minecraft:baked_potato":37,"minecraft:coal":227,"minecraft:ender_pearl":1},"minecraft:mined":{"minecraft:white_bed":4,"minecraft:brewing_stand":1,"minecraft:obsidian":21,"minecraft:cave_vines_plant":6,"minecraft:granite":12,"minecraft:grass_block":1379,"minecraft:tuff_bricks":23,"minecraft:spawner":1,"minecraft:glowstone":3,"minecraft:iron_ore":81,"minecraft:cobbled_deepslate":12,"minecraft:fire":28,"minecraft:deepslate_lapis_ore":9,"minecraft:azure_bluet":1,"minecraft:cave_vines":5,"minecraft:dirt_path":3,"minecraft:deepslate_redstone_ore":19,"minecraft:red_bed":1,"minecraft:blackstone":257,"minecraft:clay":2,"minecraft:torch":8,"minecraft:chest":7,"minecraft:nether_quartz_ore":89,"minecraft:cobblestone":9,"minecraft:sugar_cane":12,"minecraft:oak_planks":1,"minecraft:wall_torch":3,"minecraft:light_gray_stained_glass":2,"minecraft:birch_log":79,"minecraft:waxed_copper_block":1,"minecraft:oak_log":305,"minecraft:waxed_oxidized_copper_door":1,"minecraft:sand":4,"minecraft:dirt":420,"minecraft:netherrack":2032,"minecraft:ancient_debris":2,"minecraft:oak_leaves":39,"minecraft:deepslate":1401,"minecraft:nether_gold_ore":39,"minecraft:diamond_ore":1,"minecraft:tuff":48,"minecraft:deepslate_diamond_ore":78,"minecraft:candle":2,"minecraft:glow_lichen":1,"minecraft:decorated_pot":3,"minecraft:moss_block":2,"minecraft:red_mushroom":1,"minecraft:waxed_oxidized_cut_copper":2,"minecraft:furnace":19,"minecraft:carrots":80,"minecraft:andesite":1,"minecraft:deepslate_iron_ore":120,"minecraft:stripped_oak_log":1,"minecraft:stone":149,"minecraft:basalt":1080,"minecraft:oak_fence":2,"minecraft:crafting_table":17,"minecraft:short_grass":20,"minecraft:tall_grass":4,"minecraft:lapis_ore":2,"minecraft:deepslate_gold_ore":116,"minecraft:diorite":17,"minecraft:purple_bed":3,"minecraft:spruce_log":13,"minecraft:coal_ore":107,"minecraft:dripstone_block":1,"minecraft:gravel":171,"minecraft:cobweb":9,"minecraft:gold_ore":3},"minecraft:killed_by":{"minecraft:zombie":1,"minecraft:skeleton":1},"minecraft:broken":{"minecraft:iron_shovel":7,"minecraft:stone_shovel":1,"minecraft:shield":1,"minecraft:iron_axe":1,"minecraft:iron_pickaxe":21},"minecraft:dropped":{"minecraft:guster_pottery_sherd":6,"minecraft:iron_sword":1,"minecraft:ominous_bottle":1,"minecraft:cooked_beef":20,"minecraft:glow_ink_sac":3,"minecraft:cooked_porkchop":20,"minecraft:glow_berries":2,"minecraft:leather":18,"minecraft:rail":2,"minecraft:red_mushroom":1,"minecraft:flint":1,"minecraft:dirt":1,"minecraft:scrape_pottery_sherd":3,"minecraft:iron_pickaxe":2,"minecraft:gravel":5,"minecraft:stone_axe":1,"minecraft:blackstone":76,"minecraft:sugar_cane":4,"minecraft:ancient_debris":2,"minecraft:cooked_chicken":1,"minecraft:cobbled_deepslate":428,"minecraft:obsidian":4,"minecraft:pointed_dripstone":1,"minecraft:rotten_flesh":64,"minecraft:diamond_shovel":3,"minecraft:cooked_mutton":2,"minecraft:golden_shovel":1,"minecraft:honey_bottle":1,"minecraft:carrot":2,"minecraft:waxed_copper_block":3,"minecraft:lingering_potion":2,"minecraft:azalea":2,"minecraft:basalt":620,"minecraft:splash_potion":2,"minecraft:netherrack":360,"minecraft:iron_ingot":9,"minecraft:water_bucket":1,"minecraft:oak_fence":2,"minecraft:iron_helmet":1,"minecraft:cobblestone":34,"minecraft:book":1,"minecraft:granite":12,"minecraft:golden_apple":1,"minecraft:diorite":6,"minecraft:wooden_axe":1,"minecraft:iron_leggings":1,"minecraft:redstone":16,"minecraft:tuff_bricks":6,"minecraft:flow_pottery_sherd":1,"minecraft:tuff":59,"minecraft:guster_banner_pattern":2,"minecraft:raw_iron":16,"minecraft:light_gray_wool":1,"minecraft:iron_boots":1,"minecraft:potato":1,"minecraft:shield":1,"minecraft:diamond_chestplate":3,"minecraft:iron_chestplate":1,"minecraft:diamond_pickaxe":1,"minecraft:oak_sapling":1,"minecraft:spider_eye":1,"minecraft:spruce_log":1,"minecraft:stone_pickaxe":1,"minecraft:bow":6,"minecraft:wooden_pickaxe":1,"minecraft:raw_gold":8,"minecraft:brick":52},"minecraft:killed":{"minecraft:cave_spider":36,"minecraft:spider":7,"minecraft:skeleton":18,"minecraft:chicken":9,"minecraft:pig":11,"minecraft:creeper":2,"minecraft:sheep":16,"minecraft:trader_llama":2,"minecraft:zombie":33,"minecraft:stray":21,"minecraft:cow":23,"minecraft:armadillo":1,"minecraft:slime":2,"minecraft:husk":11,"minecraft:breeze":1,"minecraft:enderman":2},"minecraft:used":{"minecraft:waxed_oxidized_copper_door":1,"minecraft:iron_shovel":1853,"minecraft:ladder":15,"minecraft:chest":10,"minecraft:shield":102,"minecraft:iron_sword":355,"minecraft:iron_chestplate":2,"minecraft:carrot":80,"minecraft:tuff":4,"minecraft:obsidian":13,"minecraft:lava_bucket":1,"minecraft:iron_helmet":3,"minecraft:bow":56,"minecraft:furnace":23,"minecraft:oak_sapling":1,"minecraft:egg":1,"minecraft:diorite":11,"minecraft:diamond_boots":2,"minecraft:stone_pickaxe":21,"minecraft:wooden_pickaxe":7,"minecraft:white_wool":1,"minecraft:golden_apple":1,"minecraft:glow_berries":8,"minecraft:sand":3,"minecraft:gravel":126,"minecraft:diamond_sword":164,"minecraft:andesite":1,"minecraft:oak_fence":1,"minecraft:enchanting_table":1,"minecraft:flint_and_steel":6,"minecraft:stone_shovel":95,"minecraft:netherrack":145,"minecraft:cooked_chicken":10,"minecraft:trial_key":10,"minecraft:torch":222,"minecraft:dirt":171,"minecraft:diamond_helmet":2,"minecraft:wooden_axe":1,"minecraft:iron_axe":446,"minecraft:iron_boots":2,"minecraft:diamond_chestplate":2,"minecraft:cooked_beef":38,"minecraft:cobbled_deepslate":241,"minecraft:iron_leggings":2,"minecraft:cooked_mutton":18,"minecraft:water_bucket":16,"minecraft:baked_potato":46,"minecraft:waxed_oxidized_cut_copper":2,"minecraft:spruce_sign":1,"minecraft:crafting_table":18,"minecraft:white_bed":5,"minecraft:oak_log":6,"minecraft:diamond_pickaxe":32,"minecraft:iron_pickaxe":5729,"minecraft:spruce_sapling":1,"minecraft:stone_axe":21,"minecraft:cobblestone":90,"minecraft:purple_bed":2,"minecraft:cooked_porkchop":3,"minecraft:bucket":18,"minecraft:diamond_leggings":2}},"DataVersion":3953}