{"stats":{"minecraft:dropped":{"minecraft:water_bucket":1,"minecraft:cooked_beef":7,"minecraft:glow_ink_sac":3,"minecraft:cooked_porkchop":20,"minecraft:cobblestone":1,"minecraft:rail":2,"minecraft:flint":1,"minecraft:wooden_axe":1,"minecraft:iron_pickaxe":1,"minecraft:redstone":16,"minecraft:stone_axe":1,"minecraft:blackstone":76,"minecraft:cobbled_deepslate":105,"minecraft:tuff":8,"minecraft:pointed_dripstone":1,"minecraft:rotten_flesh":2,"minecraft:light_gray_wool":1,"minecraft:diamond_shovel":2,"minecraft:waxed_copper_block":1,"minecraft:basalt":364,"minecraft:spruce_log":1,"minecraft:wooden_pickaxe":1,"minecraft:stone_pickaxe":1,"minecraft:netherrack":11},"minecraft:custom":{"minecraft:mob_kills":63,"minecraft:interact_with_crafting_table":62,"minecraft:open_barrel":2,"minecraft:bell_ring":1,"minecraft:leave_game":3,"minecraft:time_since_death":238044,"minecraft:climb_one_cm":2524,"minecraft:sprint_one_cm":706803,"minecraft:walk_one_cm":809870,"minecraft:damage_blocked_by_shield":3521,"minecraft:drop":50,"minecraft:talked_to_villager":3,"minecraft:play_time":296044,"minecraft:sneak_time":8011,"minecraft:deaths":2,"minecraft:walk_under_water_one_cm":4565,"minecraft:jump":2725,"minecraft:walk_on_water_one_cm":24739,"minecraft:total_world_time":296044,"minecraft:interact_with_furnace":145,"minecraft:sleep_in_bed":9,"minecraft:time_since_rest":76057,"minecraft:damage_taken":3311,"minecraft:damage_dealt":6872,"minecraft:swim_one_cm":37262,"minecraft:fly_one_cm":409815,"minecraft:open_chest":132,"minecraft:crouch_one_cm":26810,"minecraft:fall_one_cm":50891,"minecraft:inspect_dispenser":1},"minecraft:crafted":{"minecraft:oak_planks":40,"minecraft:cooked_chicken":10,"minecraft:furnace":4,"minecraft:cooked_mutton":18,"minecraft:flint_and_steel":1,"minecraft:diamond_helmet":1,"minecraft:bow":1,"minecraft:diamond_leggings":1,"minecraft:iron_boots":1,"minecraft:iron_axe":2,"minecraft:stone_pickaxe":1,"minecraft:chest":3,"minecraft:diamond_boots":1,"minecraft:cooked_beef":18,"minecraft:arrow":40,"minecraft:cooked_porkchop":23,"minecraft:crafting_table":3,"minecraft:spruce_planks":180,"minecraft:iron_helmet":1,"minecraft:wooden_pickaxe":2,"minecraft:baked_potato":18,"minecraft:iron_sword":3,"minecraft:birch_planks":16,"minecraft:stone_axe":1,"minecraft:air":0,"minecraft:iron_chestplate":1,"minecraft:golden_apple":4,"minecraft:diamond_pickaxe":1,"minecraft:shield":3,"minecraft:stick":80,"minecraft:iron_ingot":130,"minecraft:iron_pickaxe":8,"minecraft:wooden_axe":1,"minecraft:iron_shovel":8,"minecraft:iron_leggings":1,"minecraft:gold_ingot":58,"minecraft:white_bed":1,"minecraft:torch":168,"minecraft:diamond_chestplate":1},"minecraft:used":{"minecraft:waxed_oxidized_copper_door":1,"minecraft:oak_fence":1,"minecraft:iron_shovel":1853,"minecraft:flint_and_steel":1,"minecraft:stone_shovel":95,"minecraft:chest":7,"minecraft:shield":51,"minecraft:iron_sword":123,"minecraft:cooked_chicken":10,"minecraft:netherrack":141,"minecraft:iron_chestplate":2,"minecraft:torch":161,"minecraft:dirt":114,"minecraft:diamond_helmet":2,"minecraft:tuff":4,"minecraft:obsidian":13,"minecraft:wooden_axe":1,"minecraft:iron_axe":252,"minecraft:iron_helmet":3,"minecraft:iron_boots":2,"minecraft:diamond_chestplate":2,"minecraft:furnace":20,"minecraft:egg":1,"minecraft:cooked_beef":24,"minecraft:cobbled_deepslate":123,"minecraft:iron_leggings":2,"minecraft:cooked_mutton":18,"minecraft:water_bucket":3,"minecraft:diorite":11,"minecraft:diamond_boots":2,"minecraft:stone_pickaxe":21,"minecraft:waxed_oxidized_cut_copper":2,"minecraft:wooden_pickaxe":7,"minecraft:spruce_sign":1,"minecraft:glow_berries":8,"minecraft:sand":3,"minecraft:crafting_table":16,"minecraft:white_bed":4,"minecraft:oak_log":6,"minecraft:diamond_pickaxe":28,"minecraft:iron_pickaxe":4676,"minecraft:gravel":126,"minecraft:spruce_sapling":1,"minecraft:stone_axe":21,"minecraft:purple_bed":2,"minecraft:cobblestone":24,"minecraft:andesite":1,"minecraft:bucket":4,"minecraft:diamond_leggings":2},"minecraft:broken":{"minecraft:iron_shovel":7,"minecraft:iron_axe":1,"minecraft:iron_pickaxe":17,"minecraft:stone_shovel":1},"minecraft:killed":{"minecraft:armadillo":1,"minecraft:spider":3,"minecraft:skeleton":6,"minecraft:chicken":9,"minecraft:pig":10,"minecraft:sheep":15,"minecraft:trader_llama":2,"minecraft:zombie":7,"minecraft:cow":9},"minecraft:picked_up":{"minecraft:waxed_oxidized_cut_copper":2,"minecraft:crafting_table":16,"minecraft:chicken":15,"minecraft:lead":2,"minecraft:brewing_stand":1,"minecraft:brick":3,"minecraft:cornflower":1,"minecraft:string":2,"minecraft:blackstone":122,"minecraft:gold_nugget":139,"minecraft:candle":6,"minecraft:cobbled_deepslate":649,"minecraft:spruce_planks":16,"minecraft:beef":23,"minecraft:oak_boat":1,"minecraft:waxed_oxidized_copper_door":1,"minecraft:iron_pickaxe":10,"minecraft:poppy":4,"minecraft:light_gray_wool":1,"minecraft:guster_pottery_sherd":1,"minecraft:birch_sapling":2,"minecraft:sugar_cane":30,"minecraft:chest":6,"minecraft:furnace":18,"minecraft:egg":1,"minecraft:stick":33,"minecraft:raw_iron":214,"minecraft:oak_fence":1,"minecraft:torch":7,"minecraft:porkchop":22,"minecraft:pointed_dripstone":1,"minecraft:diorite":11,"minecraft:redstone":80,"minecraft:rotten_flesh":2,"minecraft:arrow":11,"minecraft:stone_shovel":1,"minecraft:gold_ingot":1,"minecraft:tuff_bricks":20,"minecraft:obsidian":17,"minecraft:glow_berries":8,"minecraft:mutton":18,"minecraft:rail":2,"minecraft:white_wool":14,"minecraft:cobblestone":53,"minecraft:birch_log":31,"minecraft:stripped_oak_log":1,"minecraft:basalt":726,"minecraft:feather":10,"minecraft:cooked_beef":17,"minecraft:glow_ink_sac":3,"minecraft:andesite":1,"minecraft:leather":6,"minecraft:flint":18,"minecraft:tuff":14,"minecraft:oak_log":177,"minecraft:waxed_copper_block":1,"minecraft:ancient_debris":2,"minecraft:lapis_lazuli":27,"minecraft:dirt":3524,"minecraft:bone":6,"minecraft:apple":4,"minecraft:wheat_seeds":13,"minecraft:raw_gold":88,"minecraft:iron_ingot":1,"minecraft:glowstone_dust":3,"minecraft:oak_planks":3,"minecraft:quartz":89,"minecraft:dandelion":1,"minecraft:gravel":149,"minecraft:dripstone_block":1,"minecraft:sand":4,"minecraft:spruce_sapling":1,"minecraft:white_bed":3,"minecraft:spruce_log":30,"minecraft:spider_eye":1,"minecraft:diamond_shovel":2,"minecraft:purple_bed":3,"minecraft:diamond":39,"minecraft:stone_axe":1,"minecraft:spruce_sign":1,"minecraft:oak_sapling":46,"minecraft:netherrack":730,"minecraft:coal":217},"minecraft:mined":{"minecraft:nether_gold_ore":39,"minecraft:tuff":14,"minecraft:white_bed":3,"minecraft:deepslate_diamond_ore":39,"minecraft:candle":2,"minecraft:brewing_stand":1,"minecraft:obsidian":17,"minecraft:cave_vines_plant":5,"minecraft:grass_block":1374,"minecraft:decorated_pot":1,"minecraft:tuff_bricks":21,"minecraft:waxed_oxidized_cut_copper":2,"minecraft:glowstone":3,"minecraft:furnace":16,"minecraft:fire":9,"minecraft:iron_ore":56,"minecraft:cobbled_deepslate":8,"minecraft:andesite":1,"minecraft:deepslate_lapis_ore":4,"minecraft:cave_vines":4,"minecraft:deepslate_iron_ore":58,"minecraft:dirt_path":3,"minecraft:stripped_oak_log":1,"minecraft:stone":47,"minecraft:deepslate_redstone_ore":19,"minecraft:blackstone":246,"minecraft:basalt":1060,"minecraft:crafting_table":15,"minecraft:torch":6,"minecraft:short_grass":12,"minecraft:chest":6,"minecraft:nether_quartz_ore":89,"minecraft:tall_grass":1,"minecraft:cobblestone":6,"minecraft:deepslate_gold_ore":64,"minecraft:sugar_cane":11,"minecraft:diorite":11,"minecraft:wall_torch":1,"minecraft:purple_bed":3,"minecraft:birch_log":31,"minecraft:spruce_log":13,"minecraft:waxed_copper_block":1,"minecraft:oak_log":178,"minecraft:coal_ore":107,"minecraft:dripstone_block":1,"minecraft:waxed_oxidized_copper_door":1,"minecraft:gravel":166,"minecraft:sand":4,"minecraft:dirt":412,"minecraft:ancient_debris":2,"minecraft:netherrack":1854,"minecraft:gold_ore":3,"minecraft:oak_leaves":33,"minecraft:deepslate":920},"minecraft:killed_by":{"minecraft:skeleton":1,"minecraft:zombie":1}},"DataVersion":3953}