{"stats":{"minecraft:custom":{"minecraft:interact_with_crafting_table":121,"minecraft:open_barrel":7,"minecraft:bell_ring":407,"minecraft:leave_game":23,"minecraft:time_since_death":12341,"minecraft:sprint_one_cm":1921500,"minecraft:damage_blocked_by_shield":5334,"minecraft:drop":254,"minecraft:talked_to_villager":20,"minecraft:play_time":806469,"minecraft:deaths":3,"minecraft:jump":9650,"minecraft:walk_on_water_one_cm":105011,"minecraft:interact_with_furnace":216,"minecraft:traded_with_villager":34,"minecraft:sleep_in_bed":20,"minecraft:damage_dealt":38238,"minecraft:crouch_one_cm":73490,"minecraft:inspect_dispenser":3,"minecraft:interact_with_anvil":6,"minecraft:mob_kills":288,"minecraft:climb_one_cm":17847,"minecraft:walk_one_cm":2334438,"minecraft:sneak_time":23000,"minecraft:walk_under_water_one_cm":90042,"minecraft:boat_one_cm":94633,"minecraft:total_world_time":806469,"minecraft:interact_with_grindstone":1,"minecraft:time_since_rest":12371,"minecraft:damage_absorbed":61,"minecraft:damage_taken":9472,"minecraft:swim_one_cm":172017,"minecraft:fly_one_cm":1698753,"minecraft:open_chest":455,"minecraft:fall_one_cm":183636},"minecraft:crafted":{"minecraft:oak_planks":732,"minecraft:cooked_chicken":10,"minecraft:chain":16,"minecraft:cooked_mutton":18,"minecraft:iron_bars":32,"minecraft:diamond_helmet":1,"minecraft:bow":1,"minecraft:diamond_leggings":1,"minecraft:iron_boots":1,"minecraft:chest":7,"minecraft:oak_slab":30,"minecraft:emerald":32,"minecraft:arrow":40,"minecraft:cooked_porkchop":23,"minecraft:crafting_table":4,"minecraft:spruce_planks":468,"minecraft:iron_helmet":1,"minecraft:wooden_pickaxe":2,"minecraft:baked_potato":18,"minecraft:birch_planks":352,"minecraft:campfire":3,"minecraft:spruce_trapdoor":12,"minecraft:iron_chestplate":1,"minecraft:diamond_pickaxe":2,"minecraft:shield":3,"minecraft:stick":1580,"minecraft:iron_ingot":180,"minecraft:iron_pickaxe":12,"minecraft:gold_ingot":73,"minecraft:oak_door":3,"minecraft:iron_nugget":99,"minecraft:furnace":7,"minecraft:spruce_fence":60,"minecraft:oak_trapdoor":14,"minecraft:flint_and_steel":1,"minecraft:lantern":6,"minecraft:spruce_stairs":68,"minecraft:iron_axe":2,"minecraft:ladder":24,"minecraft:spruce_slab":48,"minecraft:stone_pickaxe":1,"minecraft:diamond_boots":1,"minecraft:cobbled_deepslate_stairs":70,"minecraft:cooked_beef":43,"minecraft:diamond_sword":1,"minecraft:stripped_spruce_wood":12,"minecraft:enchanting_table":1,"minecraft:iron_sword":3,"minecraft:stone_axe":1,"minecraft:enchanted_book":2,"minecraft:air":0,"minecraft:oak_boat":1,"minecraft:golden_apple":6,"minecraft:wooden_axe":1,"minecraft:birch_trapdoor":20,"minecraft:oak_stairs":12,"minecraft:iron_shovel":8,"minecraft:iron_leggings":1,"minecraft:white_bed":1,"minecraft:torch":248,"minecraft:diamond_chestplate":1},"minecraft:picked_up":{"minecraft:diamond_sword":1,"minecraft:lead":2,"minecraft:potion":3,"minecraft:enchanted_book":8,"minecraft:golden_shovel":1,"minecraft:brewing_stand":1,"minecraft:string":74,"minecraft:raw_copper":107,"minecraft:diamond_leggings":4,"minecraft:gold_nugget":139,"minecraft:cobbled_deepslate":3312,"minecraft:spruce_planks":16,"minecraft:trial_key":28,"minecraft:waxed_oxidized_copper_door":1,"minecraft:azalea":2,"minecraft:iron_pickaxe":11,"minecraft:furnace":21,"minecraft:tipped_arrow":50,"minecraft:stick":51,"minecraft:oak_fence":3,"minecraft:torch":100,"minecraft:porkchop":24,"minecraft:pointed_dripstone":1,"minecraft:diorite":157,"minecraft:honey_bottle":4,"minecraft:rotten_flesh":84,"minecraft:obsidian":21,"minecraft:iron_bars":20,"minecraft:cobblestone":2340,"minecraft:birch_log":115,"minecraft:feather":12,"minecraft:cooked_beef":18,"minecraft:water_bucket":1,"minecraft:andesite":9,"minecraft:potato":2,"minecraft:flint":20,"minecraft:tuff":111,"minecraft:lapis_lazuli":93,"minecraft:dirt":3662,"minecraft:lantern":2,"minecraft:bone":114,"minecraft:bow":13,"minecraft:wheat_seeds":15,"minecraft:raw_gold":141,"minecraft:bolt_armor_trim_smithing_template":3,"minecraft:guster_banner_pattern":3,"minecraft:glowstone_dust":3,"minecraft:diamond_helmet":3,"minecraft:scrape_pottery_sherd":3,"minecraft:oak_planks":4,"minecraft:sand":4,"minecraft:stripped_spruce_log":102,"minecraft:diamond":85,"minecraft:granite":439,"minecraft:crossbow":1,"minecraft:breeze_rod":1,"minecraft:golden_apple":8,"minecraft:spruce_sign":1,"minecraft:emerald":24,"minecraft:bread":17,"minecraft:oak_sapling":51,"minecraft:netherrack":777,"minecraft:diamond_pickaxe":3,"minecraft:lingering_potion":1,"minecraft:waxed_oxidized_cut_copper":4,"minecraft:crafting_table":19,"minecraft:ominous_bottle":4,"minecraft:azure_bluet":1,"minecraft:splash_potion":2,"minecraft:chicken":15,"minecraft:chain":5,"minecraft:brick":55,"minecraft:shield":3,"minecraft:wind_charge":19,"minecraft:cornflower":1,"minecraft:iron_axe":2,"minecraft:blackstone":133,"minecraft:candle":6,"minecraft:beef":55,"minecraft:oak_boat":2,"minecraft:light_gray_wool":1,"minecraft:poppy":4,"minecraft:guster_pottery_sherd":7,"minecraft:sugar_cane":49,"minecraft:chest":7,"minecraft:birch_sapling":2,"minecraft:waxed_oxidized_copper":1,"minecraft:egg":3,"minecraft:raw_iron":367,"minecraft:oak_door":1,"minecraft:bowl":1,"minecraft:flow_pottery_sherd":2,"minecraft:carrot":300,"minecraft:redstone":110,"minecraft:waxed_oxidized_chiseled_copper":1,"minecraft:stone_shovel":1,"minecraft:arrow":168,"minecraft:diamond_chestplate":7,"minecraft:diamond_boots":3,"minecraft:gold_ingot":1,"minecraft:tuff_bricks":28,"minecraft:glow_berries":10,"minecraft:mutton":18,"minecraft:rail":2,"minecraft:white_wool":15,"minecraft:stripped_oak_log":1,"minecraft:basalt":726,"minecraft:golden_carrot":2,"minecraft:glow_ink_sac":3,"minecraft:leather":24,"minecraft:red_mushroom":3,"minecraft:birch_planks":10,"minecraft:oak_log":357,"minecraft:waxed_copper_block":3,"minecraft:ancient_debris":4,"minecraft:cobbled_deepslate_stairs":39,"minecraft:gunpowder":4,"minecraft:paper":39,"minecraft:cooked_mutton":2,"minecraft:apple":4,"minecraft:kelp":1,"minecraft:iron_ingot":16,"minecraft:cooked_chicken":25,"minecraft:glass_bottle":2,"minecraft:iron_sword":3,"minecraft:book":47,"minecraft:quartz":89,"minecraft:dandelion":1,"minecraft:dripstone_block":1,"minecraft:gravel":160,"minecraft:spruce_sapling":11,"minecraft:white_bed":6,"minecraft:spruce_log":209,"minecraft:spider_eye":21,"minecraft:diamond_shovel":3,"minecraft:purple_bed":4,"minecraft:stone_axe":1,"minecraft:diamond_axe":1,"minecraft:baked_potato":47,"minecraft:coal":274,"minecraft:ender_pearl":1},"minecraft:mined":{"minecraft:white_bed":7,"minecraft:cobbled_deepslate_stairs":39,"minecraft:brewing_stand":1,"minecraft:obsidian":21,"minecraft:cave_vines_plant":6,"minecraft:granite":436,"minecraft:grass_block":1419,"minecraft:tuff_bricks":23,"minecraft:spawner":1,"minecraft:glowstone":3,"minecraft:iron_ore":95,"minecraft:cobbled_deepslate":118,"minecraft:fire":28,"minecraft:deepslate_lapis_ore":13,"minecraft:azure_bluet":1,"minecraft:cave_vines":5,"minecraft:dirt_path":3,"minecraft:iron_bars":20,"minecraft:deepslate_redstone_ore":25,"minecraft:red_bed":1,"minecraft:blackstone":257,"minecraft:clay":2,"minecraft:torch":10,"minecraft:chest":7,"minecraft:nether_quartz_ore":89,"minecraft:cobblestone":100,"minecraft:sugar_cane":12,"minecraft:oak_planks":1,"minecraft:wall_torch":28,"minecraft:chain":5,"minecraft:light_gray_stained_glass":2,"minecraft:birch_log":112,"minecraft:waxed_copper_block":1,"minecraft:oak_log":357,"minecraft:waxed_oxidized_copper":1,"minecraft:waxed_oxidized_copper_door":1,"minecraft:sand":4,"minecraft:dirt":518,"minecraft:netherrack":2038,"minecraft:ancient_debris":2,"minecraft:oak_leaves":45,"minecraft:deepslate":3077,"minecraft:nether_gold_ore":39,"minecraft:diamond_ore":1,"minecraft:tuff":48,"minecraft:deepslate_diamond_ore":84,"minecraft:candle":2,"minecraft:oak_door":1,"minecraft:waxed_oxidized_chiseled_copper":1,"minecraft:glow_lichen":1,"minecraft:decorated_pot":3,"minecraft:spruce_leaves":17,"minecraft:moss_block":2,"minecraft:red_mushroom":1,"minecraft:waxed_oxidized_cut_copper":4,"minecraft:furnace":19,"minecraft:carrots":80,"minecraft:andesite":10,"minecraft:stripped_spruce_log":102,"minecraft:deepslate_iron_ore":156,"minecraft:lantern":2,"minecraft:stripped_oak_log":1,"minecraft:stone":2335,"minecraft:glass_pane":1,"minecraft:basalt":1080,"minecraft:oak_fence":2,"minecraft:crafting_table":18,"minecraft:short_grass":24,"minecraft:tall_grass":4,"minecraft:copper_ore":32,"minecraft:lapis_ore":2,"minecraft:deepslate_gold_ore":118,"minecraft:diorite":157,"minecraft:purple_bed":5,"minecraft:spruce_log":195,"minecraft:coal_ore":154,"minecraft:gravel":172,"minecraft:dripstone_block":1,"minecraft:cobweb":9,"minecraft:gold_ore":3},"minecraft:killed_by":{"minecraft:zombie":1,"minecraft:player":1,"minecraft:skeleton":1},"minecraft:broken":{"minecraft:iron_shovel":7,"minecraft:diamond_helmet":1,"minecraft:diamond_boots":1,"minecraft:stone_shovel":1,"minecraft:diamond_leggings":1,"minecraft:shield":1,"minecraft:iron_axe":1,"minecraft:iron_pickaxe":21},"minecraft:dropped":{"minecraft:guster_pottery_sherd":6,"minecraft:iron_sword":5,"minecraft:diamond_axe":1,"minecraft:ominous_bottle":1,"minecraft:cooked_beef":20,"minecraft:glow_ink_sac":3,"minecraft:glass_bottle":2,"minecraft:cooked_porkchop":20,"minecraft:glow_berries":2,"minecraft:leather":18,"minecraft:rail":2,"minecraft:red_mushroom":1,"minecraft:flint":2,"minecraft:emerald":1,"minecraft:dirt":5,"minecraft:scrape_pottery_sherd":3,"minecraft:iron_pickaxe":2,"minecraft:bone":12,"minecraft:gravel":11,"minecraft:stone_axe":1,"minecraft:blackstone":76,"minecraft:sugar_cane":4,"minecraft:ancient_debris":2,"minecraft:cooked_chicken":13,"minecraft:cobbled_deepslate":428,"minecraft:obsidian":4,"minecraft:pointed_dripstone":1,"minecraft:rotten_flesh":75,"minecraft:diamond_shovel":3,"minecraft:cooked_mutton":2,"minecraft:golden_shovel":1,"minecraft:honey_bottle":1,"minecraft:waxed_copper_block":3,"minecraft:carrot":38,"minecraft:lingering_potion":2,"minecraft:azalea":2,"minecraft:basalt":620,"minecraft:arrow":53,"minecraft:splash_potion":2,"minecraft:netherrack":360,"minecraft:water_bucket":2,"minecraft:iron_ingot":9,"minecraft:cobbled_deepslate_stairs":3,"minecraft:diamond_leggings":1,"minecraft:oak_fence":2,"minecraft:iron_helmet":1,"minecraft:cobblestone":773,"minecraft:book":1,"minecraft:granite":227,"minecraft:coal":3,"minecraft:golden_apple":9,"minecraft:diorite":11,"minecraft:torch":13,"minecraft:wooden_axe":1,"minecraft:diamond_helmet":1,"minecraft:iron_leggings":1,"minecraft:iron_axe":1,"minecraft:string":22,"minecraft:redstone":16,"minecraft:kelp":1,"minecraft:tuff_bricks":6,"minecraft:flow_pottery_sherd":2,"minecraft:raw_copper":52,"minecraft:bowl":2,"minecraft:tuff":105,"minecraft:guster_banner_pattern":2,"minecraft:raw_iron":16,"minecraft:light_gray_wool":1,"minecraft:iron_boots":1,"minecraft:diamond_sword":1,"minecraft:potato":2,"minecraft:shield":2,"minecraft:trial_key":3,"minecraft:diamond_chestplate":4,"minecraft:iron_chestplate":1,"minecraft:diamond_pickaxe":3,"minecraft:andesite":6,"minecraft:oak_sapling":1,"minecraft:spider_eye":1,"minecraft:diamond_boots":1,"minecraft:spruce_log":1,"minecraft:bow":7,"minecraft:stone_pickaxe":1,"minecraft:wooden_pickaxe":1,"minecraft:raw_gold":8,"minecraft:brick":52},"minecraft:killed":{"minecraft:cave_spider":67,"minecraft:spider":8,"minecraft:skeleton":24,"minecraft:chicken":9,"minecraft:pig":11,"minecraft:creeper":2,"minecraft:sheep":16,"minecraft:trader_llama":2,"minecraft:zombie":44,"minecraft:stray":50,"minecraft:cow":23,"minecraft:armadillo":1,"minecraft:slime":2,"minecraft:drowned":2,"minecraft:husk":14,"minecraft:breeze":1,"minecraft:enderman":2},"minecraft:used":{"minecraft:waxed_oxidized_copper_door":1,"minecraft:tuff_bricks":2,"minecraft:iron_shovel":1853,"minecraft:ladder":15,"minecraft:chest":12,"minecraft:shield":138,"minecraft:iron_sword":355,"minecraft:iron_chestplate":2,"minecraft:waxed_oxidized_chiseled_copper":1,"minecraft:carrot":198,"minecraft:tuff":4,"minecraft:obsidian":13,"minecraft:lava_bucket":1,"minecraft:lantern":8,"minecraft:iron_helmet":3,"minecraft:bow":78,"minecraft:oak_sapling":4,"minecraft:furnace":23,"minecraft:egg":3,"minecraft:diorite":62,"minecraft:diamond_boots":4,"minecraft:stone_pickaxe":21,"minecraft:wooden_pickaxe":7,"minecraft:diamond_axe":497,"minecraft:white_wool":1,"minecraft:golden_apple":2,"minecraft:glow_berries":8,"minecraft:sand":3,"minecraft:cobbled_deepslate_stairs":108,"minecraft:gravel":126,"minecraft:diamond_sword":366,"minecraft:andesite":1,"minecraft:chain":21,"minecraft:oak_boat":2,"minecraft:oak_fence":1,"minecraft:iron_bars":37,"minecraft:enchanting_table":1,"minecraft:flint_and_steel":6,"minecraft:stone_shovel":95,"minecraft:trial_key":13,"minecraft:cooked_chicken":15,"minecraft:netherrack":146,"minecraft:oak_door":1,"minecraft:torch":366,"minecraft:dirt":209,"minecraft:diamond_helmet":4,"minecraft:granite":17,"minecraft:wooden_axe":1,"minecraft:iron_axe":446,"minecraft:iron_boots":2,"minecraft:diamond_chestplate":5,"minecraft:cooked_beef":38,"minecraft:cobbled_deepslate":1547,"minecraft:iron_leggings":2,"minecraft:cooked_mutton":18,"minecraft:water_bucket":36,"minecraft:baked_potato":49,"minecraft:waxed_oxidized_cut_copper":4,"minecraft:spruce_sign":1,"minecraft:crafting_table":19,"minecraft:white_bed":7,"minecraft:spruce_log":102,"minecraft:oak_log":6,"minecraft:diamond_pickaxe":4891,"minecraft:suspicious_stew":1,"minecraft:iron_pickaxe":5734,"minecraft:spruce_sapling":11,"minecraft:stone_axe":21,"minecraft:cobblestone":193,"minecraft:purple_bed":3,"minecraft:cooked_porkchop":3,"minecraft:bucket":38,"minecraft:diamond_leggings":5}},"DataVersion":3953}