{"stats":{"minecraft:custom":{"minecraft:interact_with_crafting_table":116,"minecraft:open_barrel":7,"minecraft:bell_ring":407,"minecraft:leave_game":17,"minecraft:time_since_death":637359,"minecraft:sprint_one_cm":1699118,"minecraft:damage_blocked_by_shield":5209,"minecraft:drop":204,"minecraft:talked_to_villager":20,"minecraft:play_time":695359,"minecraft:deaths":2,"minecraft:jump":8274,"minecraft:walk_on_water_one_cm":88244,"minecraft:interact_with_furnace":216,"minecraft:traded_with_villager":34,"minecraft:sleep_in_bed":20,"minecraft:damage_dealt":36693,"minecraft:crouch_one_cm":71917,"minecraft:inspect_dispenser":3,"minecraft:mob_kills":278,"minecraft:interact_with_anvil":5,"minecraft:climb_one_cm":17847,"minecraft:walk_one_cm":1899873,"minecraft:sneak_time":22082,"minecraft:walk_under_water_one_cm":72578,"minecraft:total_world_time":695359,"minecraft:time_since_rest":8049,"minecraft:damage_taken":8519,"minecraft:damage_absorbed":61,"minecraft:swim_one_cm":105499,"minecraft:fly_one_cm":1384461,"minecraft:open_chest":418,"minecraft:fall_one_cm":159619},"minecraft:crafted":{"minecraft:oak_planks":732,"minecraft:chain":16,"minecraft:cooked_chicken":10,"minecraft:iron_bars":32,"minecraft:cooked_mutton":18,"minecraft:diamond_helmet":1,"minecraft:bow":1,"minecraft:diamond_leggings":1,"minecraft:iron_boots":1,"minecraft:chest":7,"minecraft:oak_slab":30,"minecraft:emerald":32,"minecraft:arrow":40,"minecraft:cooked_porkchop":23,"minecraft:crafting_table":4,"minecraft:spruce_planks":468,"minecraft:iron_helmet":1,"minecraft:wooden_pickaxe":2,"minecraft:baked_potato":18,"minecraft:birch_planks":352,"minecraft:campfire":3,"minecraft:spruce_trapdoor":12,"minecraft:iron_chestplate":1,"minecraft:diamond_pickaxe":1,"minecraft:shield":3,"minecraft:stick":1580,"minecraft:iron_ingot":180,"minecraft:iron_pickaxe":12,"minecraft:gold_ingot":73,"minecraft:oak_door":3,"minecraft:iron_nugget":45,"minecraft:furnace":7,"minecraft:spruce_fence":60,"minecraft:oak_trapdoor":14,"minecraft:flint_and_steel":1,"minecraft:spruce_stairs":68,"minecraft:iron_axe":2,"minecraft:ladder":24,"minecraft:spruce_slab":48,"minecraft:stone_pickaxe":1,"minecraft:diamond_boots":1,"minecraft:cobbled_deepslate_stairs":38,"minecraft:cooked_beef":43,"minecraft:diamond_sword":1,"minecraft:stripped_spruce_wood":12,"minecraft:enchanting_table":1,"minecraft:iron_sword":3,"minecraft:stone_axe":1,"minecraft:enchanted_book":2,"minecraft:air":0,"minecraft:golden_apple":6,"minecraft:oak_stairs":12,"minecraft:wooden_axe":1,"minecraft:birch_trapdoor":20,"minecraft:iron_shovel":8,"minecraft:iron_leggings":1,"minecraft:white_bed":1,"minecraft:torch":248,"minecraft:diamond_chestplate":1},"minecraft:broken":{"minecraft:iron_shovel":7,"minecraft:diamond_helmet":1,"minecraft:diamond_boots":1,"minecraft:stone_shovel":1,"minecraft:diamond_leggings":1,"minecraft:shield":1,"minecraft:iron_axe":1,"minecraft:iron_pickaxe":21},"minecraft:killed":{"minecraft:cave_spider":67,"minecraft:spider":8,"minecraft:skeleton":22,"minecraft:chicken":9,"minecraft:pig":11,"minecraft:creeper":2,"minecraft:sheep":16,"minecraft:trader_llama":2,"minecraft:zombie":37,"minecraft:stray":50,"minecraft:cow":23,"minecraft:armadillo":1,"minecraft:slime":2,"minecraft:drowned":2,"minecraft:husk":14,"minecraft:breeze":1,"minecraft:enderman":2},"minecraft:mined":{"minecraft:white_bed":6,"minecraft:brewing_stand":1,"minecraft:obsidian":21,"minecraft:cave_vines_plant":6,"minecraft:granite":159,"minecraft:grass_block":1418,"minecraft:tuff_bricks":23,"minecraft:spawner":1,"minecraft:glowstone":3,"minecraft:iron_ore":81,"minecraft:cobbled_deepslate":81,"minecraft:fire":28,"minecraft:deepslate_lapis_ore":9,"minecraft:azure_bluet":1,"minecraft:cave_vines":5,"minecraft:dirt_path":3,"minecraft:iron_bars":16,"minecraft:deepslate_redstone_ore":19,"minecraft:red_bed":1,"minecraft:blackstone":257,"minecraft:clay":2,"minecraft:torch":10,"minecraft:chest":7,"minecraft:nether_quartz_ore":89,"minecraft:cobblestone":86,"minecraft:sugar_cane":12,"minecraft:oak_planks":1,"minecraft:wall_torch":9,"minecraft:chain":5,"minecraft:light_gray_stained_glass":2,"minecraft:birch_log":112,"minecraft:waxed_copper_block":1,"minecraft:oak_log":352,"minecraft:waxed_oxidized_copper":1,"minecraft:waxed_oxidized_copper_door":1,"minecraft:sand":4,"minecraft:dirt":504,"minecraft:netherrack":2038,"minecraft:ancient_debris":2,"minecraft:oak_leaves":44,"minecraft:deepslate":1401,"minecraft:nether_gold_ore":39,"minecraft:diamond_ore":1,"minecraft:tuff":48,"minecraft:deepslate_diamond_ore":78,"minecraft:candle":2,"minecraft:oak_door":1,"minecraft:waxed_oxidized_chiseled_copper":1,"minecraft:glow_lichen":1,"minecraft:decorated_pot":3,"minecraft:spruce_leaves":17,"minecraft:moss_block":2,"minecraft:red_mushroom":1,"minecraft:waxed_oxidized_cut_copper":4,"minecraft:furnace":19,"minecraft:carrots":80,"minecraft:andesite":1,"minecraft:stripped_spruce_log":102,"minecraft:deepslate_iron_ore":120,"minecraft:stripped_oak_log":1,"minecraft:stone":1186,"minecraft:glass_pane":1,"minecraft:basalt":1080,"minecraft:oak_fence":2,"minecraft:crafting_table":17,"minecraft:short_grass":24,"minecraft:copper_ore":14,"minecraft:tall_grass":4,"minecraft:lapis_ore":2,"minecraft:deepslate_gold_ore":116,"minecraft:diorite":152,"minecraft:purple_bed":4,"minecraft:spruce_log":195,"minecraft:coal_ore":107,"minecraft:gravel":171,"minecraft:dripstone_block":1,"minecraft:cobweb":9,"minecraft:gold_ore":3},"minecraft:dropped":{"minecraft:guster_pottery_sherd":6,"minecraft:iron_sword":1,"minecraft:ominous_bottle":1,"minecraft:cooked_beef":20,"minecraft:glow_ink_sac":3,"minecraft:glass_bottle":2,"minecraft:cooked_porkchop":20,"minecraft:glow_berries":2,"minecraft:leather":18,"minecraft:rail":2,"minecraft:red_mushroom":1,"minecraft:flint":2,"minecraft:emerald":1,"minecraft:dirt":1,"minecraft:scrape_pottery_sherd":3,"minecraft:iron_pickaxe":2,"minecraft:bone":12,"minecraft:gravel":11,"minecraft:stone_axe":1,"minecraft:blackstone":76,"minecraft:sugar_cane":4,"minecraft:ancient_debris":2,"minecraft:cooked_chicken":1,"minecraft:cobbled_deepslate":428,"minecraft:obsidian":4,"minecraft:pointed_dripstone":1,"minecraft:rotten_flesh":73,"minecraft:diamond_shovel":3,"minecraft:cooked_mutton":2,"minecraft:golden_shovel":1,"minecraft:honey_bottle":1,"minecraft:waxed_copper_block":3,"minecraft:carrot":2,"minecraft:lingering_potion":2,"minecraft:azalea":2,"minecraft:basalt":620,"minecraft:splash_potion":2,"minecraft:netherrack":360,"minecraft:water_bucket":1,"minecraft:iron_ingot":9,"minecraft:oak_fence":2,"minecraft:iron_helmet":1,"minecraft:cobblestone":34,"minecraft:book":1,"minecraft:granite":12,"minecraft:golden_apple":1,"minecraft:diorite":6,"minecraft:wooden_axe":1,"minecraft:iron_leggings":1,"minecraft:iron_axe":1,"minecraft:string":22,"minecraft:redstone":16,"minecraft:tuff_bricks":6,"minecraft:flow_pottery_sherd":2,"minecraft:tuff":105,"minecraft:guster_banner_pattern":2,"minecraft:raw_iron":16,"minecraft:light_gray_wool":1,"minecraft:iron_boots":1,"minecraft:potato":2,"minecraft:shield":1,"minecraft:trial_key":3,"minecraft:diamond_chestplate":3,"minecraft:iron_chestplate":1,"minecraft:diamond_pickaxe":1,"minecraft:oak_sapling":1,"minecraft:spider_eye":1,"minecraft:spruce_log":1,"minecraft:bow":6,"minecraft:stone_pickaxe":1,"minecraft:wooden_pickaxe":1,"minecraft:raw_gold":8,"minecraft:brick":52},"minecraft:used":{"minecraft:waxed_oxidized_copper_door":1,"minecraft:tuff_bricks":2,"minecraft:iron_shovel":1853,"minecraft:ladder":15,"minecraft:chest":12,"minecraft:shield":131,"minecraft:iron_sword":355,"minecraft:iron_chestplate":2,"minecraft:waxed_oxidized_chiseled_copper":1,"minecraft:carrot":172,"minecraft:tuff":4,"minecraft:obsidian":13,"minecraft:lava_bucket":1,"minecraft:iron_helmet":3,"minecraft:bow":64,"minecraft:oak_sapling":4,"minecraft:furnace":23,"minecraft:egg":1,"minecraft:diorite":62,"minecraft:diamond_boots":3,"minecraft:stone_pickaxe":21,"minecraft:wooden_pickaxe":7,"minecraft:diamond_axe":495,"minecraft:white_wool":1,"minecraft:golden_apple":2,"minecraft:glow_berries":8,"minecraft:sand":3,"minecraft:cobbled_deepslate_stairs":39,"minecraft:gravel":126,"minecraft:diamond_sword":342,"minecraft:andesite":1,"minecraft:chain":21,"minecraft:oak_fence":1,"minecraft:iron_bars":32,"minecraft:enchanting_table":1,"minecraft:flint_and_steel":6,"minecraft:stone_shovel":95,"minecraft:trial_key":13,"minecraft:cooked_chicken":10,"minecraft:netherrack":146,"minecraft:oak_door":1,"minecraft:torch":277,"minecraft:dirt":209,"minecraft:diamond_helmet":3,"minecraft:granite":10,"minecraft:wooden_axe":1,"minecraft:iron_axe":446,"minecraft:iron_boots":2,"minecraft:diamond_chestplate":4,"minecraft:cooked_beef":38,"minecraft:cobbled_deepslate":975,"minecraft:iron_leggings":2,"minecraft:cooked_mutton":18,"minecraft:water_bucket":33,"minecraft:baked_potato":49,"minecraft:waxed_oxidized_cut_copper":4,"minecraft:spruce_sign":1,"minecraft:crafting_table":18,"minecraft:white_bed":7,"minecraft:spruce_log":102,"minecraft:oak_log":6,"minecraft:diamond_pickaxe":1540,"minecraft:iron_pickaxe":5734,"minecraft:spruce_sapling":11,"minecraft:stone_axe":21,"minecraft:cobblestone":171,"minecraft:purple_bed":3,"minecraft:cooked_porkchop":3,"minecraft:bucket":35,"minecraft:diamond_leggings":3},"minecraft:killed_by":{"minecraft:zombie":1,"minecraft:skeleton":1},"minecraft:picked_up":{"minecraft:lead":2,"minecraft:potion":3,"minecraft:enchanted_book":8,"minecraft:golden_shovel":1,"minecraft:brewing_stand":1,"minecraft:string":74,"minecraft:raw_copper":40,"minecraft:diamond_leggings":3,"minecraft:gold_nugget":139,"minecraft:cobbled_deepslate":1641,"minecraft:spruce_planks":16,"minecraft:trial_key":28,"minecraft:waxed_oxidized_copper_door":1,"minecraft:azalea":2,"minecraft:iron_pickaxe":11,"minecraft:furnace":21,"minecraft:tipped_arrow":50,"minecraft:stick":51,"minecraft:oak_fence":3,"minecraft:torch":32,"minecraft:porkchop":24,"minecraft:pointed_dripstone":1,"minecraft:diorite":152,"minecraft:honey_bottle":4,"minecraft:rotten_flesh":77,"minecraft:obsidian":21,"minecraft:iron_bars":16,"minecraft:cobblestone":1263,"minecraft:birch_log":115,"minecraft:feather":12,"minecraft:cooked_beef":18,"minecraft:andesite":1,"minecraft:potato":2,"minecraft:flint":20,"minecraft:tuff":111,"minecraft:lapis_lazuli":72,"minecraft:dirt":3655,"minecraft:bone":113,"minecraft:bow":12,"minecraft:wheat_seeds":15,"minecraft:raw_gold":139,"minecraft:bolt_armor_trim_smithing_template":3,"minecraft:guster_banner_pattern":3,"minecraft:glowstone_dust":3,"minecraft:diamond_helmet":2,"minecraft:scrape_pottery_sherd":3,"minecraft:oak_planks":4,"minecraft:sand":4,"minecraft:stripped_spruce_log":102,"minecraft:diamond":79,"minecraft:granite":159,"minecraft:crossbow":1,"minecraft:breeze_rod":1,"minecraft:spruce_sign":1,"minecraft:emerald":24,"minecraft:bread":17,"minecraft:oak_sapling":51,"minecraft:netherrack":777,"minecraft:diamond_pickaxe":1,"minecraft:lingering_potion":1,"minecraft:waxed_oxidized_cut_copper":4,"minecraft:crafting_table":18,"minecraft:ominous_bottle":4,"minecraft:azure_bluet":1,"minecraft:splash_potion":2,"minecraft:chicken":15,"minecraft:chain":5,"minecraft:brick":55,"minecraft:shield":1,"minecraft:wind_charge":19,"minecraft:cornflower":1,"minecraft:iron_axe":2,"minecraft:blackstone":133,"minecraft:candle":6,"minecraft:beef":55,"minecraft:oak_boat":1,"minecraft:light_gray_wool":1,"minecraft:poppy":4,"minecraft:guster_pottery_sherd":7,"minecraft:sugar_cane":49,"minecraft:chest":7,"minecraft:birch_sapling":2,"minecraft:waxed_oxidized_copper":1,"minecraft:egg":1,"minecraft:raw_iron":318,"minecraft:oak_door":1,"minecraft:flow_pottery_sherd":2,"minecraft:carrot":300,"minecraft:redstone":80,"minecraft:waxed_oxidized_chiseled_copper":1,"minecraft:stone_shovel":1,"minecraft:arrow":111,"minecraft:diamond_chestplate":6,"minecraft:diamond_boots":2,"minecraft:gold_ingot":1,"minecraft:tuff_bricks":28,"minecraft:glow_berries":10,"minecraft:mutton":18,"minecraft:rail":2,"minecraft:white_wool":15,"minecraft:stripped_oak_log":1,"minecraft:basalt":726,"minecraft:golden_carrot":2,"minecraft:glow_ink_sac":3,"minecraft:leather":24,"minecraft:red_mushroom":3,"minecraft:birch_planks":10,"minecraft:oak_log":352,"minecraft:waxed_copper_block":3,"minecraft:ancient_debris":4,"minecraft:gunpowder":4,"minecraft:paper":39,"minecraft:cooked_mutton":2,"minecraft:apple":4,"minecraft:iron_ingot":16,"minecraft:cooked_chicken":13,"minecraft:glass_bottle":2,"minecraft:book":47,"minecraft:quartz":89,"minecraft:dandelion":1,"minecraft:dripstone_block":1,"minecraft:gravel":160,"minecraft:spruce_sapling":11,"minecraft:white_bed":6,"minecraft:spruce_log":209,"minecraft:spider_eye":21,"minecraft:diamond_shovel":3,"minecraft:purple_bed":4,"minecraft:stone_axe":1,"minecraft:baked_potato":47,"minecraft:coal":227,"minecraft:ender_pearl":1}},"DataVersion":3953}