{"stats":{"minecraft:custom":{"minecraft:interact_with_crafting_table":144,"minecraft:open_barrel":11,"minecraft:bell_ring":407,"minecraft:leave_game":39,"minecraft:time_since_death":29047,"minecraft:sprint_one_cm":3006787,"minecraft:damage_blocked_by_shield":6827,"minecraft:drop":507,"minecraft:talked_to_villager":49,"minecraft:play_time":1202062,"minecraft:deaths":4,"minecraft:jump":15141,"minecraft:walk_on_water_one_cm":145503,"minecraft:enchant_item":6,"minecraft:interact_with_furnace":285,"minecraft:traded_with_villager":104,"minecraft:sleep_in_bed":28,"minecraft:damage_dealt":64466,"minecraft:crouch_one_cm":141756,"minecraft:interact_with_smoker":1,"minecraft:inspect_dispenser":8,"minecraft:interact_with_smithing_table":5,"minecraft:interact_with_anvil":15,"minecraft:mob_kills":490,"minecraft:climb_one_cm":23452,"minecraft:walk_one_cm":3937833,"minecraft:raid_win":1,"minecraft:sneak_time":42722,"minecraft:walk_under_water_one_cm":105891,"minecraft:boat_one_cm":103551,"minecraft:total_world_time":1202062,"minecraft:interact_with_grindstone":2,"minecraft:time_since_rest":29183,"minecraft:damage_absorbed":348,"minecraft:damage_taken":18051,"minecraft:swim_one_cm":212069,"minecraft:fly_one_cm":2569270,"minecraft:open_chest":734,"minecraft:fall_one_cm":297463},"minecraft:crafted":{"minecraft:oak_planks":776,"minecraft:cooked_chicken":10,"minecraft:chain":16,"minecraft:cooked_mutton":18,"minecraft:iron_bars":32,"minecraft:diamond_helmet":2,"minecraft:bow":1,"minecraft:diamond_leggings":1,"minecraft:iron_boots":1,"minecraft:chest":9,"minecraft:netherite_helmet":1,"minecraft:netherite_upgrade_smithing_template":12,"minecraft:oak_slab":30,"minecraft:arrow":40,"minecraft:emerald":95,"minecraft:cooked_porkchop":26,"minecraft:crafting_table":4,"minecraft:spruce_planks":880,"minecraft:iron_helmet":1,"minecraft:wooden_pickaxe":2,"minecraft:baked_potato":82,"minecraft:birch_planks":352,"minecraft:campfire":3,"minecraft:spruce_trapdoor":12,"minecraft:iron_chestplate":1,"minecraft:book":24,"minecraft:paper":72,"minecraft:diamond_pickaxe":2,"minecraft:shield":3,"minecraft:stick":2672,"minecraft:iron_ingot":217,"minecraft:iron_pickaxe":12,"minecraft:iron_block":3,"minecraft:gold_ingot":80,"minecraft:netherite_ingot":6,"minecraft:oak_door":3,"minecraft:iron_nugget":99,"minecraft:furnace":7,"minecraft:spruce_fence":60,"minecraft:oak_trapdoor":14,"minecraft:flint_and_steel":1,"minecraft:netherite_chestplate":1,"minecraft:lantern":6,"minecraft:spruce_stairs":68,"minecraft:netherite_leggings":1,"minecraft:iron_axe":2,"minecraft:ladder":24,"minecraft:spruce_slab":48,"minecraft:stone_pickaxe":1,"minecraft:diamond_boots":2,"minecraft:cobbled_deepslate_stairs":70,"minecraft:netherite_scrap":24,"minecraft:cooked_beef":46,"minecraft:netherite_pickaxe":1,"minecraft:diamond_sword":1,"minecraft:stripped_spruce_wood":12,"minecraft:enchanting_table":1,"minecraft:iron_sword":3,"minecraft:stone_axe":1,"minecraft:enchanted_book":9,"minecraft:air":0,"minecraft:oak_boat":1,"minecraft:golden_apple":6,"minecraft:birch_trapdoor":20,"minecraft:oak_stairs":12,"minecraft:wooden_axe":1,"minecraft:iron_shovel":8,"minecraft:iron_leggings":1,"minecraft:anvil":1,"minecraft:white_bed":1,"minecraft:torch":504,"minecraft:diamond_chestplate":1},"minecraft:mined":{"minecraft:large_amethyst_bud":1,"minecraft:white_bed":7,"minecraft:cobbled_deepslate_stairs":39,"minecraft:brewing_stand":1,"minecraft:obsidian":21,"minecraft:cave_vines_plant":6,"minecraft:granite":440,"minecraft:budding_amethyst":2,"minecraft:grass_block":1423,"minecraft:chiseled_tuff_bricks":1,"minecraft:tuff_bricks":27,"minecraft:spawner":6,"minecraft:raw_iron_block":2,"minecraft:glowstone":3,"minecraft:sculk_catalyst":1,"minecraft:iron_ore":104,"minecraft:cobbled_deepslate":138,"minecraft:fire":31,"minecraft:polished_tuff":1,"minecraft:deepslate_lapis_ore":47,"minecraft:azure_bluet":1,"minecraft:sculk_shrieker":1,"minecraft:cave_vines":5,"minecraft:dirt_path":3,"minecraft:iron_bars":20,"minecraft:deepslate_redstone_ore":63,"minecraft:red_bed":1,"minecraft:blackstone":552,"minecraft:medium_amethyst_bud":2,"minecraft:powder_snow":2,"minecraft:clay":2,"minecraft:torch":10,"minecraft:calcite":5,"minecraft:chest":7,"minecraft:nether_quartz_ore":437,"minecraft:cobblestone":100,"minecraft:oak_planks":1,"minecraft:sugar_cane":29,"minecraft:wall_torch":45,"minecraft:amethyst_block":6,"minecraft:chain":5,"minecraft:waxed_copper_bulb":1,"minecraft:light_gray_stained_glass":2,"minecraft:birch_log":112,"minecraft:waxed_copper_block":2,"minecraft:oak_log":379,"minecraft:waxed_oxidized_copper":2,"minecraft:waxed_oxidized_copper_door":1,"minecraft:sand":4,"minecraft:dirt":530,"minecraft:smooth_basalt":5,"minecraft:ancient_debris":22,"minecraft:netherrack":8882,"minecraft:oak_leaves":46,"minecraft:deepslate":8174,"minecraft:nether_gold_ore":75,"minecraft:diamond_ore":1,"minecraft:tuff":433,"minecraft:mossy_cobblestone":1,"minecraft:oak_door":1,"minecraft:deepslate_diamond_ore":238,"minecraft:candle":2,"minecraft:waxed_oxidized_chiseled_copper":1,"minecraft:glow_lichen":1,"minecraft:decorated_pot":9,"minecraft:spruce_leaves":20,"minecraft:moss_block":2,"minecraft:red_mushroom":1,"minecraft:waxed_oxidized_cut_copper":4,"minecraft:furnace":19,"minecraft:carrots":160,"minecraft:waxed_copper_grate":6,"minecraft:andesite":17,"minecraft:stripped_spruce_log":102,"minecraft:potatoes":128,"minecraft:deepslate_iron_ore":190,"minecraft:lantern":2,"minecraft:stripped_oak_log":1,"minecraft:waxed_weathered_copper_bulb":1,"minecraft:stone":2495,"minecraft:glass_pane":1,"minecraft:basalt":2412,"minecraft:oak_fence":2,"minecraft:crafting_table":20,"minecraft:short_grass":29,"minecraft:copper_ore":32,"minecraft:tall_grass":4,"minecraft:deepslate_gold_ore":138,"minecraft:lapis_ore":2,"minecraft:sculk":4,"minecraft:diorite":157,"minecraft:purple_bed":5,"minecraft:spruce_log":195,"minecraft:coal_ore":171,"minecraft:gravel":172,"minecraft:dripstone_block":1,"minecraft:cobweb":15,"minecraft:gold_ore":3},"minecraft:picked_up":{"minecraft:iron_chestplate":1,"minecraft:suspicious_stew":2,"minecraft:lead":2,"minecraft:diamond_sword":2,"minecraft:potion":6,"minecraft:enchanted_book":11,"minecraft:golden_shovel":1,"minecraft:brewing_stand":1,"minecraft:golden_sword":1,"minecraft:amethyst_block":2,"minecraft:string":80,"minecraft:raw_copper":107,"minecraft:diamond_leggings":4,"minecraft:gold_nugget":267,"minecraft:cobbled_deepslate":5001,"minecraft:spruce_planks":16,"minecraft:trial_key":34,"minecraft:waxed_oxidized_copper_door":1,"minecraft:calcite":1,"minecraft:azalea":2,"minecraft:netherite_upgrade_smithing_template":1,"minecraft:iron_pickaxe":11,"minecraft:enchanted_golden_apple":3,"minecraft:furnace":23,"minecraft:golden_helmet":2,"minecraft:tipped_arrow":77,"minecraft:stick":51,"minecraft:oak_fence":5,"minecraft:torch":187,"minecraft:porkchop":24,"minecraft:waxed_weathered_copper_bulb":1,"minecraft:waxed_copper_grate":2,"minecraft:pointed_dripstone":1,"minecraft:diorite":157,"minecraft:honey_bottle":9,"minecraft:rotten_flesh":115,"minecraft:netherite_chestplate":1,"minecraft:obsidian":21,"minecraft:iron_bars":20,"minecraft:cobblestone":2617,"minecraft:birch_log":115,"minecraft:enchanting_table":1,"minecraft:feather":12,"minecraft:cooked_beef":25,"minecraft:magma_cream":1,"minecraft:water_bucket":2,"minecraft:andesite":16,"minecraft:golden_leggings":2,"minecraft:potato":370,"minecraft:flint":20,"minecraft:tuff":186,"minecraft:netherite_leggings":1,"minecraft:lapis_lazuli":231,"minecraft:dirt":3676,"minecraft:lantern":2,"minecraft:name_tag":2,"minecraft:bone":214,"minecraft:bow":19,"minecraft:wheat_seeds":15,"minecraft:raw_gold":159,"minecraft:bolt_armor_trim_smithing_template":6,"minecraft:guster_banner_pattern":5,"minecraft:diamond_helmet":3,"minecraft:glowstone_dust":3,"minecraft:oak_planks":4,"minecraft:scrape_pottery_sherd":3,"minecraft:poisonous_potato":3,"minecraft:sand":4,"minecraft:stripped_spruce_log":102,"minecraft:netherite_helmet":1,"minecraft:diamond":331,"minecraft:spruce_boat":2,"minecraft:granite":443,"minecraft:crossbow":1,"minecraft:breeze_rod":1,"minecraft:golden_apple":9,"minecraft:spruce_sign":1,"minecraft:emerald":47,"minecraft:bread":40,"minecraft:oak_sapling":51,"minecraft:netherrack":1374,"minecraft:ominous_trial_key":7,"minecraft:diamond_pickaxe":4,"minecraft:lingering_potion":1,"minecraft:waxed_oxidized_cut_copper":4,"minecraft:crafting_table":21,"minecraft:azure_bluet":1,"minecraft:ominous_bottle":6,"minecraft:splash_potion":2,"minecraft:chicken":15,"minecraft:diamond_horse_armor":1,"minecraft:chain":5,"minecraft:brick":201,"minecraft:shield":5,"minecraft:wind_charge":22,"minecraft:cornflower":1,"minecraft:iron_axe":2,"minecraft:compass":7,"minecraft:blackstone":263,"minecraft:candle":6,"minecraft:beef":55,"minecraft:oak_boat":2,"minecraft:poppy":4,"minecraft:light_gray_wool":1,"minecraft:guster_pottery_sherd":7,"minecraft:sugar_cane":65,"minecraft:chest":7,"minecraft:birch_sapling":2,"minecraft:phantom_membrane":2,"minecraft:waxed_oxidized_copper":3,"minecraft:egg":3,"minecraft:raw_iron":426,"minecraft:oak_door":1,"minecraft:bowl":1,"minecraft:flow_pottery_sherd":2,"minecraft:trident":3,"minecraft:carrot":612,"minecraft:redstone":110,"minecraft:netherite_pickaxe":1,"minecraft:waxed_oxidized_chiseled_copper":1,"minecraft:stone_shovel":1,"minecraft:arrow":323,"minecraft:diamond_chestplate":7,"minecraft:decorated_pot":7,"minecraft:diamond_boots":4,"minecraft:saddle":1,"minecraft:gold_ingot":1,"minecraft:tuff_bricks":32,"minecraft:glow_berries":10,"minecraft:mutton":18,"minecraft:rail":4,"minecraft:white_wool":70,"minecraft:stripped_oak_log":1,"minecraft:netherite_boots":1,"minecraft:basalt":1738,"minecraft:golden_carrot":5,"minecraft:glow_ink_sac":3,"minecraft:leather":24,"minecraft:red_mushroom":3,"minecraft:birch_planks":10,"minecraft:waxed_copper_bulb":1,"minecraft:oak_log":390,"minecraft:waxed_copper_block":4,"minecraft:ancient_debris":26,"minecraft:cobbled_deepslate_stairs":39,"minecraft:gunpowder":11,"minecraft:paper":39,"minecraft:white_banner":1,"minecraft:cooked_mutton":2,"minecraft:apple":4,"minecraft:kelp":1,"minecraft:iron_ingot":20,"minecraft:cooked_chicken":26,"minecraft:glass_bottle":2,"minecraft:iron_sword":3,"minecraft:book":50,"minecraft:quartz":362,"minecraft:dandelion":1,"minecraft:raw_iron_block":2,"minecraft:dripstone_block":1,"minecraft:gravel":160,"minecraft:spruce_sapling":11,"minecraft:white_bed":7,"minecraft:spruce_log":209,"minecraft:polished_tuff":2,"minecraft:spider_eye":21,"minecraft:diamond_shovel":3,"minecraft:purple_bed":4,"minecraft:slime_ball":35,"minecraft:stone_axe":1,"minecraft:diamond_axe":4,"minecraft:baked_potato":71,"minecraft:coal":322,"minecraft:ender_pearl":1},"minecraft:killed_by":{"minecraft:zombie":1,"minecraft:player":2,"minecraft:skeleton":1},"minecraft:broken":{"minecraft:iron_shovel":7,"minecraft:diamond_helmet":2,"minecraft:diamond_boots":1,"minecraft:stone_shovel":1,"minecraft:diamond_leggings":1,"minecraft:shield":1,"minecraft:iron_axe":1,"minecraft:iron_pickaxe":21},"minecraft:dropped":{"minecraft:guster_pottery_sherd":6,"minecraft:iron_sword":5,"minecraft:diamond_axe":1,"minecraft:ominous_bottle":1,"minecraft:cooked_beef":20,"minecraft:glow_ink_sac":3,"minecraft:glass_bottle":3,"minecraft:cooked_porkchop":20,"minecraft:netherite_upgrade_smithing_template":1,"minecraft:glow_berries":2,"minecraft:leather":18,"minecraft:rail":2,"minecraft:red_mushroom":1,"minecraft:flint":2,"minecraft:emerald":1,"minecraft:dirt":94,"minecraft:scrape_pottery_sherd":3,"minecraft:gold_nugget":64,"minecraft:polished_blackstone_bricks":3,"minecraft:iron_pickaxe":2,"minecraft:bone":89,"minecraft:gravel":34,"minecraft:stone_axe":1,"minecraft:blackstone":204,"minecraft:sugar_cane":4,"minecraft:ancient_debris":2,"minecraft:cooked_chicken":13,"minecraft:cobbled_deepslate":2746,"minecraft:obsidian":4,"minecraft:pointed_dripstone":1,"minecraft:rotten_flesh":97,"minecraft:oak_planks":20,"minecraft:diamond_shovel":3,"minecraft:cooked_mutton":2,"minecraft:golden_shovel":1,"minecraft:honey_bottle":4,"minecraft:waxed_copper_block":3,"minecraft:carrot":74,"minecraft:wind_charge":3,"minecraft:tipped_arrow":7,"minecraft:lingering_potion":2,"minecraft:azalea":2,"minecraft:basalt":1429,"minecraft:arrow":60,"minecraft:quartz":346,"minecraft:splash_potion":2,"minecraft:netherrack":916,"minecraft:enchanted_book":1,"minecraft:water_bucket":2,"minecraft:iron_ingot":13,"minecraft:cobbled_deepslate_stairs":3,"minecraft:golden_horse_armor":1,"minecraft:diamond_leggings":1,"minecraft:poisonous_potato":3,"minecraft:oak_fence":4,"minecraft:iron_helmet":1,"minecraft:cobblestone":1608,"minecraft:book":1,"minecraft:polished_tuff":1,"minecraft:amethyst_block":2,"minecraft:granite":326,"minecraft:ominous_trial_key":4,"minecraft:coal":47,"minecraft:golden_apple":9,"minecraft:diorite":24,"minecraft:torch":143,"minecraft:wooden_axe":1,"minecraft:waxed_copper_bulb":1,"minecraft:diamond_helmet":1,"minecraft:iron_leggings":1,"minecraft:iron_axe":1,"minecraft:string":22,"minecraft:redstone":46,"minecraft:kelp":1,"minecraft:tuff_bricks":9,"minecraft:flow_pottery_sherd":2,"minecraft:raw_copper":52,"minecraft:bowl":4,"minecraft:tuff":176,"minecraft:guster_banner_pattern":3,"minecraft:raw_iron":16,"minecraft:light_gray_wool":1,"minecraft:iron_boots":1,"minecraft:name_tag":2,"minecraft:diamond_sword":1,"minecraft:potato":2,"minecraft:shield":2,"minecraft:trial_key":3,"minecraft:diamond_chestplate":4,"minecraft:diamond_pickaxe":3,"minecraft:iron_chestplate":1,"minecraft:andesite":6,"minecraft:oak_sapling":1,"minecraft:golden_sword":1,"minecraft:spruce_log":1,"minecraft:slime_ball":35,"minecraft:spider_eye":1,"minecraft:diamond_boots":2,"minecraft:bow":11,"minecraft:stone_pickaxe":1,"minecraft:wooden_pickaxe":1,"minecraft:raw_gold":8,"minecraft:calcite":1,"minecraft:brick":181},"minecraft:killed":{"minecraft:cave_spider":69,"minecraft:spider":12,"minecraft:skeleton":108,"minecraft:chicken":9,"minecraft:silverfish":5,"minecraft:magma_cube":1,"minecraft:pig":11,"minecraft:zombie_villager":1,"minecraft:creeper":3,"minecraft:sheep":16,"minecraft:trader_llama":2,"minecraft:pillager":3,"minecraft:zombie":82,"minecraft:stray":50,"minecraft:cow":23,"minecraft:armadillo":1,"minecraft:bogged":7,"minecraft:slime":33,"minecraft:phantom":2,"minecraft:drowned":3,"minecraft:husk":29,"minecraft:ravager":1,"minecraft:breeze":1,"minecraft:enderman":2},"minecraft:used":{"minecraft:waxed_oxidized_copper_door":1,"minecraft:tuff_bricks":3,"minecraft:iron_shovel":1853,"minecraft:ladder":15,"minecraft:chest":14,"minecraft:decorated_pot":7,"minecraft:shield":161,"minecraft:iron_sword":355,"minecraft:iron_chestplate":2,"minecraft:waxed_oxidized_chiseled_copper":1,"minecraft:carrot":379,"minecraft:waxed_copper_grate":2,"minecraft:tuff":4,"minecraft:obsidian":13,"minecraft:waxed_oxidized_copper":1,"minecraft:lava_bucket":1,"minecraft:lantern":8,"minecraft:iron_helmet":3,"minecraft:netherite_boots":2,"minecraft:bow":136,"minecraft:ominous_bottle":2,"minecraft:oak_sapling":4,"minecraft:furnace":23,"minecraft:egg":3,"minecraft:potato":128,"minecraft:diorite":62,"minecraft:diamond_boots":6,"minecraft:waxed_weathered_copper_bulb":1,"minecraft:stone_pickaxe":21,"minecraft:wooden_pickaxe":7,"minecraft:sugar_cane":1,"minecraft:diamond_axe":529,"minecraft:white_wool":1,"minecraft:golden_apple":10,"minecraft:glow_berries":8,"minecraft:sand":3,"minecraft:cobbled_deepslate_stairs":108,"minecraft:polished_tuff":1,"minecraft:bread":8,"minecraft:gravel":126,"minecraft:diamond_sword":873,"minecraft:andesite":1,"minecraft:chain":21,"minecraft:oak_boat":2,"minecraft:oak_fence":1,"minecraft:trident":11,"minecraft:iron_bars":37,"minecraft:enchanting_table":2,"minecraft:flint_and_steel":6,"minecraft:stone_shovel":95,"minecraft:trial_key":17,"minecraft:cooked_chicken":22,"minecraft:netherrack":185,"minecraft:oak_door":1,"minecraft:torch":682,"minecraft:dirt":216,"minecraft:anvil":1,"minecraft:diamond_helmet":5,"minecraft:granite":17,"minecraft:wooden_axe":1,"minecraft:iron_axe":446,"minecraft:iron_boots":2,"minecraft:diamond_chestplate":5,"minecraft:basalt":218,"minecraft:golden_carrot":3,"minecraft:netherite_pickaxe":5205,"minecraft:cooked_beef":42,"minecraft:cobbled_deepslate":1732,"minecraft:iron_leggings":2,"minecraft:cooked_mutton":18,"minecraft:water_bucket":50,"minecraft:baked_potato":139,"minecraft:waxed_oxidized_cut_copper":4,"minecraft:spruce_sign":1,"minecraft:waxed_copper_block":1,"minecraft:crafting_table":22,"minecraft:white_bed":9,"minecraft:spruce_log":102,"minecraft:oak_log":6,"minecraft:diamond_pickaxe":14621,"minecraft:ominous_trial_key":3,"minecraft:iron_pickaxe":5734,"minecraft:suspicious_stew":3,"minecraft:spruce_sapling":11,"minecraft:stone_axe":21,"minecraft:potion":1,"minecraft:cobblestone":331,"minecraft:purple_bed":4,"minecraft:cooked_porkchop":3,"minecraft:bucket":52,"minecraft:diamond_leggings":5}},"DataVersion":3953}