{"stats":{"minecraft:dropped":{"minecraft:stone_axe":1,"minecraft:wooden_axe":1,"minecraft:stone_pickaxe":1,"minecraft:wooden_pickaxe":1},"minecraft:custom":{"minecraft:time_since_rest":788,"minecraft:interact_with_furnace":14,"minecraft:sprint_one_cm":93592,"minecraft:walk_one_cm":40743,"minecraft:damage_taken":54,"minecraft:mob_kills":10,"minecraft:drop":4,"minecraft:damage_dealt":880,"minecraft:swim_one_cm":2486,"minecraft:interact_with_crafting_table":10,"minecraft:fly_one_cm":45602,"minecraft:open_chest":6,"minecraft:crouch_one_cm":277,"minecraft:play_time":16780,"minecraft:sneak_time":75,"minecraft:walk_under_water_one_cm":51,"minecraft:jump":207,"minecraft:walk_on_water_one_cm":235,"minecraft:time_since_death":16780,"minecraft:sleep_in_bed":1,"minecraft:climb_one_cm":416,"minecraft:total_world_time":16780,"minecraft:fall_one_cm":5397},"minecraft:crafted":{"minecraft:cooked_beef":8,"minecraft:crafting_table":1,"minecraft:spruce_planks":92,"minecraft:stick":12,"minecraft:baked_potato":2,"minecraft:wooden_pickaxe":1,"minecraft:stone_pickaxe":1,"minecraft:wooden_axe":1,"minecraft:iron_sword":1,"minecraft:furnace":2,"minecraft:stone_axe":1,"minecraft:cooked_mutton":6,"minecraft:air":0},"minecraft:used":{"minecraft:cooked_mutton":4,"minecraft:wooden_axe":1,"minecraft:stone_pickaxe":21,"minecraft:iron_pickaxe":1,"minecraft:iron_helmet":1,"minecraft:wooden_pickaxe":4,"minecraft:spruce_sapling":1,"minecraft:stone_axe":15,"minecraft:purple_bed":1,"minecraft:crafting_table":4,"minecraft:furnace":4},"minecraft:picked_up":{"minecraft:crafting_table":3,"minecraft:leather":2,"minecraft:spruce_sapling":1,"minecraft:brewing_stand":1,"minecraft:spruce_log":7,"minecraft:purple_bed":2,"minecraft:stone_axe":1,"minecraft:beef":13,"minecraft:mutton":6,"minecraft:white_wool":6,"minecraft:cobblestone":23,"minecraft:furnace":2},"minecraft:killed":{"minecraft:sheep":6,"minecraft:cow":4},"minecraft:mined":{"minecraft:purple_bed":2,"minecraft:furnace":2,"minecraft:spruce_log":6,"minecraft:brewing_stand":1,"minecraft:crafting_table":3,"minecraft:short_grass":2,"minecraft:stone":23}},"DataVersion":3953}