{"stats":{"minecraft:dropped":{"minecraft:stone_axe":1,"minecraft:glow_ink_sac":3,"minecraft:pointed_dripstone":1,"minecraft:waxed_copper_block":1,"minecraft:wooden_axe":1,"minecraft:wooden_pickaxe":1,"minecraft:stone_pickaxe":1},"minecraft:custom":{"minecraft:interact_with_furnace":18,"minecraft:mob_kills":14,"minecraft:interact_with_crafting_table":11,"minecraft:open_barrel":2,"minecraft:time_since_death":46780,"minecraft:sleep_in_bed":2,"minecraft:climb_one_cm":2372,"minecraft:time_since_rest":17758,"minecraft:sprint_one_cm":120132,"minecraft:damage_taken":673,"minecraft:walk_one_cm":129599,"minecraft:damage_blocked_by_shield":810,"minecraft:drop":7,"minecraft:damage_dealt":1411,"minecraft:swim_one_cm":5505,"minecraft:talked_to_villager":1,"minecraft:fly_one_cm":59181,"minecraft:open_chest":9,"minecraft:crouch_one_cm":8048,"minecraft:play_time":46780,"minecraft:sneak_time":1463,"minecraft:walk_under_water_one_cm":2255,"minecraft:jump":407,"minecraft:walk_on_water_one_cm":9873,"minecraft:total_world_time":46780,"minecraft:fall_one_cm":9487,"minecraft:inspect_dispenser":1},"minecraft:crafted":{"minecraft:cooked_beef":8,"minecraft:crafting_table":1,"minecraft:spruce_planks":92,"minecraft:wooden_pickaxe":1,"minecraft:baked_potato":6,"minecraft:iron_sword":1,"minecraft:furnace":2,"minecraft:stone_axe":1,"minecraft:cooked_mutton":6,"minecraft:air":0,"minecraft:shield":1,"minecraft:stick":12,"minecraft:stone_pickaxe":1,"minecraft:wooden_axe":1},"minecraft:used":{"minecraft:waxed_oxidized_copper_door":1,"minecraft:cooked_mutton":6,"minecraft:stone_pickaxe":21,"minecraft:waxed_oxidized_cut_copper":2,"minecraft:shield":14,"minecraft:wooden_pickaxe":4,"minecraft:iron_sword":8,"minecraft:spruce_sign":1,"minecraft:torch":3,"minecraft:dirt":14,"minecraft:crafting_table":5,"minecraft:tuff":1,"minecraft:wooden_axe":1,"minecraft:iron_pickaxe":382,"minecraft:iron_helmet":1,"minecraft:spruce_sapling":1,"minecraft:stone_axe":20,"minecraft:purple_bed":2,"minecraft:furnace":4,"minecraft:cooked_beef":5,"minecraft:cobbled_deepslate":29},"minecraft:killed":{"minecraft:sheep":6,"minecraft:skeleton":2,"minecraft:zombie":2,"minecraft:cow":4},"minecraft:broken":{"minecraft:iron_pickaxe":1},"minecraft:picked_up":{"minecraft:waxed_oxidized_cut_copper":2,"minecraft:crafting_table":5,"minecraft:glow_ink_sac":3,"minecraft:leather":2,"minecraft:tuff":9,"minecraft:waxed_copper_block":1,"minecraft:brewing_stand":1,"minecraft:brick":3,"minecraft:lapis_lazuli":27,"minecraft:dirt":14,"minecraft:candle":6,"minecraft:cobbled_deepslate":285,"minecraft:raw_gold":14,"minecraft:spruce_planks":1,"minecraft:beef":13,"minecraft:waxed_oxidized_copper_door":1,"minecraft:guster_pottery_sherd":1,"minecraft:chest":2,"minecraft:furnace":4,"minecraft:raw_iron":4,"minecraft:dripstone_block":1,"minecraft:spruce_sapling":1,"minecraft:pointed_dripstone":1,"minecraft:spruce_log":7,"minecraft:arrow":5,"minecraft:purple_bed":3,"minecraft:diamond":3,"minecraft:stone_axe":1,"minecraft:spruce_sign":1,"minecraft:tuff_bricks":20,"minecraft:mutton":6,"minecraft:white_wool":6,"minecraft:cobblestone":23},"minecraft:mined":{"minecraft:tuff":9,"minecraft:deepslate_diamond_ore":3,"minecraft:candle":2,"minecraft:brewing_stand":1,"minecraft:crafting_table":5,"minecraft:short_grass":2,"minecraft:decorated_pot":1,"minecraft:chest":2,"minecraft:deepslate_gold_ore":14,"minecraft:tuff_bricks":21,"minecraft:purple_bed":3,"minecraft:waxed_oxidized_cut_copper":2,"minecraft:furnace":4,"minecraft:cobbled_deepslate":1,"minecraft:spruce_log":6,"minecraft:waxed_copper_block":1,"minecraft:deepslate_lapis_ore":4,"minecraft:deepslate_iron_ore":4,"minecraft:waxed_oxidized_copper_door":1,"minecraft:dripstone_block":1,"minecraft:dirt":14,"minecraft:stone":23,"minecraft:deepslate":314}},"DataVersion":3953}