{"stats":{"minecraft:custom":{"minecraft:animals_bred":1,"minecraft:interact_with_crafting_table":106,"minecraft:bell_ring":10,"minecraft:leave_game":14,"minecraft:time_since_death":94365,"minecraft:sprint_one_cm":1359478,"minecraft:damage_blocked_by_shield":3048,"minecraft:drop":153,"minecraft:play_noteblock":1,"minecraft:talked_to_villager":95,"minecraft:play_time":774645,"minecraft:deaths":6,"minecraft:jump":14024,"minecraft:walk_on_water_one_cm":54166,"minecraft:interact_with_furnace":85,"minecraft:traded_with_villager":160,"minecraft:sleep_in_bed":29,"minecraft:damage_dealt":18661,"minecraft:crouch_one_cm":47343,"minecraft:interact_with_smoker":11,"minecraft:interact_with_anvil":8,"minecraft:mob_kills":121,"minecraft:inspect_hopper":1,"minecraft:climb_one_cm":12881,"minecraft:walk_one_cm":2874053,"minecraft:sneak_time":15912,"minecraft:walk_under_water_one_cm":9273,"minecraft:boat_one_cm":4067,"minecraft:interact_with_blast_furnace":19,"minecraft:total_world_time":774645,"minecraft:tune_noteblock":290,"minecraft:interact_with_grindstone":1,"minecraft:interact_with_stonecutter":15,"minecraft:time_since_rest":3868,"minecraft:damage_taken":7822,"minecraft:swim_one_cm":13515,"minecraft:fly_one_cm":2050726,"minecraft:open_chest":276,"minecraft:fall_one_cm":224845},"minecraft:crafted":{"minecraft:oak_planks":108,"minecraft:smooth_stone":5,"minecraft:cooked_chicken":5,"minecraft:stone":82,"minecraft:diamond_shovel":1,"minecraft:bookshelf":4,"minecraft:cooked_mutton":2,"minecraft:spruce_pressure_plate":1,"minecraft:glass":128,"minecraft:hopper":1,"minecraft:bow":2,"minecraft:iron_boots":1,"minecraft:chest":20,"minecraft:stone_hoe":1,"minecraft:raw_iron_block":12,"minecraft:emerald":146,"minecraft:cooked_porkchop":8,"minecraft:diamond_axe":1,"minecraft:crafting_table":9,"minecraft:spruce_planks":3308,"minecraft:iron_helmet":2,"minecraft:wooden_pickaxe":1,"minecraft:baked_potato":140,"minecraft:iron_chestplate":2,"minecraft:diamond_pickaxe":4,"minecraft:charcoal":97,"minecraft:shield":2,"minecraft:stick":4209,"minecraft:iron_ingot":195,"minecraft:iron_pickaxe":17,"minecraft:iron_block":3,"minecraft:gold_ingot":3,"minecraft:composter":45,"minecraft:shears":1,"minecraft:raw_iron":135,"minecraft:stone_brick_wall":57,"minecraft:fishing_rod":1,"minecraft:iron_nugget":45,"minecraft:spruce_button":1,"minecraft:furnace":6,"minecraft:blast_furnace":1,"minecraft:bone_meal":36,"minecraft:spruce_fence":3,"minecraft:lantern":5,"minecraft:spruce_stairs":96,"minecraft:iron_axe":3,"minecraft:ladder":6,"minecraft:spruce_slab":426,"minecraft:stone_pickaxe":1,"minecraft:cobblestone_wall":105,"minecraft:lead":2,"minecraft:cooked_beef":4,"minecraft:iron_trapdoor":1,"minecraft:iron_sword":1,"minecraft:bucket":2,"minecraft:stone_axe":1,"minecraft:glowstone":36,"minecraft:enchanted_book":8,"minecraft:air":0,"minecraft:iron_shovel":4,"minecraft:iron_leggings":2,"minecraft:anvil":1,"minecraft:stonecutter":1,"minecraft:white_bed":46,"minecraft:note_block":1,"minecraft:torch":340},"minecraft:mined":{"minecraft:spruce_planks":85,"minecraft:white_bed":5,"minecraft:cobblestone_stairs":44,"minecraft:obsidian":14,"minecraft:cave_vines_plant":54,"minecraft:granite":103,"minecraft:grass_block":304,"minecraft:stone_brick_wall":49,"minecraft:deepslate_bricks":6,"minecraft:composter":2,"minecraft:frosted_ice":3,"minecraft:spawner":3,"minecraft:magma_block":2,"minecraft:raw_iron_block":3,"minecraft:glowstone":58,"minecraft:iron_ore":129,"minecraft:cobbled_deepslate":15,"minecraft:pumpkin":21,"minecraft:deepslate_lapis_ore":43,"minecraft:pointed_dripstone":12,"minecraft:cave_vines":68,"minecraft:dirt_path":153,"minecraft:azalea":1,"minecraft:spruce_slab":17,"minecraft:deepslate_redstone_ore":45,"minecraft:blackstone":102,"minecraft:clay":53,"minecraft:torch":8,"minecraft:chest":5,"minecraft:glass":1,"minecraft:nether_quartz_ore":9,"minecraft:cobblestone":222,"minecraft:oak_planks":9,"minecraft:wall_torch":13,"minecraft:deepslate_copper_ore":4,"minecraft:oak_log":16,"minecraft:sand":131,"minecraft:dirt":808,"minecraft:smooth_basalt":2,"minecraft:stonecutter":1,"minecraft:netherrack":324,"minecraft:piston":1,"minecraft:oak_leaves":3,"minecraft:deepslate":1376,"minecraft:deepslate_tiles":15,"minecraft:diamond_ore":3,"minecraft:tuff":457,"minecraft:deepslate_diamond_ore":53,"minecraft:lever":1,"minecraft:spruce_leaves":127,"minecraft:moss_block":38,"minecraft:rooted_dirt":54,"minecraft:large_fern":49,"minecraft:spruce_sapling":1,"minecraft:furnace":1,"minecraft:carrots":153,"minecraft:andesite":113,"minecraft:stripped_spruce_log":32,"minecraft:chiseled_deepslate":47,"minecraft:bell":1,"minecraft:bookshelf":4,"minecraft:potatoes":220,"minecraft:deepslate_iron_ore":212,"minecraft:vine":5,"minecraft:rail":34,"minecraft:lantern":3,"minecraft:stone":3217,"minecraft:podzol":4,"minecraft:flowering_azalea":1,"minecraft:basalt":430,"minecraft:spruce_door":5,"minecraft:crafting_table":6,"minecraft:short_grass":42,"minecraft:tall_grass":11,"minecraft:copper_ore":25,"minecraft:lapis_ore":11,"minecraft:deepslate_gold_ore":54,"minecraft:diorite":47,"minecraft:big_dripleaf":1,"minecraft:spruce_stairs":16,"minecraft:purple_bed":3,"minecraft:cobblestone_wall":33,"minecraft:sweet_berry_bush":9,"minecraft:spruce_log":492,"minecraft:coal_ore":252,"minecraft:gravel":63,"minecraft:dripstone_block":6,"minecraft:cobweb":23,"minecraft:stone_bricks":67,"minecraft:small_dripleaf":2,"minecraft:fern":9},"minecraft:picked_up":{"minecraft:chiseled_deepslate":45,"minecraft:iron_chestplate":6,"minecraft:lead":14,"minecraft:enchanted_book":1,"minecraft:golden_shovel":1,"minecraft:golden_sword":1,"minecraft:string":53,"minecraft:raw_copper":75,"minecraft:cooked_salmon":29,"minecraft:iron_leggings":4,"minecraft:deepslate_tiles":14,"minecraft:cobbled_deepslate":1215,"minecraft:gold_nugget":1,"minecraft:smooth_stone":2,"minecraft:spruce_planks":149,"minecraft:iron_pickaxe":6,"minecraft:furnace":2,"minecraft:iron_boots":2,"minecraft:tipped_arrow":9,"minecraft:stick":94,"minecraft:big_dripleaf":1,"minecraft:composter":6,"minecraft:torch":349,"minecraft:spruce_stairs":19,"minecraft:porkchop":10,"minecraft:pointed_dripstone":31,"minecraft:diorite":29,"minecraft:rotten_flesh":55,"minecraft:glowstone":35,"minecraft:obsidian":14,"minecraft:cobblestone":3524,"minecraft:feather":4,"minecraft:magma_cream":1,"minecraft:andesite":118,"minecraft:potato":669,"minecraft:flint":14,"minecraft:tuff":367,"minecraft:lapis_lazuli":373,"minecraft:dirt":1505,"minecraft:lantern":4,"minecraft:bone":26,"minecraft:stonecutter":1,"minecraft:bow":7,"minecraft:wheat_seeds":9,"minecraft:raw_gold":53,"minecraft:bell":1,"minecraft:glowstone_dust":155,"minecraft:moss_block":20,"minecraft:oak_planks":20,"minecraft:cooked_porkchop":1,"minecraft:poisonous_potato":4,"minecraft:sand":126,"minecraft:stripped_spruce_log":22,"minecraft:mossy_cobblestone":102,"minecraft:diamond":86,"minecraft:spruce_boat":8,"minecraft:lever":1,"minecraft:granite":104,"minecraft:golden_apple":2,"minecraft:emerald":22,"minecraft:rooted_dirt":54,"minecraft:oak_sapling":14,"minecraft:netherrack":598,"minecraft:diamond_pickaxe":4,"minecraft:crafting_table":7,"minecraft:chicken":5,"minecraft:ladder":2,"minecraft:clay_ball":224,"minecraft:chest_minecart":3,"minecraft:stone_brick_wall":54,"minecraft:shield":4,"minecraft:iron_axe":4,"minecraft:iron_shovel":3,"minecraft:blackstone":139,"minecraft:beef":7,"minecraft:spruce_slab":16,"minecraft:iron_nugget":5,"minecraft:poppy":1,"minecraft:light_gray_wool":1,"minecraft:chest":5,"minecraft:piston":1,"minecraft:egg":4,"minecraft:raw_iron":385,"minecraft:stone":7,"minecraft:carrot":515,"minecraft:redstone":245,"minecraft:arrow":24,"minecraft:shears":1,"minecraft:deepslate_bricks":4,"minecraft:glow_berries":28,"minecraft:mutton":17,"minecraft:rail":63,"minecraft:white_wool":180,"minecraft:basalt":393,"minecraft:leather":12,"minecraft:oak_log":16,"minecraft:golden_boots":2,"minecraft:cobblestone_wall":48,"minecraft:cobblestone_stairs":88,"minecraft:stone_bricks":201,"minecraft:iron_ingot":29,"minecraft:cooked_chicken":5,"minecraft:glass_bottle":3,"minecraft:flowering_azalea":1,"minecraft:book":16,"minecraft:pumpkin":21,"minecraft:sweet_berries":17,"minecraft:quartz":7,"minecraft:raw_iron_block":3,"minecraft:dripstone_block":5,"minecraft:gravel":173,"minecraft:spruce_sapling":88,"minecraft:white_bed":6,"minecraft:spruce_log":594,"minecraft:spruce_door":6,"minecraft:spider_eye":3,"minecraft:diamond_shovel":1,"minecraft:pumpkin_seeds":5,"minecraft:purple_bed":3,"minecraft:slime_ball":3,"minecraft:stone_axe":1,"minecraft:short_grass":2,"minecraft:iron_helmet":5,"minecraft:diamond_axe":1,"minecraft:baked_potato":5,"minecraft:melon_seeds":8,"minecraft:coal":306,"minecraft:ender_pearl":3},"minecraft:killed_by":{"minecraft:skeleton":3},"minecraft:broken":{"minecraft:iron_shovel":1,"minecraft:golden_shovel":3,"minecraft:stone_pickaxe":1,"minecraft:diamond_pickaxe":2,"minecraft:iron_axe":2,"minecraft:iron_pickaxe":7,"minecraft:iron_helmet":1},"minecraft:dropped":{"minecraft:moss_block":2,"minecraft:lapis_lazuli":29,"minecraft:baked_potato":38,"minecraft:glass_bottle":3,"minecraft:ender_pearl":1,"minecraft:diamond":35,"minecraft:leather":3,"minecraft:chest_minecart":2,"minecraft:flint":2,"minecraft:dirt":24,"minecraft:mutton":3,"minecraft:bone_meal":31,"minecraft:iron_pickaxe":10,"minecraft:gravel":1,"minecraft:cooked_chicken":1,"minecraft:detector_rail":2,"minecraft:cobbled_deepslate":6,"minecraft:obsidian":13,"minecraft:pointed_dripstone":31,"minecraft:carrot":267,"minecraft:tipped_arrow":3,"minecraft:charcoal":45,"minecraft:melon_seeds":4,"minecraft:basalt":7,"minecraft:arrow":6,"minecraft:beef":3,"minecraft:netherrack":183,"minecraft:stone_hoe":1,"minecraft:enchanted_book":3,"minecraft:iron_ingot":75,"minecraft:wheat_seeds":3,"minecraft:mossy_cobblestone":10,"minecraft:dripstone_block":5,"minecraft:poisonous_potato":2,"minecraft:feather":4,"minecraft:cobblestone":27,"minecraft:book":1,"minecraft:spruce_door":1,"minecraft:coal":3,"minecraft:stick":9,"minecraft:torch":69,"minecraft:fire_charge":1,"minecraft:iron_shovel":1,"minecraft:string":1,"minecraft:bucket":1,"minecraft:spruce_sapling":3,"minecraft:redstone":14,"minecraft:sweet_berries":17,"minecraft:raw_copper":13,"minecraft:raw_iron":29,"minecraft:name_tag":1,"minecraft:potato":134,"minecraft:spruce_boat":1,"minecraft:shield":2,"minecraft:diamond_pickaxe":2,"minecraft:iron_chestplate":1,"minecraft:oak_sapling":7,"minecraft:slime_ball":1,"minecraft:bow":2,"minecraft:wooden_pickaxe":1,"minecraft:raw_gold":3},"minecraft:killed":{"minecraft:cave_spider":2,"minecraft:zombified_piglin":1,"minecraft:spider":7,"minecraft:skeleton":18,"minecraft:fox":1,"minecraft:chicken":6,"minecraft:magma_cube":7,"minecraft:pig":4,"minecraft:creeper":1,"minecraft:sheep":8,"minecraft:zombie":53,"minecraft:cow":3,"minecraft:slime":1,"minecraft:enderman":1},"minecraft:used":{"minecraft:moss_block":2,"minecraft:iron_shovel":606,"minecraft:chiseled_deepslate":54,"minecraft:spruce_slab":81,"minecraft:ladder":5,"minecraft:chest":23,"minecraft:shield":56,"minecraft:iron_sword":29,"minecraft:bell":1,"minecraft:rotten_flesh":5,"minecraft:iron_chestplate":2,"minecraft:carrot":168,"minecraft:tuff":4,"minecraft:spruce_boat":5,"minecraft:glass":103,"minecraft:lantern":6,"minecraft:iron_helmet":1,"minecraft:stone_bricks":68,"minecraft:golden_sword":17,"minecraft:oak_sapling":4,"minecraft:furnace":6,"minecraft:potato":236,"minecraft:golden_boots":2,"minecraft:short_grass":2,"minecraft:spruce_door":5,"minecraft:stone_pickaxe":131,"minecraft:blackstone":23,"minecraft:wooden_pickaxe":8,"minecraft:composter":43,"minecraft:diamond_axe":729,"minecraft:golden_apple":1,"minecraft:glow_berries":4,"minecraft:blast_furnace":1,"minecraft:stone_brick_wall":49,"minecraft:note_block":1,"minecraft:deepslate_tiles":141,"minecraft:lever":1,"minecraft:bread":3,"minecraft:gravel":5,"minecraft:andesite":15,"minecraft:bone_meal":5,"minecraft:redstone":2,"minecraft:spruce_planks":450,"minecraft:cooked_salmon":17,"minecraft:cooked_chicken":4,"minecraft:stone_hoe":10,"minecraft:netherrack":94,"minecraft:torch":358,"minecraft:dirt":405,"minecraft:anvil":1,"minecraft:hopper":1,"minecraft:spruce_stairs":67,"minecraft:cobblestone_wall":97,"minecraft:golden_shovel":96,"minecraft:spruce_fence":1,"minecraft:bookshelf":4,"minecraft:iron_axe":631,"minecraft:rooted_dirt":31,"minecraft:spruce_button":1,"minecraft:basalt":61,"minecraft:glowstone":29,"minecraft:iron_trapdoor":1,"minecraft:cooked_beef":4,"minecraft:cobbled_deepslate":31,"minecraft:cooked_mutton":2,"minecraft:water_bucket":2,"minecraft:cobblestone_stairs":121,"minecraft:baked_potato":109,"minecraft:stonecutter":2,"minecraft:deepslate_bricks":121,"minecraft:mossy_cobblestone":3,"minecraft:crafting_table":13,"minecraft:white_bed":47,"minecraft:spruce_log":246,"minecraft:piston":1,"minecraft:diamond_pickaxe":6119,"minecraft:diamond_shovel":842,"minecraft:iron_pickaxe":1786,"minecraft:spruce_pressure_plate":1,"minecraft:stone_axe":36,"minecraft:fishing_rod":90,"minecraft:cobblestone":839,"minecraft:purple_bed":3,"minecraft:cooked_porkchop":8,"minecraft:bucket":2,"minecraft:pumpkin_pie":1}},"DataVersion":3953}