{"stats":{"minecraft:dropped":{"minecraft:stone_hoe":1,"minecraft:iron_ingot":33,"minecraft:wheat_seeds":1,"minecraft:dripstone_block":5,"minecraft:feather":4,"minecraft:cobblestone":27,"minecraft:stick":6,"minecraft:flint":1,"minecraft:dirt":1,"minecraft:torch":69,"minecraft:mutton":3,"minecraft:fire_charge":1,"minecraft:bucket":1,"minecraft:spruce_sapling":3,"minecraft:gravel":1,"minecraft:sweet_berries":3,"minecraft:cooked_chicken":1,"minecraft:cobbled_deepslate":1,"minecraft:pointed_dripstone":31,"minecraft:oak_sapling":4,"minecraft:bow":1,"minecraft:arrow":5,"minecraft:beef":3,"minecraft:wooden_pickaxe":1},"minecraft:custom":{"minecraft:mob_kills":42,"minecraft:animals_bred":1,"minecraft:interact_with_crafting_table":39,"minecraft:leave_game":1,"minecraft:time_since_death":111333,"minecraft:climb_one_cm":683,"minecraft:sprint_one_cm":179679,"minecraft:walk_one_cm":705194,"minecraft:damage_blocked_by_shield":2745,"minecraft:drop":36,"minecraft:play_time":159694,"minecraft:deaths":1,"minecraft:sneak_time":242,"minecraft:walk_under_water_one_cm":4614,"minecraft:jump":2254,"minecraft:walk_on_water_one_cm":15761,"minecraft:total_world_time":159694,"minecraft:interact_with_furnace":51,"minecraft:interact_with_stonecutter":5,"minecraft:sleep_in_bed":7,"minecraft:time_since_rest":6691,"minecraft:damage_taken":2353,"minecraft:damage_dealt":5927,"minecraft:fly_one_cm":328671,"minecraft:swim_one_cm":3882,"minecraft:open_chest":24,"minecraft:crouch_one_cm":1236,"minecraft:fall_one_cm":44420},"minecraft:crafted":{"minecraft:oak_planks":64,"minecraft:stone_brick_wall":57,"minecraft:cooked_chicken":5,"minecraft:furnace":4,"minecraft:stone":57,"minecraft:cooked_mutton":2,"minecraft:iron_axe":3,"minecraft:stone_pickaxe":1,"minecraft:cobblestone_wall":41,"minecraft:chest":2,"minecraft:stone_hoe":1,"minecraft:cooked_beef":4,"minecraft:cooked_porkchop":6,"minecraft:crafting_table":3,"minecraft:spruce_planks":96,"minecraft:wooden_pickaxe":1,"minecraft:baked_potato":8,"minecraft:iron_helmet":1,"minecraft:bucket":1,"minecraft:stone_axe":1,"minecraft:air":0,"minecraft:iron_chestplate":1,"minecraft:diamond_pickaxe":1,"minecraft:charcoal":3,"minecraft:shield":1,"minecraft:stick":88,"minecraft:iron_ingot":62,"minecraft:iron_pickaxe":2,"minecraft:iron_shovel":1,"minecraft:iron_leggings":1,"minecraft:stonecutter":1,"minecraft:white_bed":1,"minecraft:torch":168},"minecraft:used":{"minecraft:iron_shovel":250,"minecraft:chest":2,"minecraft:shield":43,"minecraft:stone_hoe":10,"minecraft:rotten_flesh":1,"minecraft:cooked_chicken":4,"minecraft:iron_chestplate":1,"minecraft:torch":112,"minecraft:dirt":69,"minecraft:cobblestone_wall":31,"minecraft:carrot":1,"minecraft:golden_shovel":64,"minecraft:tuff":2,"minecraft:iron_axe":555,"minecraft:iron_helmet":1,"minecraft:stone_bricks":58,"minecraft:golden_sword":17,"minecraft:furnace":5,"minecraft:cooked_beef":4,"minecraft:potato":1,"minecraft:cobbled_deepslate":2,"minecraft:golden_boots":2,"minecraft:cooked_mutton":2,"minecraft:stone_pickaxe":131,"minecraft:baked_potato":8,"minecraft:wooden_pickaxe":8,"minecraft:stonecutter":1,"minecraft:golden_apple":1,"minecraft:crafting_table":4,"minecraft:white_bed":1,"minecraft:stone_brick_wall":48,"minecraft:spruce_log":169,"minecraft:diamond_pickaxe":1080,"minecraft:bread":3,"minecraft:iron_pickaxe":500,"minecraft:gravel":3,"minecraft:stone_axe":36,"minecraft:cobblestone":134,"minecraft:cooked_porkchop":6,"minecraft:pumpkin_pie":1},"minecraft:killed":{"minecraft:spider":2,"minecraft:slime":1,"minecraft:skeleton":8,"minecraft:chicken":6,"minecraft:pig":2,"minecraft:creeper":1,"minecraft:sheep":3,"minecraft:zombie":16,"minecraft:cow":3},"minecraft:broken":{"minecraft:iron_shovel":1,"minecraft:golden_shovel":2,"minecraft:stone_pickaxe":1,"minecraft:iron_axe":2,"minecraft:iron_pickaxe":2},"minecraft:picked_up":{"minecraft:crafting_table":2,"minecraft:iron_chestplate":1,"minecraft:chicken":5,"minecraft:stone_brick_wall":3,"minecraft:shield":1,"minecraft:golden_sword":1,"minecraft:string":4,"minecraft:iron_axe":1,"minecraft:iron_leggings":1,"minecraft:cobbled_deepslate":153,"minecraft:beef":7,"minecraft:iron_nugget":5,"minecraft:iron_pickaxe":1,"minecraft:egg":4,"minecraft:furnace":2,"minecraft:raw_iron":88,"minecraft:stick":8,"minecraft:torch":39,"minecraft:porkchop":6,"minecraft:pointed_dripstone":31,"minecraft:diorite":29,"minecraft:carrot":1,"minecraft:arrow":10,"minecraft:rotten_flesh":15,"minecraft:mutton":5,"minecraft:obsidian":1,"minecraft:white_wool":5,"minecraft:cobblestone":1176,"minecraft:feather":4,"minecraft:andesite":28,"minecraft:leather":6,"minecraft:potato":11,"minecraft:flint":6,"minecraft:tuff":24,"minecraft:oak_log":16,"minecraft:golden_boots":1,"minecraft:cobblestone_wall":3,"minecraft:dirt":425,"minecraft:lapis_lazuli":66,"minecraft:bone":13,"minecraft:stone_bricks":2,"minecraft:bow":1,"minecraft:wheat_seeds":1,"minecraft:raw_gold":1,"minecraft:iron_ingot":4,"minecraft:cooked_chicken":5,"minecraft:oak_planks":6,"minecraft:cooked_porkchop":1,"minecraft:sweet_berries":3,"minecraft:dripstone_block":5,"minecraft:gravel":70,"minecraft:stripped_spruce_log":13,"minecraft:spruce_sapling":14,"minecraft:spruce_log":180,"minecraft:spider_eye":1,"minecraft:slime_ball":2,"minecraft:diamond":11,"minecraft:stone_axe":1,"minecraft:iron_helmet":1,"minecraft:granite":22,"minecraft:golden_apple":1,"minecraft:emerald":2,"minecraft:oak_sapling":4,"minecraft:coal":116},"minecraft:mined":{"minecraft:tuff":24,"minecraft:deepslate_diamond_ore":7,"minecraft:granite":20,"minecraft:stone_brick_wall":5,"minecraft:grass_block":163,"minecraft:spruce_leaves":40,"minecraft:frosted_ice":2,"minecraft:spawner":1,"minecraft:large_fern":14,"minecraft:furnace":1,"minecraft:iron_ore":54,"minecraft:andesite":16,"minecraft:stripped_spruce_log":20,"minecraft:pointed_dripstone":12,"minecraft:deepslate_iron_ore":6,"minecraft:stone":1235,"minecraft:crafting_table":1,"minecraft:torch":1,"minecraft:short_grass":32,"minecraft:tall_grass":4,"minecraft:cobblestone":12,"minecraft:lapis_ore":5,"minecraft:deepslate_gold_ore":1,"minecraft:diorite":19,"minecraft:wall_torch":1,"minecraft:cobblestone_wall":4,"minecraft:sweet_berry_bush":1,"minecraft:spruce_log":194,"minecraft:coal_ore":88,"minecraft:oak_log":16,"minecraft:dirt":207,"minecraft:dripstone_block":6,"minecraft:gravel":28,"minecraft:stone_bricks":3,"minecraft:oak_leaves":3,"minecraft:deepslate":121,"minecraft:fern":1},"minecraft:killed_by":{"minecraft:skeleton":1}},"DataVersion":3953}