{"stats":{"minecraft:custom":{"minecraft:animals_bred":1,"minecraft:interact_with_crafting_table":90,"minecraft:bell_ring":9,"minecraft:leave_game":11,"minecraft:time_since_death":238880,"minecraft:sprint_one_cm":945137,"minecraft:damage_blocked_by_shield":2988,"minecraft:drop":88,"minecraft:play_noteblock":1,"minecraft:talked_to_villager":82,"minecraft:play_time":623146,"minecraft:deaths":5,"minecraft:jump":10340,"minecraft:walk_on_water_one_cm":31029,"minecraft:interact_with_furnace":78,"minecraft:traded_with_villager":158,"minecraft:sleep_in_bed":26,"minecraft:damage_dealt":15658,"minecraft:crouch_one_cm":45125,"minecraft:interact_with_smoker":11,"minecraft:mob_kills":106,"minecraft:interact_with_anvil":7,"minecraft:inspect_hopper":1,"minecraft:climb_one_cm":4061,"minecraft:walk_one_cm":2357427,"minecraft:sneak_time":15272,"minecraft:walk_under_water_one_cm":7376,"minecraft:boat_one_cm":4067,"minecraft:interact_with_blast_furnace":19,"minecraft:total_world_time":623146,"minecraft:tune_noteblock":290,"minecraft:interact_with_grindstone":1,"minecraft:interact_with_stonecutter":15,"minecraft:time_since_rest":28437,"minecraft:damage_taken":6548,"minecraft:swim_one_cm":12089,"minecraft:fly_one_cm":1438625,"minecraft:open_chest":195,"minecraft:fall_one_cm":177227},"minecraft:crafted":{"minecraft:oak_planks":108,"minecraft:smooth_stone":5,"minecraft:cooked_chicken":5,"minecraft:stone":82,"minecraft:bookshelf":3,"minecraft:cooked_mutton":2,"minecraft:spruce_pressure_plate":1,"minecraft:hopper":1,"minecraft:bow":2,"minecraft:iron_boots":1,"minecraft:chest":19,"minecraft:stone_hoe":1,"minecraft:raw_iron_block":12,"minecraft:emerald":146,"minecraft:cooked_porkchop":8,"minecraft:diamond_axe":1,"minecraft:crafting_table":7,"minecraft:spruce_planks":3032,"minecraft:iron_helmet":2,"minecraft:wooden_pickaxe":1,"minecraft:baked_potato":140,"minecraft:iron_chestplate":2,"minecraft:diamond_pickaxe":4,"minecraft:charcoal":33,"minecraft:shield":2,"minecraft:stick":4205,"minecraft:iron_ingot":194,"minecraft:iron_pickaxe":17,"minecraft:iron_block":3,"minecraft:gold_ingot":3,"minecraft:shears":1,"minecraft:raw_iron":135,"minecraft:stone_brick_wall":57,"minecraft:fishing_rod":1,"minecraft:iron_nugget":45,"minecraft:furnace":6,"minecraft:blast_furnace":1,"minecraft:spruce_fence":3,"minecraft:lantern":5,"minecraft:spruce_stairs":96,"minecraft:iron_axe":3,"minecraft:spruce_slab":108,"minecraft:stone_pickaxe":1,"minecraft:cobblestone_wall":105,"minecraft:lead":2,"minecraft:cooked_beef":4,"minecraft:iron_trapdoor":1,"minecraft:iron_sword":1,"minecraft:bucket":2,"minecraft:stone_axe":1,"minecraft:glowstone":36,"minecraft:enchanted_book":7,"minecraft:air":0,"minecraft:iron_shovel":3,"minecraft:iron_leggings":2,"minecraft:stonecutter":1,"minecraft:anvil":1,"minecraft:white_bed":12,"minecraft:note_block":1,"minecraft:torch":340},"minecraft:mined":{"minecraft:spruce_planks":5,"minecraft:white_bed":2,"minecraft:cobblestone_stairs":44,"minecraft:obsidian":14,"minecraft:cave_vines_plant":48,"minecraft:granite":103,"minecraft:grass_block":179,"minecraft:stone_brick_wall":49,"minecraft:deepslate_bricks":6,"minecraft:frosted_ice":3,"minecraft:spawner":3,"minecraft:magma_block":2,"minecraft:raw_iron_block":3,"minecraft:glowstone":56,"minecraft:iron_ore":119,"minecraft:cobbled_deepslate":15,"minecraft:pumpkin":21,"minecraft:deepslate_lapis_ore":26,"minecraft:pointed_dripstone":12,"minecraft:cave_vines":60,"minecraft:dirt_path":1,"minecraft:spruce_slab":17,"minecraft:deepslate_redstone_ore":38,"minecraft:blackstone":102,"minecraft:clay":51,"minecraft:torch":7,"minecraft:chest":4,"minecraft:nether_quartz_ore":9,"minecraft:cobblestone":220,"minecraft:oak_planks":9,"minecraft:wall_torch":13,"minecraft:deepslate_copper_ore":4,"minecraft:oak_log":16,"minecraft:dirt":516,"minecraft:stonecutter":1,"minecraft:netherrack":306,"minecraft:piston":1,"minecraft:oak_leaves":3,"minecraft:deepslate":1132,"minecraft:deepslate_tiles":15,"minecraft:diamond_ore":3,"minecraft:tuff":430,"minecraft:deepslate_diamond_ore":38,"minecraft:lever":1,"minecraft:spruce_leaves":101,"minecraft:moss_block":16,"minecraft:large_fern":45,"minecraft:spruce_sapling":1,"minecraft:furnace":1,"minecraft:carrots":73,"minecraft:andesite":111,"minecraft:stripped_spruce_log":32,"minecraft:chiseled_deepslate":47,"minecraft:bookshelf":3,"minecraft:potatoes":81,"minecraft:deepslate_iron_ore":166,"minecraft:vine":5,"minecraft:rail":31,"minecraft:lantern":3,"minecraft:stone":2750,"minecraft:podzol":3,"minecraft:flowering_azalea":1,"minecraft:basalt":429,"minecraft:spruce_door":5,"minecraft:crafting_table":6,"minecraft:short_grass":39,"minecraft:tall_grass":9,"minecraft:copper_ore":18,"minecraft:lapis_ore":5,"minecraft:deepslate_gold_ore":34,"minecraft:diorite":47,"minecraft:big_dripleaf":1,"minecraft:spruce_stairs":16,"minecraft:purple_bed":3,"minecraft:cobblestone_wall":32,"minecraft:sweet_berry_bush":9,"minecraft:spruce_log":446,"minecraft:coal_ore":219,"minecraft:gravel":61,"minecraft:dripstone_block":6,"minecraft:cobweb":23,"minecraft:stone_bricks":67,"minecraft:small_dripleaf":2,"minecraft:fern":7},"minecraft:picked_up":{"minecraft:chiseled_deepslate":45,"minecraft:iron_chestplate":3,"minecraft:lead":13,"minecraft:golden_sword":1,"minecraft:string":52,"minecraft:raw_copper":54,"minecraft:cooked_salmon":29,"minecraft:iron_leggings":3,"minecraft:deepslate_tiles":14,"minecraft:cobbled_deepslate":1210,"minecraft:smooth_stone":2,"minecraft:spruce_planks":78,"minecraft:iron_pickaxe":6,"minecraft:furnace":2,"minecraft:iron_boots":1,"minecraft:stick":77,"minecraft:big_dripleaf":1,"minecraft:torch":319,"minecraft:spruce_stairs":19,"minecraft:porkchop":10,"minecraft:pointed_dripstone":31,"minecraft:diorite":29,"minecraft:rotten_flesh":51,"minecraft:obsidian":14,"minecraft:cobblestone":3109,"minecraft:feather":4,"minecraft:magma_cream":1,"minecraft:andesite":116,"minecraft:potato":251,"minecraft:flint":10,"minecraft:tuff":367,"minecraft:lapis_lazuli":237,"minecraft:dirt":942,"minecraft:lantern":4,"minecraft:bone":25,"minecraft:stonecutter":1,"minecraft:bow":4,"minecraft:wheat_seeds":9,"minecraft:raw_gold":33,"minecraft:glowstone_dust":150,"minecraft:moss_block":6,"minecraft:oak_planks":20,"minecraft:cooked_porkchop":1,"minecraft:poisonous_potato":1,"minecraft:stripped_spruce_log":22,"minecraft:diamond":56,"minecraft:spruce_boat":7,"minecraft:lever":1,"minecraft:granite":104,"minecraft:golden_apple":2,"minecraft:emerald":22,"minecraft:oak_sapling":14,"minecraft:netherrack":462,"minecraft:diamond_pickaxe":1,"minecraft:crafting_table":7,"minecraft:chicken":5,"minecraft:clay_ball":224,"minecraft:chest_minecart":3,"minecraft:stone_brick_wall":54,"minecraft:shield":3,"minecraft:iron_axe":2,"minecraft:iron_shovel":2,"minecraft:blackstone":139,"minecraft:beef":7,"minecraft:spruce_slab":16,"minecraft:iron_nugget":5,"minecraft:poppy":1,"minecraft:light_gray_wool":1,"minecraft:chest":4,"minecraft:piston":1,"minecraft:egg":4,"minecraft:raw_iron":329,"minecraft:stone":7,"minecraft:carrot":245,"minecraft:redstone":217,"minecraft:arrow":24,"minecraft:deepslate_bricks":4,"minecraft:glow_berries":28,"minecraft:mutton":17,"minecraft:white_wool":45,"minecraft:rail":60,"minecraft:basalt":393,"minecraft:leather":6,"minecraft:oak_log":16,"minecraft:golden_boots":2,"minecraft:cobblestone_wall":48,"minecraft:cobblestone_stairs":88,"minecraft:stone_bricks":201,"minecraft:iron_ingot":29,"minecraft:cooked_chicken":5,"minecraft:flowering_azalea":1,"minecraft:book":11,"minecraft:pumpkin":21,"minecraft:sweet_berries":17,"minecraft:quartz":7,"minecraft:raw_iron_block":3,"minecraft:dripstone_block":5,"minecraft:gravel":173,"minecraft:spruce_sapling":51,"minecraft:white_bed":2,"minecraft:spruce_log":542,"minecraft:spruce_door":6,"minecraft:spider_eye":3,"minecraft:pumpkin_seeds":5,"minecraft:purple_bed":3,"minecraft:slime_ball":3,"minecraft:stone_axe":1,"minecraft:iron_helmet":4,"minecraft:baked_potato":5,"minecraft:melon_seeds":8,"minecraft:coal":273,"minecraft:ender_pearl":3},"minecraft:killed_by":{"minecraft:skeleton":3},"minecraft:broken":{"minecraft:iron_shovel":1,"minecraft:golden_shovel":2,"minecraft:stone_pickaxe":1,"minecraft:diamond_pickaxe":2,"minecraft:iron_axe":2,"minecraft:iron_pickaxe":7},"minecraft:dropped":{"minecraft:lapis_lazuli":29,"minecraft:baked_potato":38,"minecraft:ender_pearl":1,"minecraft:diamond":5,"minecraft:chest_minecart":2,"minecraft:flint":2,"minecraft:dirt":24,"minecraft:mutton":3,"minecraft:iron_pickaxe":10,"minecraft:gravel":1,"minecraft:cooked_chicken":1,"minecraft:detector_rail":2,"minecraft:cobbled_deepslate":1,"minecraft:obsidian":13,"minecraft:pointed_dripstone":31,"minecraft:carrot":55,"minecraft:charcoal":45,"minecraft:melon_seeds":4,"minecraft:basalt":7,"minecraft:arrow":6,"minecraft:beef":3,"minecraft:netherrack":183,"minecraft:stone_hoe":1,"minecraft:enchanted_book":1,"minecraft:iron_ingot":75,"minecraft:wheat_seeds":3,"minecraft:dripstone_block":5,"minecraft:feather":4,"minecraft:cobblestone":27,"minecraft:book":1,"minecraft:spruce_door":1,"minecraft:coal":3,"minecraft:stick":6,"minecraft:torch":69,"minecraft:fire_charge":1,"minecraft:iron_shovel":1,"minecraft:bucket":1,"minecraft:spruce_sapling":3,"minecraft:redstone":14,"minecraft:sweet_berries":17,"minecraft:raw_copper":13,"minecraft:raw_iron":29,"minecraft:name_tag":1,"minecraft:spruce_boat":1,"minecraft:shield":1,"minecraft:oak_sapling":7,"minecraft:slime_ball":1,"minecraft:bow":2,"minecraft:wooden_pickaxe":1,"minecraft:raw_gold":3},"minecraft:killed":{"minecraft:cave_spider":2,"minecraft:spider":5,"minecraft:skeleton":14,"minecraft:fox":1,"minecraft:chicken":6,"minecraft:magma_cube":7,"minecraft:pig":4,"minecraft:creeper":1,"minecraft:sheep":8,"minecraft:zombie":45,"minecraft:cow":3,"minecraft:slime":1,"minecraft:enderman":1},"minecraft:used":{"minecraft:iron_shovel":553,"minecraft:chiseled_deepslate":54,"minecraft:spruce_slab":81,"minecraft:chest":22,"minecraft:shield":54,"minecraft:iron_sword":29,"minecraft:rotten_flesh":5,"minecraft:iron_chestplate":1,"minecraft:carrot":83,"minecraft:tuff":4,"minecraft:spruce_boat":5,"minecraft:lantern":6,"minecraft:iron_helmet":1,"minecraft:stone_bricks":68,"minecraft:golden_sword":17,"minecraft:furnace":6,"minecraft:oak_sapling":4,"minecraft:potato":97,"minecraft:golden_boots":2,"minecraft:spruce_door":5,"minecraft:stone_pickaxe":131,"minecraft:blackstone":23,"minecraft:wooden_pickaxe":8,"minecraft:diamond_axe":512,"minecraft:golden_apple":1,"minecraft:glow_berries":4,"minecraft:blast_furnace":1,"minecraft:note_block":1,"minecraft:stone_brick_wall":49,"minecraft:deepslate_tiles":141,"minecraft:lever":1,"minecraft:bread":3,"minecraft:gravel":5,"minecraft:andesite":15,"minecraft:redstone":2,"minecraft:spruce_planks":94,"minecraft:cooked_salmon":17,"minecraft:cooked_chicken":4,"minecraft:stone_hoe":10,"minecraft:netherrack":91,"minecraft:torch":328,"minecraft:dirt":343,"minecraft:anvil":1,"minecraft:hopper":1,"minecraft:spruce_stairs":67,"minecraft:cobblestone_wall":97,"minecraft:golden_shovel":64,"minecraft:spruce_fence":1,"minecraft:bookshelf":3,"minecraft:iron_axe":631,"minecraft:basalt":61,"minecraft:glowstone":1,"minecraft:iron_trapdoor":1,"minecraft:cooked_beef":4,"minecraft:cobbled_deepslate":31,"minecraft:cooked_mutton":2,"minecraft:water_bucket":2,"minecraft:cobblestone_stairs":121,"minecraft:baked_potato":71,"minecraft:stonecutter":2,"minecraft:deepslate_bricks":121,"minecraft:crafting_table":12,"minecraft:white_bed":4,"minecraft:spruce_log":246,"minecraft:piston":1,"minecraft:diamond_pickaxe":5158,"minecraft:iron_pickaxe":1786,"minecraft:spruce_pressure_plate":1,"minecraft:stone_axe":36,"minecraft:fishing_rod":90,"minecraft:cobblestone":839,"minecraft:purple_bed":3,"minecraft:cooked_porkchop":8,"minecraft:bucket":2,"minecraft:pumpkin_pie":1}},"DataVersion":3953}