{"stats":{"minecraft:killed_by":{"minecraft:skeleton":2},"minecraft:dropped":{"minecraft:enchanted_book":1,"minecraft:stone_hoe":1,"minecraft:iron_ingot":70,"minecraft:wheat_seeds":3,"minecraft:dripstone_block":5,"minecraft:cobblestone":27,"minecraft:feather":4,"minecraft:book":1,"minecraft:spruce_door":1,"minecraft:flint":1,"minecraft:stick":6,"minecraft:dirt":1,"minecraft:torch":69,"minecraft:mutton":3,"minecraft:fire_charge":1,"minecraft:iron_pickaxe":10,"minecraft:iron_shovel":1,"minecraft:bucket":1,"minecraft:spruce_sapling":3,"minecraft:gravel":1,"minecraft:sweet_berries":3,"minecraft:cooked_chicken":1,"minecraft:cobbled_deepslate":1,"minecraft:raw_copper":11,"minecraft:pointed_dripstone":31,"minecraft:shield":1,"minecraft:oak_sapling":7,"minecraft:bow":1,"minecraft:arrow":6,"minecraft:beef":3,"minecraft:wooden_pickaxe":1},"minecraft:broken":{"minecraft:iron_shovel":1,"minecraft:golden_shovel":2,"minecraft:stone_pickaxe":1,"minecraft:diamond_pickaxe":1,"minecraft:iron_axe":2,"minecraft:iron_pickaxe":2},"minecraft:used":{"minecraft:iron_shovel":467,"minecraft:spruce_slab":81,"minecraft:chest":4,"minecraft:spruce_planks":93,"minecraft:shield":43,"minecraft:iron_sword":29,"minecraft:cooked_salmon":17,"minecraft:cooked_chicken":4,"minecraft:rotten_flesh":1,"minecraft:stone_hoe":10,"minecraft:iron_chestplate":1,"minecraft:torch":173,"minecraft:dirt":327,"minecraft:spruce_stairs":59,"minecraft:cobblestone_wall":97,"minecraft:carrot":1,"minecraft:golden_shovel":64,"minecraft:tuff":2,"minecraft:bookshelf":2,"minecraft:iron_axe":631,"minecraft:iron_helmet":1,"minecraft:stone_bricks":68,"minecraft:golden_sword":17,"minecraft:oak_sapling":4,"minecraft:furnace":6,"minecraft:potato":17,"minecraft:cooked_beef":4,"minecraft:cobbled_deepslate":6,"minecraft:golden_boots":2,"minecraft:cooked_mutton":2,"minecraft:cobblestone_stairs":121,"minecraft:spruce_door":5,"minecraft:stone_pickaxe":131,"minecraft:baked_potato":8,"minecraft:wooden_pickaxe":8,"minecraft:stonecutter":1,"minecraft:golden_apple":1,"minecraft:crafting_table":9,"minecraft:blast_furnace":1,"minecraft:white_bed":1,"minecraft:stone_brick_wall":49,"minecraft:spruce_log":169,"minecraft:diamond_pickaxe":2799,"minecraft:bread":3,"minecraft:iron_pickaxe":553,"minecraft:gravel":5,"minecraft:stone_axe":36,"minecraft:purple_bed":1,"minecraft:cobblestone":680,"minecraft:cooked_porkchop":8,"minecraft:andesite":10,"minecraft:pumpkin_pie":1},"minecraft:custom":{"minecraft:interact_with_anvil":1,"minecraft:mob_kills":45,"minecraft:animals_bred":1,"minecraft:interact_with_crafting_table":62,"minecraft:bell_ring":9,"minecraft:leave_game":6,"minecraft:time_since_death":23033,"minecraft:climb_one_cm":2893,"minecraft:sprint_one_cm":377157,"minecraft:walk_one_cm":1491291,"minecraft:damage_blocked_by_shield":2745,"minecraft:drop":56,"minecraft:talked_to_villager":45,"minecraft:play_time":350570,"minecraft:sneak_time":10882,"minecraft:deaths":4,"minecraft:walk_under_water_one_cm":5035,"minecraft:jump":4535,"minecraft:interact_with_blast_furnace":8,"minecraft:walk_on_water_one_cm":16958,"minecraft:total_world_time":350570,"minecraft:interact_with_furnace":75,"minecraft:traded_with_villager":125,"minecraft:interact_with_stonecutter":10,"minecraft:sleep_in_bed":17,"minecraft:time_since_rest":23066,"minecraft:damage_taken":4235,"minecraft:damage_dealt":6519,"minecraft:swim_one_cm":3882,"minecraft:fly_one_cm":518883,"minecraft:open_chest":67,"minecraft:crouch_one_cm":34263,"minecraft:fall_one_cm":92518},"minecraft:mined":{"minecraft:tuff":123,"minecraft:spruce_planks":4,"minecraft:deepslate_diamond_ore":9,"minecraft:cobblestone_stairs":42,"minecraft:cave_vines_plant":2,"minecraft:granite":32,"minecraft:stone_brick_wall":6,"minecraft:grass_block":167,"minecraft:spruce_leaves":51,"minecraft:frosted_ice":3,"minecraft:moss_block":10,"minecraft:spawner":2,"minecraft:large_fern":29,"minecraft:raw_iron_block":3,"minecraft:spruce_sapling":1,"minecraft:furnace":1,"minecraft:iron_ore":71,"minecraft:andesite":90,"minecraft:stripped_spruce_log":29,"minecraft:deepslate_lapis_ore":1,"minecraft:bookshelf":2,"minecraft:potatoes":4,"minecraft:pointed_dripstone":12,"minecraft:cave_vines":3,"minecraft:deepslate_iron_ore":102,"minecraft:vine":1,"minecraft:stone":2198,"minecraft:spruce_slab":17,"minecraft:deepslate_redstone_ore":8,"minecraft:spruce_door":5,"minecraft:clay":49,"minecraft:crafting_table":4,"minecraft:torch":4,"minecraft:short_grass":32,"minecraft:copper_ore":15,"minecraft:tall_grass":5,"minecraft:cobblestone":120,"minecraft:deepslate_gold_ore":1,"minecraft:lapis_ore":5,"minecraft:oak_planks":7,"minecraft:diorite":19,"minecraft:wall_torch":8,"minecraft:big_dripleaf":1,"minecraft:spruce_stairs":14,"minecraft:purple_bed":2,"minecraft:cobblestone_wall":5,"minecraft:sweet_berry_bush":1,"minecraft:spruce_log":194,"minecraft:oak_log":16,"minecraft:coal_ore":177,"minecraft:gravel":44,"minecraft:dirt":428,"minecraft:dripstone_block":6,"minecraft:cobweb":23,"minecraft:stone_bricks":12,"minecraft:small_dripleaf":2,"minecraft:oak_leaves":3,"minecraft:deepslate":297,"minecraft:fern":2},"minecraft:picked_up":{"minecraft:iron_chestplate":2,"minecraft:crafting_table":5,"minecraft:chicken":5,"minecraft:clay_ball":216,"minecraft:stone_brick_wall":14,"minecraft:shield":2,"minecraft:golden_sword":1,"minecraft:string":38,"minecraft:raw_copper":50,"minecraft:iron_axe":2,"minecraft:cooked_salmon":29,"minecraft:iron_leggings":2,"minecraft:iron_shovel":2,"minecraft:cobbled_deepslate":288,"minecraft:spruce_planks":68,"minecraft:beef":7,"minecraft:iron_nugget":5,"minecraft:spruce_slab":16,"minecraft:iron_pickaxe":2,"minecraft:furnace":2,"minecraft:egg":4,"minecraft:stick":42,"minecraft:raw_iron":192,"minecraft:stone":7,"minecraft:big_dripleaf":1,"minecraft:torch":241,"minecraft:spruce_stairs":17,"minecraft:porkchop":6,"minecraft:pointed_dripstone":31,"minecraft:diorite":29,"minecraft:carrot":1,"minecraft:redstone":37,"minecraft:arrow":10,"minecraft:rotten_flesh":22,"minecraft:obsidian":1,"minecraft:mutton":5,"minecraft:white_wool":5,"minecraft:cobblestone":2438,"minecraft:feather":4,"minecraft:andesite":97,"minecraft:leather":6,"minecraft:potato":18,"minecraft:flint":8,"minecraft:tuff":91,"minecraft:oak_log":16,"minecraft:golden_boots":2,"minecraft:cobblestone_wall":22,"minecraft:cobblestone_stairs":86,"minecraft:lapis_lazuli":66,"minecraft:dirt":833,"minecraft:bone":15,"minecraft:stone_bricks":151,"minecraft:bow":1,"minecraft:wheat_seeds":3,"minecraft:raw_gold":1,"minecraft:iron_ingot":4,"minecraft:cooked_chicken":5,"minecraft:moss_block":1,"minecraft:oak_planks":13,"minecraft:book":8,"minecraft:cooked_porkchop":1,"minecraft:sweet_berries":3,"minecraft:raw_iron_block":3,"minecraft:dripstone_block":5,"minecraft:gravel":89,"minecraft:stripped_spruce_log":22,"minecraft:spruce_sapling":31,"minecraft:spruce_log":234,"minecraft:spruce_door":6,"minecraft:spider_eye":1,"minecraft:purple_bed":2,"minecraft:slime_ball":2,"minecraft:diamond":24,"minecraft:stone_axe":1,"minecraft:iron_helmet":2,"minecraft:granite":34,"minecraft:golden_apple":1,"minecraft:emerald":22,"minecraft:oak_sapling":14,"minecraft:coal":205,"minecraft:diamond_pickaxe":1},"minecraft:crafted":{"minecraft:smooth_stone":5,"minecraft:oak_planks":108,"minecraft:raw_iron":135,"minecraft:stone_brick_wall":57,"minecraft:cooked_chicken":5,"minecraft:furnace":6,"minecraft:blast_furnace":1,"minecraft:stone":82,"minecraft:bookshelf":2,"minecraft:cooked_mutton":2,"minecraft:spruce_stairs":72,"minecraft:iron_boots":1,"minecraft:iron_axe":3,"minecraft:spruce_slab":108,"minecraft:stone_pickaxe":1,"minecraft:cobblestone_wall":105,"minecraft:chest":4,"minecraft:stone_hoe":1,"minecraft:raw_iron_block":12,"minecraft:cooked_beef":4,"minecraft:emerald":118,"minecraft:cooked_porkchop":8,"minecraft:crafting_table":5,"minecraft:spruce_planks":2648,"minecraft:iron_helmet":2,"minecraft:wooden_pickaxe":1,"minecraft:baked_potato":8,"minecraft:iron_sword":1,"minecraft:bucket":1,"minecraft:stone_axe":1,"minecraft:enchanted_book":5,"minecraft:air":0,"minecraft:iron_chestplate":2,"minecraft:diamond_pickaxe":2,"minecraft:charcoal":33,"minecraft:shield":1,"minecraft:stick":3761,"minecraft:iron_ingot":103,"minecraft:iron_pickaxe":13,"minecraft:iron_shovel":2,"minecraft:iron_leggings":2,"minecraft:stonecutter":1,"minecraft:white_bed":1,"minecraft:torch":252},"minecraft:killed":{"minecraft:cave_spider":2,"minecraft:spider":2,"minecraft:slime":1,"minecraft:skeleton":8,"minecraft:chicken":6,"minecraft:pig":2,"minecraft:creeper":1,"minecraft:sheep":3,"minecraft:zombie":17,"minecraft:cow":3}},"DataVersion":3953}