{"stats":{"minecraft:dropped":{"minecraft:wheat_seeds":1},"minecraft:custom":{"minecraft:time_since_rest":11241,"minecraft:interact_with_furnace":4,"minecraft:sprint_one_cm":48206,"minecraft:damage_taken":339,"minecraft:walk_one_cm":26858,"minecraft:mob_kills":2,"minecraft:drop":1,"minecraft:damage_dealt":272,"minecraft:swim_one_cm":2043,"minecraft:interact_with_crafting_table":2,"minecraft:fly_one_cm":22817,"minecraft:open_chest":1,"minecraft:crouch_one_cm":1720,"minecraft:play_time":11241,"minecraft:sneak_time":687,"minecraft:walk_under_water_one_cm":1977,"minecraft:jump":156,"minecraft:walk_on_water_one_cm":947,"minecraft:time_since_death":11241,"minecraft:total_world_time":11241,"minecraft:fall_one_cm":3182},"minecraft:crafted":{"minecraft:crafting_table":1,"minecraft:spruce_planks":8,"minecraft:stick":8,"minecraft:iron_ingot":1,"minecraft:stone_pickaxe":1,"minecraft:stone_axe":1,"minecraft:air":0},"minecraft:used":{"minecraft:stone_pickaxe":19,"minecraft:rotten_flesh":2,"minecraft:stone_axe":4,"minecraft:torch":5,"minecraft:dirt":10,"minecraft:sweet_berries":29,"minecraft:snowball":7},"minecraft:killed":{"minecraft:zombie":2},"minecraft:picked_up":{"minecraft:raw_iron":19,"minecraft:sweet_berries":37,"minecraft:torch":65,"minecraft:spruce_log":2,"minecraft:dirt":14,"minecraft:rotten_flesh":2,"minecraft:wheat_seeds":1,"minecraft:snowball":7,"minecraft:cobblestone":27},"minecraft:mined":{"minecraft:iron_ore":19,"minecraft:sweet_berry_bush":16,"minecraft:spruce_leaves":1,"minecraft:wall_torch":1,"minecraft:fern":1}},"DataVersion":3953}