{"stats":{"minecraft:dropped":{"minecraft:iron_sword":1,"minecraft:wheat_seeds":1,"minecraft:spruce_stairs":1,"minecraft:cooked_salmon":6,"minecraft:tuff":21,"minecraft:stone_pickaxe":1},"minecraft:custom":{"minecraft:mob_kills":30,"minecraft:interact_with_crafting_table":27,"minecraft:bell_ring":10,"minecraft:leave_game":1,"minecraft:time_since_death":116591,"minecraft:sprint_one_cm":443442,"minecraft:walk_one_cm":662656,"minecraft:damage_blocked_by_shield":195,"minecraft:drop":11,"minecraft:talked_to_villager":3,"minecraft:play_time":151341,"minecraft:deaths":1,"minecraft:sneak_time":2856,"minecraft:walk_under_water_one_cm":15437,"minecraft:jump":1345,"minecraft:walk_on_water_one_cm":11700,"minecraft:total_world_time":151341,"minecraft:interact_with_furnace":46,"minecraft:interact_with_loom":1,"minecraft:interact_with_stonecutter":3,"minecraft:sleep_in_bed":9,"minecraft:time_since_rest":7,"minecraft:damage_taken":2051,"minecraft:damage_dealt":3844,"minecraft:fly_one_cm":173271,"minecraft:swim_one_cm":12164,"minecraft:open_chest":17,"minecraft:crouch_one_cm":8079,"minecraft:fall_one_cm":17353},"minecraft:crafted":{"minecraft:stone_shovel":2,"minecraft:furnace":1,"minecraft:stone":105,"minecraft:cobblestone_stairs":1,"minecraft:spruce_stairs":24,"minecraft:iron_axe":1,"minecraft:stone_pickaxe":1,"minecraft:cooked_beef":1,"minecraft:cooked_porkchop":3,"minecraft:crafting_table":2,"minecraft:spruce_planks":256,"minecraft:baked_potato":2,"minecraft:iron_sword":1,"minecraft:spruce_door":3,"minecraft:cooked_salmon":9,"minecraft:stone_axe":1,"minecraft:air":0,"minecraft:shield":1,"minecraft:stick":52,"minecraft:iron_ingot":27,"minecraft:iron_pickaxe":1,"minecraft:iron_shovel":2,"minecraft:gold_ingot":16},"minecraft:used":{"minecraft:iron_shovel":500,"minecraft:stone_shovel":67,"minecraft:shield":4,"minecraft:iron_sword":26,"minecraft:cooked_salmon":3,"minecraft:stone_hoe":115,"minecraft:cooked_chicken":1,"minecraft:rotten_flesh":16,"minecraft:torch":128,"minecraft:dirt":453,"minecraft:mutton":3,"minecraft:spruce_stairs":73,"minecraft:carrot":1,"minecraft:tuff":2,"minecraft:snowball":7,"minecraft:iron_axe":253,"minecraft:beef":3,"minecraft:sweet_berries":37,"minecraft:furnace":3,"minecraft:cooked_beef":8,"minecraft:potato":1,"minecraft:cobbled_deepslate":22,"minecraft:water_bucket":2,"minecraft:cobblestone_stairs":25,"minecraft:spruce_door":11,"minecraft:stone_pickaxe":143,"minecraft:baked_potato":2,"minecraft:fletching_table":2,"minecraft:crafting_table":3,"minecraft:white_bed":1,"minecraft:spruce_log":106,"minecraft:iron_pickaxe":230,"minecraft:spruce_sapling":28,"minecraft:gravel":10,"minecraft:stone_axe":90,"minecraft:cobblestone":106,"minecraft:purple_bed":2,"minecraft:cooked_porkchop":3,"minecraft:bucket":3},"minecraft:killed":{"minecraft:skeleton":3,"minecraft:pig":3,"minecraft:salmon":9,"minecraft:creeper":2,"minecraft:zombie":11,"minecraft:cow":1},"minecraft:broken":{"minecraft:iron_shovel":2,"minecraft:stone_pickaxe":1,"minecraft:iron_axe":1,"minecraft:stone_axe":1},"minecraft:picked_up":{"minecraft:crafting_table":1,"minecraft:stone_brick_wall":2,"minecraft:cobbled_deepslate":79,"minecraft:bucket":1,"minecraft:beef":4,"minecraft:iron_pickaxe":1,"minecraft:furnace":3,"minecraft:raw_iron":52,"minecraft:stick":42,"minecraft:torch":128,"minecraft:spruce_stairs":51,"minecraft:porkchop":5,"minecraft:carrot":1,"minecraft:rotten_flesh":16,"minecraft:mutton":3,"minecraft:snowball":7,"minecraft:cobblestone":280,"minecraft:cooked_beef":7,"minecraft:salmon":9,"minecraft:potato":1,"minecraft:tuff":25,"minecraft:gunpowder":6,"minecraft:cobblestone_wall":1,"minecraft:cobblestone_stairs":23,"minecraft:dirt":534,"minecraft:bone":1,"minecraft:stone_bricks":2,"minecraft:bow":1,"minecraft:wheat_seeds":1,"minecraft:raw_gold":21,"minecraft:iron_ingot":33,"minecraft:stone_pickaxe":2,"minecraft:cooked_chicken":1,"minecraft:fletching_table":2,"minecraft:stone_hoe":1,"minecraft:iron_sword":1,"minecraft:book":18,"minecraft:sweet_berries":37,"minecraft:gravel":35,"minecraft:sand":100,"minecraft:stripped_spruce_log":21,"minecraft:spruce_sapling":70,"minecraft:white_bed":1,"minecraft:spruce_log":182,"minecraft:spruce_door":9,"minecraft:purple_bed":2,"minecraft:diamond":8,"minecraft:stone_axe":1,"minecraft:granite":1,"minecraft:bone_meal":1},"minecraft:mined":{"minecraft:tuff":23,"minecraft:white_bed":1,"minecraft:farmland":1,"minecraft:deepslate_diamond_ore":7,"minecraft:cobblestone_stairs":21,"minecraft:granite":3,"minecraft:grass_block":183,"minecraft:spruce_leaves":20,"minecraft:large_fern":4,"minecraft:furnace":2,"minecraft:spruce_sapling":6,"minecraft:iron_ore":19,"minecraft:cobbled_deepslate":6,"minecraft:stripped_spruce_log":14,"minecraft:fletching_table":2,"minecraft:bookshelf":6,"minecraft:deepslate_iron_ore":10,"minecraft:stone":111,"minecraft:spruce_door":6,"minecraft:crafting_table":1,"minecraft:torch":41,"minecraft:cobblestone":32,"minecraft:deepslate_gold_ore":15,"minecraft:wall_torch":21,"minecraft:seagrass":1,"minecraft:spruce_stairs":50,"minecraft:purple_bed":2,"minecraft:sweet_berry_bush":16,"minecraft:spruce_log":180,"minecraft:gravel":8,"minecraft:sand":101,"minecraft:dirt":338,"minecraft:stone_bricks":1,"minecraft:deepslate":98,"minecraft:fern":1},"minecraft:killed_by":{"minecraft:creeper":1}},"DataVersion":3953}