{"stats":{"minecraft:dropped":{"minecraft:wheat_seeds":1,"minecraft:tuff":21,"minecraft:stone_pickaxe":1},"minecraft:custom":{"minecraft:interact_with_furnace":27,"minecraft:mob_kills":18,"minecraft:interact_with_crafting_table":15,"minecraft:bell_ring":10,"minecraft:time_since_death":36491,"minecraft:sleep_in_bed":1,"minecraft:time_since_rest":5150,"minecraft:sprint_one_cm":208271,"minecraft:damage_taken":1651,"minecraft:walk_one_cm":312914,"minecraft:drop":3,"minecraft:damage_dealt":3197,"minecraft:talked_to_villager":2,"minecraft:swim_one_cm":8140,"minecraft:fly_one_cm":74065,"minecraft:open_chest":7,"minecraft:crouch_one_cm":4471,"minecraft:play_time":71241,"minecraft:deaths":1,"minecraft:sneak_time":1755,"minecraft:walk_under_water_one_cm":8024,"minecraft:jump":780,"minecraft:walk_on_water_one_cm":7698,"minecraft:total_world_time":71241,"minecraft:fall_one_cm":7616},"minecraft:crafted":{"minecraft:cooked_beef":1,"minecraft:cooked_porkchop":3,"minecraft:crafting_table":2,"minecraft:spruce_planks":112,"minecraft:baked_potato":2,"minecraft:iron_sword":1,"minecraft:furnace":1,"minecraft:stone_axe":1,"minecraft:air":0,"minecraft:shield":1,"minecraft:iron_axe":1,"minecraft:stick":52,"minecraft:iron_ingot":27,"minecraft:iron_pickaxe":1,"minecraft:stone_pickaxe":1,"minecraft:iron_shovel":1,"minecraft:gold_ingot":16},"minecraft:used":{"minecraft:iron_shovel":246,"minecraft:stone_pickaxe":143,"minecraft:baked_potato":2,"minecraft:iron_sword":7,"minecraft:fletching_table":2,"minecraft:cooked_chicken":1,"minecraft:rotten_flesh":14,"minecraft:torch":115,"minecraft:dirt":17,"minecraft:mutton":3,"minecraft:crafting_table":3,"minecraft:carrot":1,"minecraft:tuff":1,"minecraft:snowball":7,"minecraft:spruce_log":5,"minecraft:iron_axe":81,"minecraft:iron_pickaxe":74,"minecraft:gravel":10,"minecraft:stone_axe":90,"minecraft:purple_bed":1,"minecraft:cobblestone":7,"minecraft:beef":3,"minecraft:sweet_berries":37,"minecraft:furnace":3,"minecraft:cooked_porkchop":1,"minecraft:cooked_beef":3,"minecraft:cobbled_deepslate":22},"minecraft:killed":{"minecraft:pig":2,"minecraft:creeper":2,"minecraft:skeleton":2,"minecraft:zombie":10,"minecraft:cow":1},"minecraft:picked_up":{"minecraft:crafting_table":1,"minecraft:cooked_beef":7,"minecraft:tuff":24,"minecraft:gunpowder":6,"minecraft:dirt":267,"minecraft:bow":1,"minecraft:wheat_seeds":1,"minecraft:cobbled_deepslate":79,"minecraft:raw_gold":21,"minecraft:iron_ingot":33,"minecraft:beef":4,"minecraft:stone_pickaxe":2,"minecraft:cooked_chicken":1,"minecraft:fletching_table":2,"minecraft:iron_pickaxe":1,"minecraft:furnace":3,"minecraft:book":18,"minecraft:raw_iron":52,"minecraft:stick":16,"minecraft:sweet_berries":37,"minecraft:torch":128,"minecraft:gravel":35,"minecraft:porkchop":3,"minecraft:spruce_sapling":21,"minecraft:spruce_log":98,"minecraft:carrot":1,"minecraft:purple_bed":1,"minecraft:rotten_flesh":14,"minecraft:diamond":8,"minecraft:stone_axe":1,"minecraft:granite":1,"minecraft:mutton":3,"minecraft:snowball":7,"minecraft:cobblestone":129},"minecraft:broken":{"minecraft:stone_pickaxe":1,"minecraft:stone_axe":1},"minecraft:mined":{"minecraft:tuff":22,"minecraft:deepslate_diamond_ore":7,"minecraft:crafting_table":1,"minecraft:torch":41,"minecraft:granite":3,"minecraft:grass_block":158,"minecraft:cobblestone":5,"minecraft:spruce_leaves":14,"minecraft:deepslate_gold_ore":15,"minecraft:wall_torch":21,"minecraft:large_fern":2,"minecraft:purple_bed":1,"minecraft:furnace":2,"minecraft:iron_ore":19,"minecraft:sweet_berry_bush":16,"minecraft:cobbled_deepslate":6,"minecraft:spruce_log":98,"minecraft:fletching_table":2,"minecraft:bookshelf":6,"minecraft:deepslate_iron_ore":10,"minecraft:gravel":8,"minecraft:dirt":96,"minecraft:stone":7,"minecraft:fern":1,"minecraft:deepslate":98},"minecraft:killed_by":{"minecraft:creeper":1}},"DataVersion":3953}