{"stats":{"minecraft:crafted":{"minecraft:stone_shovel":4,"minecraft:furnace":2,"minecraft:cobblestone_stairs":1,"minecraft:stone":279,"minecraft:bone_meal":42,"minecraft:diamond_shovel":1,"minecraft:spruce_pressure_plate":2,"minecraft:cooked_mutton":6,"minecraft:spruce_stairs":24,"minecraft:diamond_helmet":1,"minecraft:diamond_leggings":1,"minecraft:iron_boots":1,"minecraft:iron_axe":13,"minecraft:stone_pickaxe":1,"minecraft:chest":11,"minecraft:diamond_boots":1,"minecraft:spruce_boat":4,"minecraft:stone_hoe":1,"minecraft:smoker":1,"minecraft:cooked_beef":1,"minecraft:diamond_sword":1,"minecraft:emerald":288,"minecraft:cooked_porkchop":10,"minecraft:spruce_sign":9,"minecraft:crafting_table":3,"minecraft:spruce_planks":6528,"minecraft:iron_helmet":1,"minecraft:baked_potato":132,"minecraft:iron_sword":2,"minecraft:spruce_door":3,"minecraft:mossy_cobblestone":2,"minecraft:cooked_salmon":9,"minecraft:copper_ingot":23,"minecraft:pumpkin_seeds":36,"minecraft:birch_planks":8,"minecraft:stone_axe":1,"minecraft:enchanted_book":6,"minecraft:air":0,"minecraft:spruce_trapdoor":6,"minecraft:iron_chestplate":1,"minecraft:charcoal":162,"minecraft:diamond_pickaxe":1,"minecraft:shield":1,"minecraft:stick":10150,"minecraft:iron_ingot":80,"minecraft:iron_pickaxe":4,"minecraft:stone_sword":1,"minecraft:iron_shovel":3,"minecraft:gold_ingot":39,"minecraft:iron_leggings":1,"minecraft:torch":512,"minecraft:diamond_chestplate":1},"minecraft:custom":{"minecraft:interact_with_anvil":5,"minecraft:mob_kills":98,"minecraft:interact_with_crafting_table":113,"minecraft:interact_with_campfire":29,"minecraft:bell_ring":10,"minecraft:leave_game":11,"minecraft:time_since_death":128627,"minecraft:climb_one_cm":164,"minecraft:sprint_one_cm":1566492,"minecraft:walk_one_cm":2017192,"minecraft:damage_blocked_by_shield":762,"minecraft:drop":36,"minecraft:talked_to_villager":112,"minecraft:play_time":514886,"minecraft:sneak_time":5418,"minecraft:deaths":2,"minecraft:walk_under_water_one_cm":35613,"minecraft:boat_one_cm":9087,"minecraft:jump":5182,"minecraft:interact_with_blast_furnace":27,"minecraft:walk_on_water_one_cm":26229,"minecraft:total_world_time":514886,"minecraft:interact_with_furnace":114,"minecraft:traded_with_villager":294,"minecraft:interact_with_loom":1,"minecraft:interact_with_stonecutter":8,"minecraft:sleep_in_bed":22,"minecraft:time_since_rest":21306,"minecraft:damage_taken":4662,"minecraft:damage_dealt":11561,"minecraft:swim_one_cm":60420,"minecraft:fly_one_cm":654442,"minecraft:open_chest":501,"minecraft:crouch_one_cm":15143,"minecraft:interact_with_smoker":25,"minecraft:fall_one_cm":63726},"minecraft:mined":{"minecraft:tuff":27,"minecraft:spruce_planks":30,"minecraft:white_bed":2,"minecraft:farmland":49,"minecraft:deepslate_diamond_ore":17,"minecraft:cobblestone_stairs":21,"minecraft:spruce_trapdoor":3,"minecraft:cave_vines_plant":1,"minecraft:granite":3,"minecraft:grass_block":213,"minecraft:spruce_leaves":117,"minecraft:moss_block":15,"minecraft:large_fern":15,"minecraft:spruce_sapling":28,"minecraft:furnace":5,"minecraft:iron_ore":26,"minecraft:cobbled_deepslate":8,"minecraft:andesite":1,"minecraft:moss_carpet":1,"minecraft:stripped_spruce_log":15,"minecraft:pumpkin":81,"minecraft:anvil":1,"minecraft:fletching_table":5,"minecraft:bookshelf":6,"minecraft:potatoes":112,"minecraft:dirt_path":11,"minecraft:cave_vines":2,"minecraft:deepslate_iron_ore":24,"minecraft:rail":209,"minecraft:spruce_pressure_plate":2,"minecraft:stone":1116,"minecraft:podzol":26,"minecraft:deepslate_redstone_ore":6,"minecraft:smoker":1,"minecraft:spruce_door":6,"minecraft:torch":48,"minecraft:crafting_table":6,"minecraft:short_grass":4,"minecraft:blast_furnace":2,"minecraft:poppy":1,"minecraft:chest":12,"minecraft:lectern":1,"minecraft:spruce_wall_sign":5,"minecraft:cobblestone":70,"minecraft:deepslate_gold_ore":15,"minecraft:oak_planks":1,"minecraft:wall_torch":28,"minecraft:spruce_stairs":50,"minecraft:seagrass":2,"minecraft:purple_bed":2,"minecraft:birch_log":6,"minecraft:sweet_berry_bush":16,"minecraft:spruce_log":2745,"minecraft:coal_ore":60,"minecraft:gravel":134,"minecraft:sand":101,"minecraft:dirt":432,"minecraft:cobweb":80,"minecraft:stonecutter":1,"minecraft:stone_bricks":1,"minecraft:netherrack":3,"minecraft:deepslate":128,"minecraft:fern":5},"minecraft:picked_up":{"minecraft:charcoal":166,"minecraft:iron_chestplate":2,"minecraft:crafting_table":7,"minecraft:clay_ball":48,"minecraft:anvil":2,"minecraft:chest_minecart":1,"minecraft:stone_brick_wall":2,"minecraft:enchanted_book":1,"minecraft:golden_shovel":2,"minecraft:shield":1,"minecraft:golden_sword":1,"minecraft:string":94,"minecraft:moss_carpet":2,"minecraft:iron_axe":1,"minecraft:cooked_salmon":29,"minecraft:activator_rail":4,"minecraft:detector_rail":9,"minecraft:cobbled_deepslate":282,"minecraft:bucket":1,"minecraft:spruce_planks":33,"minecraft:beef":4,"minecraft:iron_pickaxe":2,"minecraft:light_gray_wool":1,"minecraft:lectern":1,"minecraft:chest":13,"minecraft:spruce_trapdoor":3,"minecraft:furnace":7,"minecraft:iron_boots":1,"minecraft:egg":2,"minecraft:spruce_pressure_plate":2,"minecraft:raw_iron":102,"minecraft:stick":230,"minecraft:oak_fence":4,"minecraft:torch":151,"minecraft:spruce_stairs":69,"minecraft:spruce_fence":2,"minecraft:porkchop":12,"minecraft:carrot":1,"minecraft:redstone":289,"minecraft:stone_sword":1,"minecraft:arrow":25,"minecraft:stone_shovel":1,"minecraft:rotten_flesh":78,"minecraft:gold_ingot":110,"minecraft:glow_berries":60,"minecraft:obsidian":1,"minecraft:mutton":9,"minecraft:rail":344,"minecraft:snowball":7,"minecraft:white_wool":6,"minecraft:cobblestone":1306,"minecraft:birch_log":6,"minecraft:cooked_beef":7,"minecraft:salmon":38,"minecraft:water_bucket":1,"minecraft:andesite":6,"minecraft:leather":3,"minecraft:smoker":2,"minecraft:potato":300,"minecraft:flint":13,"minecraft:tuff":28,"minecraft:cobblestone_wall":1,"minecraft:gunpowder":13,"minecraft:cobblestone_stairs":23,"minecraft:lapis_lazuli":405,"minecraft:dirt":881,"minecraft:lantern":3,"minecraft:name_tag":3,"minecraft:bone":16,"minecraft:stone_bricks":2,"minecraft:bow":7,"minecraft:stonecutter":1,"minecraft:wheat_seeds":8,"minecraft:raw_gold":24,"minecraft:iron_ingot":99,"minecraft:stone_pickaxe":2,"minecraft:cooked_chicken":1,"minecraft:fletching_table":5,"minecraft:moss_block":34,"minecraft:iron_sword":1,"minecraft:stone_hoe":1,"minecraft:oak_planks":5,"minecraft:flowering_azalea":1,"minecraft:book":37,"minecraft:pumpkin":189,"minecraft:sweet_berries":37,"minecraft:poisonous_potato":6,"minecraft:gravel":150,"minecraft:sand":200,"minecraft:stripped_spruce_log":22,"minecraft:spruce_sapling":583,"minecraft:blast_furnace":3,"minecraft:white_bed":2,"minecraft:spruce_log":2763,"minecraft:spider_eye":4,"minecraft:spruce_door":9,"minecraft:pumpkin_seeds":3,"minecraft:purple_bed":2,"minecraft:diamond":23,"minecraft:spruce_boat":2,"minecraft:stone_axe":1,"minecraft:granite":24,"minecraft:bone_meal":3,"minecraft:golden_apple":2,"minecraft:spruce_sign":5,"minecraft:emerald":78,"minecraft:bread":4,"minecraft:baked_potato":442,"minecraft:netherrack":2,"minecraft:coal":93,"minecraft:diamond_pickaxe":2,"minecraft:ender_pearl":2},"minecraft:killed_by":{"minecraft:creeper":2},"minecraft:broken":{"minecraft:iron_shovel":2,"minecraft:stone_hoe":1,"minecraft:stone_pickaxe":1,"minecraft:shield":1,"minecraft:iron_axe":11,"minecraft:stone_axe":2,"minecraft:iron_sword":1,"minecraft:iron_pickaxe":2,"minecraft:bow":1,"minecraft:stone_shovel":3},"minecraft:dropped":{"minecraft:iron_sword":1,"minecraft:wheat_seeds":1,"minecraft:baked_potato":4,"minecraft:ender_pearl":1,"minecraft:oak_fence":3,"minecraft:chest_minecart":1,"minecraft:spruce_stairs":1,"minecraft:flint":2,"minecraft:torch":192,"minecraft:cooked_salmon":29,"minecraft:iron_pickaxe":1,"minecraft:moss_carpet":2,"minecraft:raw_copper":39,"minecraft:tuff":43,"minecraft:oak_planks":5,"minecraft:golden_shovel":1,"minecraft:spruce_planks":2,"minecraft:diamond_pickaxe":2,"minecraft:stone_bricks":64,"minecraft:spruce_log":51,"minecraft:bow":1,"minecraft:stone_pickaxe":1},"minecraft:killed":{"minecraft:cave_spider":1,"minecraft:spider":4,"minecraft:skeleton":11,"minecraft:pig":4,"minecraft:zombie_villager":1,"minecraft:salmon":40,"minecraft:creeper":2,"minecraft:zombie":30,"minecraft:cow":1},"minecraft:used":{"minecraft:moss_block":1,"minecraft:stone_sword":121,"minecraft:iron_shovel":631,"minecraft:stone_shovel":525,"minecraft:poppy":1,"minecraft:chest":21,"minecraft:spruce_planks":106,"minecraft:shield":18,"minecraft:iron_sword":175,"minecraft:stone":63,"minecraft:cooked_salmon":18,"minecraft:cooked_chicken":1,"minecraft:rotten_flesh":57,"minecraft:stone_hoe":221,"minecraft:netherrack":2,"minecraft:iron_chestplate":1,"minecraft:torch":232,"minecraft:dirt":947,"minecraft:mutton":3,"minecraft:anvil":1,"minecraft:spruce_stairs":73,"minecraft:carrot":1,"minecraft:diamond_helmet":1,"minecraft:tuff":2,"minecraft:snowball":7,"minecraft:spruce_boat":6,"minecraft:lantern":3,"minecraft:iron_axe":2979,"minecraft:iron_boots":1,"minecraft:diamond_chestplate":1,"minecraft:bow":6,"minecraft:beef":3,"minecraft:sweet_berries":37,"minecraft:furnace":6,"minecraft:potato":157,"minecraft:cooked_beef":8,"minecraft:cobbled_deepslate":22,"minecraft:water_bucket":17,"minecraft:diamond_boots":1,"minecraft:cobblestone_stairs":25,"minecraft:spruce_door":11,"minecraft:baked_potato":43,"minecraft:stone_pickaxe":143,"minecraft:spruce_sign":14,"minecraft:fletching_table":5,"minecraft:stonecutter":1,"minecraft:glow_berries":7,"minecraft:mossy_cobblestone":2,"minecraft:rail":131,"minecraft:blast_furnace":2,"minecraft:crafting_table":9,"minecraft:spider_eye":2,"minecraft:white_bed":2,"minecraft:spruce_log":136,"minecraft:pumpkin_seeds":39,"minecraft:smoker":2,"minecraft:diamond_pickaxe":1054,"minecraft:spruce_pressure_plate":4,"minecraft:iron_pickaxe":580,"minecraft:lectern":1,"minecraft:spruce_trapdoor":9,"minecraft:gravel":12,"minecraft:spruce_sapling":191,"minecraft:stone_axe":187,"minecraft:purple_bed":2,"minecraft:cobblestone":139,"minecraft:cooked_porkchop":6,"minecraft:poisonous_potato":1,"minecraft:bucket":18,"minecraft:diamond_leggings":1,"minecraft:bone_meal":45}},"DataVersion":3953}