{"stats":{"minecraft:dropped":{"minecraft:iron_sword":1,"minecraft:wheat_seeds":1,"minecraft:spruce_stairs":1,"minecraft:flint":2,"minecraft:cooked_salmon":20,"minecraft:tuff":43,"minecraft:stone_bricks":64,"minecraft:spruce_log":51,"minecraft:stone_pickaxe":1},"minecraft:custom":{"minecraft:mob_kills":68,"minecraft:interact_with_crafting_table":38,"minecraft:interact_with_campfire":29,"minecraft:bell_ring":10,"minecraft:leave_game":2,"minecraft:time_since_death":162979,"minecraft:sprint_one_cm":630226,"minecraft:walk_one_cm":805263,"minecraft:damage_blocked_by_shield":405,"minecraft:drop":17,"minecraft:talked_to_villager":28,"minecraft:play_time":197729,"minecraft:deaths":1,"minecraft:sneak_time":3170,"minecraft:walk_under_water_one_cm":35122,"minecraft:jump":1759,"minecraft:walk_on_water_one_cm":20888,"minecraft:total_world_time":197729,"minecraft:interact_with_furnace":61,"minecraft:traded_with_villager":58,"minecraft:interact_with_loom":1,"minecraft:interact_with_stonecutter":7,"minecraft:sleep_in_bed":11,"minecraft:time_since_rest":16057,"minecraft:damage_taken":2585,"minecraft:damage_dealt":5583,"minecraft:fly_one_cm":248447,"minecraft:swim_one_cm":57246,"minecraft:open_chest":36,"minecraft:crouch_one_cm":8459,"minecraft:fall_one_cm":23660},"minecraft:crafted":{"minecraft:stone_shovel":2,"minecraft:furnace":1,"minecraft:stone":210,"minecraft:cobblestone_stairs":1,"minecraft:spruce_pressure_plate":2,"minecraft:spruce_stairs":24,"minecraft:iron_axe":3,"minecraft:stone_pickaxe":1,"minecraft:chest":2,"minecraft:spruce_boat":1,"minecraft:cooked_beef":1,"minecraft:emerald":58,"minecraft:cooked_porkchop":6,"minecraft:crafting_table":2,"minecraft:spruce_planks":1252,"minecraft:baked_potato":2,"minecraft:iron_sword":1,"minecraft:spruce_door":3,"minecraft:cooked_salmon":9,"minecraft:stone_axe":1,"minecraft:air":0,"minecraft:spruce_trapdoor":2,"minecraft:shield":1,"minecraft:stick":1896,"minecraft:iron_ingot":27,"minecraft:iron_pickaxe":1,"minecraft:iron_shovel":2,"minecraft:gold_ingot":16},"minecraft:used":{"minecraft:iron_shovel":500,"minecraft:stone_shovel":84,"minecraft:chest":2,"minecraft:spruce_planks":35,"minecraft:shield":7,"minecraft:iron_sword":78,"minecraft:cooked_salmon":11,"minecraft:stone_hoe":115,"minecraft:cooked_chicken":1,"minecraft:rotten_flesh":20,"minecraft:torch":128,"minecraft:dirt":546,"minecraft:mutton":3,"minecraft:spruce_stairs":73,"minecraft:carrot":1,"minecraft:tuff":2,"minecraft:snowball":7,"minecraft:iron_axe":569,"minecraft:bow":3,"minecraft:beef":3,"minecraft:sweet_berries":37,"minecraft:furnace":3,"minecraft:cooked_beef":8,"minecraft:potato":1,"minecraft:cobbled_deepslate":22,"minecraft:water_bucket":3,"minecraft:cobblestone_stairs":25,"minecraft:spruce_door":11,"minecraft:stone_pickaxe":143,"minecraft:baked_potato":2,"minecraft:stonecutter":1,"minecraft:fletching_table":5,"minecraft:crafting_table":3,"minecraft:white_bed":1,"minecraft:spruce_log":111,"minecraft:iron_pickaxe":231,"minecraft:spruce_pressure_plate":4,"minecraft:spruce_trapdoor":3,"minecraft:spruce_sapling":111,"minecraft:gravel":10,"minecraft:stone_axe":90,"minecraft:cobblestone":106,"minecraft:purple_bed":2,"minecraft:cooked_porkchop":4,"minecraft:bucket":4},"minecraft:killed":{"minecraft:skeleton":5,"minecraft:pig":4,"minecraft:zombie_villager":1,"minecraft:salmon":40,"minecraft:creeper":2,"minecraft:zombie":13,"minecraft:cow":1},"minecraft:broken":{"minecraft:iron_shovel":2,"minecraft:stone_pickaxe":1,"minecraft:iron_axe":2,"minecraft:stone_axe":1},"minecraft:picked_up":{"minecraft:crafting_table":1,"minecraft:stone_brick_wall":2,"minecraft:cooked_salmon":29,"minecraft:cobbled_deepslate":79,"minecraft:bucket":1,"minecraft:spruce_planks":5,"minecraft:beef":4,"minecraft:iron_pickaxe":1,"minecraft:spruce_trapdoor":1,"minecraft:furnace":3,"minecraft:spruce_pressure_plate":2,"minecraft:raw_iron":52,"minecraft:stick":70,"minecraft:torch":129,"minecraft:spruce_stairs":51,"minecraft:porkchop":8,"minecraft:carrot":1,"minecraft:arrow":4,"minecraft:rotten_flesh":20,"minecraft:mutton":3,"minecraft:snowball":7,"minecraft:cobblestone":282,"minecraft:cooked_beef":7,"minecraft:salmon":38,"minecraft:potato":1,"minecraft:flint":1,"minecraft:tuff":25,"minecraft:gunpowder":6,"minecraft:cobblestone_wall":1,"minecraft:cobblestone_stairs":23,"minecraft:dirt":574,"minecraft:bone":5,"minecraft:stone_bricks":2,"minecraft:stonecutter":1,"minecraft:bow":1,"minecraft:wheat_seeds":2,"minecraft:raw_gold":21,"minecraft:stone_pickaxe":2,"minecraft:iron_ingot":70,"minecraft:cooked_chicken":1,"minecraft:fletching_table":5,"minecraft:iron_sword":1,"minecraft:stone_hoe":1,"minecraft:book":18,"minecraft:sweet_berries":37,"minecraft:gravel":35,"minecraft:sand":100,"minecraft:stripped_spruce_log":21,"minecraft:spruce_sapling":106,"minecraft:white_bed":1,"minecraft:spruce_log":454,"minecraft:spruce_door":9,"minecraft:purple_bed":2,"minecraft:diamond":8,"minecraft:stone_axe":1,"minecraft:granite":1,"minecraft:bone_meal":3},"minecraft:mined":{"minecraft:tuff":23,"minecraft:spruce_planks":6,"minecraft:white_bed":1,"minecraft:farmland":1,"minecraft:deepslate_diamond_ore":7,"minecraft:cobblestone_stairs":21,"minecraft:spruce_trapdoor":1,"minecraft:granite":3,"minecraft:grass_block":188,"minecraft:spruce_leaves":42,"minecraft:large_fern":11,"minecraft:spruce_sapling":10,"minecraft:furnace":2,"minecraft:iron_ore":19,"minecraft:cobbled_deepslate":6,"minecraft:stripped_spruce_log":14,"minecraft:fletching_table":5,"minecraft:bookshelf":6,"minecraft:deepslate_iron_ore":10,"minecraft:spruce_pressure_plate":2,"minecraft:stone":111,"minecraft:podzol":6,"minecraft:spruce_door":6,"minecraft:crafting_table":1,"minecraft:torch":41,"minecraft:short_grass":2,"minecraft:cobblestone":32,"minecraft:deepslate_gold_ore":15,"minecraft:wall_torch":21,"minecraft:spruce_stairs":50,"minecraft:seagrass":2,"minecraft:purple_bed":2,"minecraft:sweet_berry_bush":16,"minecraft:spruce_log":455,"minecraft:gravel":8,"minecraft:sand":101,"minecraft:dirt":356,"minecraft:stonecutter":1,"minecraft:stone_bricks":1,"minecraft:deepslate":98,"minecraft:fern":4},"minecraft:killed_by":{"minecraft:creeper":1}},"DataVersion":3953}