{"stats":{"minecraft:crafted":{"minecraft:stone_shovel":4,"minecraft:furnace":1,"minecraft:cobblestone_stairs":1,"minecraft:stone":210,"minecraft:bone_meal":42,"minecraft:spruce_pressure_plate":2,"minecraft:spruce_stairs":24,"minecraft:iron_boots":1,"minecraft:iron_axe":11,"minecraft:stone_pickaxe":1,"minecraft:chest":11,"minecraft:spruce_boat":4,"minecraft:stone_hoe":1,"minecraft:smoker":1,"minecraft:cooked_beef":1,"minecraft:emerald":222,"minecraft:spruce_sign":9,"minecraft:cooked_porkchop":6,"minecraft:crafting_table":3,"minecraft:spruce_planks":4692,"minecraft:iron_helmet":1,"minecraft:baked_potato":129,"minecraft:iron_sword":1,"minecraft:spruce_door":3,"minecraft:mossy_cobblestone":2,"minecraft:cooked_salmon":9,"minecraft:pumpkin_seeds":36,"minecraft:birch_planks":8,"minecraft:stone_axe":1,"minecraft:air":0,"minecraft:spruce_trapdoor":6,"minecraft:iron_chestplate":1,"minecraft:charcoal":162,"minecraft:shield":1,"minecraft:stick":7980,"minecraft:iron_ingot":70,"minecraft:iron_pickaxe":4,"minecraft:stone_sword":1,"minecraft:iron_shovel":2,"minecraft:gold_ingot":37,"minecraft:torch":288},"minecraft:custom":{"minecraft:interact_with_anvil":2,"minecraft:mob_kills":89,"minecraft:interact_with_crafting_table":87,"minecraft:interact_with_campfire":29,"minecraft:bell_ring":10,"minecraft:leave_game":8,"minecraft:time_since_death":34309,"minecraft:climb_one_cm":164,"minecraft:sprint_one_cm":1263461,"minecraft:walk_one_cm":1704636,"minecraft:damage_blocked_by_shield":762,"minecraft:drop":32,"minecraft:talked_to_villager":89,"minecraft:play_time":420568,"minecraft:sneak_time":5035,"minecraft:deaths":2,"minecraft:walk_under_water_one_cm":35613,"minecraft:boat_one_cm":9087,"minecraft:jump":4063,"minecraft:interact_with_blast_furnace":14,"minecraft:walk_on_water_one_cm":25796,"minecraft:total_world_time":420568,"minecraft:interact_with_furnace":101,"minecraft:traded_with_villager":222,"minecraft:interact_with_loom":1,"minecraft:interact_with_stonecutter":8,"minecraft:sleep_in_bed":20,"minecraft:time_since_rest":12324,"minecraft:damage_taken":4374,"minecraft:damage_dealt":9659,"minecraft:swim_one_cm":60420,"minecraft:fly_one_cm":514946,"minecraft:open_chest":332,"minecraft:crouch_one_cm":14222,"minecraft:interact_with_smoker":16,"minecraft:fall_one_cm":53984},"minecraft:mined":{"minecraft:tuff":27,"minecraft:spruce_planks":30,"minecraft:white_bed":2,"minecraft:farmland":49,"minecraft:deepslate_diamond_ore":17,"minecraft:cobblestone_stairs":21,"minecraft:spruce_trapdoor":3,"minecraft:cave_vines_plant":1,"minecraft:granite":3,"minecraft:grass_block":213,"minecraft:spruce_leaves":102,"minecraft:moss_block":15,"minecraft:large_fern":14,"minecraft:spruce_sapling":27,"minecraft:furnace":5,"minecraft:iron_ore":19,"minecraft:cobbled_deepslate":8,"minecraft:stripped_spruce_log":14,"minecraft:pumpkin":46,"minecraft:anvil":1,"minecraft:fletching_table":5,"minecraft:bookshelf":6,"minecraft:potatoes":112,"minecraft:cave_vines":2,"minecraft:deepslate_iron_ore":20,"minecraft:dirt_path":11,"minecraft:rail":81,"minecraft:spruce_pressure_plate":2,"minecraft:stone":111,"minecraft:podzol":26,"minecraft:deepslate_redstone_ore":6,"minecraft:smoker":1,"minecraft:spruce_door":6,"minecraft:crafting_table":6,"minecraft:torch":48,"minecraft:short_grass":4,"minecraft:blast_furnace":2,"minecraft:poppy":1,"minecraft:chest":12,"minecraft:spruce_wall_sign":5,"minecraft:cobblestone":38,"minecraft:deepslate_gold_ore":15,"minecraft:oak_planks":1,"minecraft:wall_torch":24,"minecraft:spruce_stairs":50,"minecraft:seagrass":2,"minecraft:purple_bed":2,"minecraft:birch_log":6,"minecraft:sweet_berry_bush":16,"minecraft:spruce_log":2136,"minecraft:gravel":8,"minecraft:sand":101,"minecraft:dirt":423,"minecraft:cobweb":80,"minecraft:stonecutter":1,"minecraft:stone_bricks":1,"minecraft:deepslate":121,"minecraft:fern":4},"minecraft:picked_up":{"minecraft:charcoal":166,"minecraft:iron_chestplate":1,"minecraft:crafting_table":7,"minecraft:anvil":2,"minecraft:clay_ball":48,"minecraft:chest_minecart":1,"minecraft:stone_brick_wall":2,"minecraft:enchanted_book":1,"minecraft:golden_shovel":2,"minecraft:golden_sword":1,"minecraft:shield":1,"minecraft:iron_axe":1,"minecraft:string":92,"minecraft:moss_carpet":2,"minecraft:cooked_salmon":29,"minecraft:activator_rail":4,"minecraft:cobbled_deepslate":275,"minecraft:detector_rail":9,"minecraft:bucket":1,"minecraft:spruce_planks":31,"minecraft:beef":4,"minecraft:light_gray_wool":1,"minecraft:iron_pickaxe":2,"minecraft:chest":13,"minecraft:spruce_trapdoor":3,"minecraft:egg":2,"minecraft:iron_boots":1,"minecraft:furnace":7,"minecraft:spruce_pressure_plate":2,"minecraft:stick":203,"minecraft:raw_iron":91,"minecraft:oak_fence":4,"minecraft:torch":142,"minecraft:spruce_stairs":69,"minecraft:spruce_fence":2,"minecraft:porkchop":12,"minecraft:carrot":1,"minecraft:redstone":289,"minecraft:stone_shovel":1,"minecraft:stone_sword":1,"minecraft:arrow":24,"minecraft:rotten_flesh":67,"minecraft:gold_ingot":110,"minecraft:obsidian":1,"minecraft:glow_berries":60,"minecraft:mutton":9,"minecraft:white_wool":6,"minecraft:snowball":7,"minecraft:rail":216,"minecraft:cobblestone":287,"minecraft:birch_log":6,"minecraft:cooked_beef":7,"minecraft:andesite":5,"minecraft:water_bucket":1,"minecraft:salmon":38,"minecraft:leather":3,"minecraft:smoker":2,"minecraft:potato":300,"minecraft:flint":4,"minecraft:tuff":28,"minecraft:cobblestone_wall":1,"minecraft:gunpowder":13,"minecraft:cobblestone_stairs":23,"minecraft:lantern":3,"minecraft:lapis_lazuli":405,"minecraft:dirt":853,"minecraft:name_tag":3,"minecraft:bone":16,"minecraft:stone_bricks":2,"minecraft:bow":7,"minecraft:stonecutter":1,"minecraft:wheat_seeds":8,"minecraft:raw_gold":24,"minecraft:iron_ingot":99,"minecraft:stone_pickaxe":2,"minecraft:cooked_chicken":1,"minecraft:flowering_azalea":1,"minecraft:fletching_table":5,"minecraft:moss_block":34,"minecraft:stone_hoe":1,"minecraft:iron_sword":1,"minecraft:oak_planks":5,"minecraft:book":37,"minecraft:pumpkin":154,"minecraft:sweet_berries":37,"minecraft:poisonous_potato":6,"minecraft:gravel":35,"minecraft:sand":200,"minecraft:stripped_spruce_log":21,"minecraft:spruce_sapling":537,"minecraft:blast_furnace":3,"minecraft:white_bed":2,"minecraft:spruce_log":2161,"minecraft:spruce_door":9,"minecraft:spider_eye":4,"minecraft:pumpkin_seeds":3,"minecraft:purple_bed":2,"minecraft:spruce_boat":2,"minecraft:diamond":23,"minecraft:stone_axe":1,"minecraft:granite":24,"minecraft:bone_meal":3,"minecraft:golden_apple":2,"minecraft:spruce_sign":5,"minecraft:emerald":78,"minecraft:bread":4,"minecraft:baked_potato":442,"minecraft:coal":33,"minecraft:ender_pearl":2},"minecraft:killed_by":{"minecraft:creeper":2},"minecraft:broken":{"minecraft:iron_shovel":2,"minecraft:stone_hoe":1,"minecraft:stone_pickaxe":1,"minecraft:shield":1,"minecraft:iron_axe":9,"minecraft:stone_axe":2,"minecraft:iron_sword":1,"minecraft:iron_pickaxe":1,"minecraft:bow":1,"minecraft:stone_shovel":3},"minecraft:dropped":{"minecraft:iron_sword":1,"minecraft:wheat_seeds":1,"minecraft:baked_potato":4,"minecraft:ender_pearl":1,"minecraft:oak_fence":3,"minecraft:chest_minecart":1,"minecraft:spruce_stairs":1,"minecraft:flint":2,"minecraft:torch":192,"minecraft:cooked_salmon":29,"minecraft:iron_pickaxe":1,"minecraft:moss_carpet":2,"minecraft:raw_copper":39,"minecraft:tuff":43,"minecraft:oak_planks":5,"minecraft:golden_shovel":1,"minecraft:stone_bricks":64,"minecraft:spruce_log":51,"minecraft:bow":1,"minecraft:stone_pickaxe":1},"minecraft:killed":{"minecraft:cave_spider":1,"minecraft:spider":3,"minecraft:skeleton":9,"minecraft:pig":4,"minecraft:zombie_villager":1,"minecraft:salmon":40,"minecraft:creeper":2,"minecraft:zombie":24,"minecraft:cow":1},"minecraft:used":{"minecraft:moss_block":1,"minecraft:stone_sword":76,"minecraft:iron_shovel":500,"minecraft:stone_shovel":525,"minecraft:poppy":1,"minecraft:chest":19,"minecraft:spruce_planks":106,"minecraft:shield":18,"minecraft:iron_sword":175,"minecraft:cooked_salmon":18,"minecraft:cooked_chicken":1,"minecraft:stone_hoe":221,"minecraft:rotten_flesh":41,"minecraft:iron_chestplate":1,"minecraft:torch":213,"minecraft:dirt":894,"minecraft:anvil":1,"minecraft:mutton":3,"minecraft:spruce_stairs":73,"minecraft:carrot":1,"minecraft:tuff":2,"minecraft:snowball":7,"minecraft:spruce_boat":6,"minecraft:lantern":3,"minecraft:iron_axe":2316,"minecraft:iron_boots":1,"minecraft:bow":6,"minecraft:beef":3,"minecraft:sweet_berries":37,"minecraft:furnace":5,"minecraft:potato":157,"minecraft:cooked_beef":8,"minecraft:cobbled_deepslate":22,"minecraft:water_bucket":17,"minecraft:cobblestone_stairs":25,"minecraft:spruce_door":11,"minecraft:stone_pickaxe":143,"minecraft:baked_potato":29,"minecraft:spruce_sign":13,"minecraft:fletching_table":5,"minecraft:stonecutter":1,"minecraft:glow_berries":7,"minecraft:mossy_cobblestone":2,"minecraft:crafting_table":9,"minecraft:blast_furnace":2,"minecraft:spider_eye":2,"minecraft:white_bed":2,"minecraft:spruce_log":135,"minecraft:pumpkin_seeds":39,"minecraft:smoker":2,"minecraft:iron_pickaxe":386,"minecraft:spruce_pressure_plate":4,"minecraft:spruce_trapdoor":9,"minecraft:gravel":10,"minecraft:spruce_sapling":142,"minecraft:stone_axe":187,"minecraft:purple_bed":2,"minecraft:cobblestone":106,"minecraft:cooked_porkchop":6,"minecraft:poisonous_potato":1,"minecraft:bucket":18,"minecraft:bone_meal":45}},"DataVersion":3953}