{"stats":{"minecraft:dropped":{"minecraft:iron_sword":1,"minecraft:baked_potato":4,"minecraft:ender_pearl":1,"minecraft:chest_minecart":1,"minecraft:flint":2,"minecraft:iron_pickaxe":1,"minecraft:oak_planks":5,"minecraft:golden_shovel":1,"minecraft:arrow":1,"minecraft:wheat_seeds":1,"minecraft:mossy_cobblestone":534,"minecraft:oak_fence":3,"minecraft:spruce_stairs":1,"minecraft:torch":192,"minecraft:cooked_salmon":29,"minecraft:moss_carpet":2,"minecraft:cobblestone_wall":1,"minecraft:raw_copper":39,"minecraft:tuff":67,"minecraft:spruce_planks":2,"minecraft:diamond_pickaxe":2,"minecraft:stone_bricks":64,"minecraft:spruce_log":51,"minecraft:bow":2,"minecraft:stone_pickaxe":1},"minecraft:custom":{"minecraft:interact_with_crafting_table":121,"minecraft:bell_ring":10,"minecraft:leave_game":13,"minecraft:time_since_death":54963,"minecraft:sprint_one_cm":1860629,"minecraft:damage_blocked_by_shield":762,"minecraft:drop":121,"minecraft:talked_to_villager":148,"minecraft:play_time":575653,"minecraft:deaths":4,"minecraft:jump":6132,"minecraft:walk_on_water_one_cm":36218,"minecraft:interact_with_furnace":124,"minecraft:traded_with_villager":333,"minecraft:interact_with_loom":1,"minecraft:sleep_in_bed":26,"minecraft:damage_dealt":13204,"minecraft:crouch_one_cm":16772,"minecraft:interact_with_smoker":33,"minecraft:mob_kills":109,"minecraft:interact_with_anvil":6,"minecraft:interact_with_campfire":29,"minecraft:climb_one_cm":468,"minecraft:walk_one_cm":2201279,"minecraft:sneak_time":5954,"minecraft:walk_under_water_one_cm":42743,"minecraft:boat_one_cm":29459,"minecraft:interact_with_blast_furnace":31,"minecraft:total_world_time":575653,"minecraft:interact_with_stonecutter":8,"minecraft:time_since_rest":5626,"minecraft:damage_taken":5527,"minecraft:swim_one_cm":64927,"minecraft:fly_one_cm":823396,"minecraft:open_chest":572,"minecraft:fall_one_cm":77846},"minecraft:crafted":{"minecraft:stone":407,"minecraft:cobblestone_stairs":1,"minecraft:diamond_shovel":1,"minecraft:cooked_mutton":6,"minecraft:spruce_pressure_plate":2,"minecraft:diamond_leggings":1,"minecraft:diamond_helmet":1,"minecraft:iron_boots":1,"minecraft:chest":11,"minecraft:stone_hoe":1,"minecraft:smoker":1,"minecraft:arrow":48,"minecraft:emerald":322,"minecraft:cooked_porkchop":10,"minecraft:crafting_table":3,"minecraft:spruce_planks":6532,"minecraft:baked_potato":278,"minecraft:iron_helmet":1,"minecraft:spruce_door":3,"minecraft:mossy_cobblestone":2,"minecraft:copper_ingot":23,"minecraft:birch_planks":8,"minecraft:pumpkin_seeds":36,"minecraft:spruce_trapdoor":6,"minecraft:iron_chestplate":1,"minecraft:diamond_pickaxe":1,"minecraft:charcoal":226,"minecraft:shield":2,"minecraft:stick":11430,"minecraft:iron_ingot":94,"minecraft:iron_pickaxe":4,"minecraft:stone_sword":1,"minecraft:gold_ingot":39,"minecraft:stone_shovel":4,"minecraft:furnace":2,"minecraft:bone_meal":42,"minecraft:spruce_stairs":24,"minecraft:iron_axe":13,"minecraft:stone_pickaxe":1,"minecraft:diamond_boots":1,"minecraft:spruce_boat":5,"minecraft:cooked_beef":1,"minecraft:crossbow":1,"minecraft:diamond_sword":1,"minecraft:spruce_sign":9,"minecraft:iron_sword":2,"minecraft:cooked_salmon":9,"minecraft:bucket":1,"minecraft:stone_axe":1,"minecraft:enchanted_book":7,"minecraft:air":0,"minecraft:iron_shovel":3,"minecraft:iron_leggings":1,"minecraft:torch":512,"minecraft:diamond_chestplate":1},"minecraft:used":{"minecraft:moss_block":6,"minecraft:iron_shovel":631,"minecraft:poppy":1,"minecraft:chest":21,"minecraft:shield":18,"minecraft:stone":63,"minecraft:iron_sword":175,"minecraft:rotten_flesh":65,"minecraft:iron_chestplate":1,"minecraft:mutton":3,"minecraft:carrot":1,"minecraft:tuff":4,"minecraft:snowball":7,"minecraft:big_dripleaf":4,"minecraft:spruce_boat":12,"minecraft:lantern":3,"minecraft:bow":11,"minecraft:sweet_berries":37,"minecraft:furnace":6,"minecraft:potato":216,"minecraft:diamond_boots":1,"minecraft:spruce_door":11,"minecraft:stone_pickaxe":143,"minecraft:glow_berries":7,"minecraft:blast_furnace":2,"minecraft:pumpkin_seeds":39,"minecraft:lectern":4,"minecraft:gravel":12,"minecraft:diamond_sword":23,"minecraft:poisonous_potato":1,"minecraft:bone_meal":45,"minecraft:azalea":1,"minecraft:stone_sword":121,"minecraft:stone_shovel":525,"minecraft:spruce_planks":111,"minecraft:cooked_salmon":18,"minecraft:stone_hoe":221,"minecraft:cooked_chicken":1,"minecraft:netherrack":2,"minecraft:torch":249,"minecraft:dirt":949,"minecraft:anvil":1,"minecraft:spruce_stairs":73,"minecraft:diamond_helmet":1,"minecraft:salmon_bucket":2,"minecraft:iron_axe":3075,"minecraft:iron_boots":1,"minecraft:diamond_chestplate":1,"minecraft:beef":3,"minecraft:cooked_beef":8,"minecraft:cobbled_deepslate":34,"minecraft:water_bucket":23,"minecraft:cobblestone_stairs":25,"minecraft:baked_potato":58,"minecraft:spruce_sign":14,"minecraft:fletching_table":5,"minecraft:stonecutter":1,"minecraft:deepslate_bricks":2,"minecraft:mossy_cobblestone":5,"minecraft:rail":131,"minecraft:crafting_table":9,"minecraft:spider_eye":2,"minecraft:white_bed":2,"minecraft:spruce_log":136,"minecraft:smoker":2,"minecraft:diamond_pickaxe":1054,"minecraft:iron_pickaxe":822,"minecraft:spruce_pressure_plate":4,"minecraft:spruce_trapdoor":9,"minecraft:spruce_sapling":199,"minecraft:stone_axe":187,"minecraft:cobblestone":139,"minecraft:purple_bed":2,"minecraft:cooked_porkchop":6,"minecraft:bucket":27,"minecraft:diamond_leggings":2},"minecraft:broken":{"minecraft:iron_shovel":2,"minecraft:stone_pickaxe":1,"minecraft:stone_axe":2,"minecraft:iron_sword":1,"minecraft:bow":1,"minecraft:stone_shovel":3,"minecraft:stone_hoe":1,"minecraft:shield":1,"minecraft:iron_axe":12,"minecraft:iron_pickaxe":3},"minecraft:killed":{"minecraft:cave_spider":1,"minecraft:spider":4,"minecraft:skeleton":12,"minecraft:pig":4,"minecraft:zombie_villager":1,"minecraft:salmon":40,"minecraft:creeper":3,"minecraft:zombie":37,"minecraft:cow":1},"minecraft:picked_up":{"minecraft:iron_chestplate":2,"minecraft:anvil":2,"minecraft:diamond_sword":2,"minecraft:enchanted_book":1,"minecraft:golden_shovel":2,"minecraft:golden_sword":1,"minecraft:string":94,"minecraft:cooked_salmon":29,"minecraft:activator_rail":4,"minecraft:diamond_leggings":2,"minecraft:cobbled_deepslate":295,"minecraft:bucket":1,"minecraft:spruce_planks":37,"minecraft:azalea":1,"minecraft:iron_pickaxe":4,"minecraft:iron_boots":1,"minecraft:furnace":7,"minecraft:spruce_pressure_plate":2,"minecraft:stick":264,"minecraft:big_dripleaf":4,"minecraft:oak_fence":4,"minecraft:torch":189,"minecraft:spruce_stairs":69,"minecraft:porkchop":12,"minecraft:stone_sword":1,"minecraft:rotten_flesh":86,"minecraft:obsidian":1,"minecraft:snowball":7,"minecraft:cobblestone":1306,"minecraft:birch_log":6,"minecraft:cooked_beef":7,"minecraft:water_bucket":1,"minecraft:andesite":6,"minecraft:smoker":2,"minecraft:potato":472,"minecraft:flint":13,"minecraft:tuff":74,"minecraft:lantern":3,"minecraft:dirt":884,"minecraft:lapis_lazuli":405,"minecraft:name_tag":3,"minecraft:bone":18,"minecraft:stonecutter":1,"minecraft:bow":9,"minecraft:wheat_seeds":8,"minecraft:raw_gold":24,"minecraft:fletching_table":5,"minecraft:diamond_helmet":2,"minecraft:glowstone_dust":2,"minecraft:moss_block":40,"minecraft:stone_hoe":1,"minecraft:oak_planks":5,"minecraft:poisonous_potato":6,"minecraft:sand":200,"minecraft:stripped_spruce_log":22,"minecraft:mossy_cobblestone":629,"minecraft:diamond":41,"minecraft:spruce_boat":8,"minecraft:granite":24,"minecraft:bone_meal":34,"minecraft:golden_apple":2,"minecraft:bread":4,"minecraft:spruce_sign":5,"minecraft:emerald":114,"minecraft:netherrack":2,"minecraft:diamond_pickaxe":2,"minecraft:charcoal":166,"minecraft:crafting_table":7,"minecraft:clay_ball":64,"minecraft:chest_minecart":1,"minecraft:stone_brick_wall":2,"minecraft:shield":2,"minecraft:moss_carpet":2,"minecraft:iron_axe":3,"minecraft:detector_rail":9,"minecraft:beef":4,"minecraft:light_gray_wool":1,"minecraft:lectern":4,"minecraft:chest":13,"minecraft:spruce_trapdoor":3,"minecraft:egg":3,"minecraft:raw_iron":117,"minecraft:spruce_fence":2,"minecraft:carrot":21,"minecraft:redstone":289,"minecraft:diamond_chestplate":2,"minecraft:arrow":62,"minecraft:stone_shovel":1,"minecraft:diamond_boots":2,"minecraft:gold_ingot":110,"minecraft:glow_berries":63,"minecraft:mutton":9,"minecraft:white_wool":6,"minecraft:rail":344,"minecraft:salmon":38,"minecraft:leather":3,"minecraft:gunpowder":13,"minecraft:cobblestone_wall":2,"minecraft:cobblestone_stairs":23,"minecraft:stone_bricks":2,"minecraft:iron_ingot":99,"minecraft:stone_pickaxe":2,"minecraft:cooked_chicken":1,"minecraft:iron_sword":1,"minecraft:flowering_azalea":1,"minecraft:book":37,"minecraft:pumpkin":189,"minecraft:sweet_berries":37,"minecraft:gravel":150,"minecraft:spruce_sapling":584,"minecraft:blast_furnace":3,"minecraft:white_bed":2,"minecraft:spruce_log":2847,"minecraft:spruce_door":9,"minecraft:spider_eye":4,"minecraft:pumpkin_seeds":3,"minecraft:purple_bed":2,"minecraft:stone_axe":1,"minecraft:baked_potato":674,"minecraft:coal":93,"minecraft:ender_pearl":2},"minecraft:mined":{"minecraft:spruce_planks":34,"minecraft:white_bed":2,"minecraft:farmland":49,"minecraft:cobblestone_stairs":21,"minecraft:spruce_trapdoor":3,"minecraft:cave_vines_plant":1,"minecraft:granite":3,"minecraft:grass_block":215,"minecraft:glowstone":1,"minecraft:iron_ore":26,"minecraft:cobbled_deepslate":8,"minecraft:pumpkin":81,"minecraft:moss_carpet":1,"minecraft:fletching_table":5,"minecraft:anvil":1,"minecraft:cave_vines":2,"minecraft:dirt_path":11,"minecraft:spruce_pressure_plate":2,"minecraft:deepslate_redstone_ore":6,"minecraft:smoker":1,"minecraft:torch":49,"minecraft:blast_furnace":2,"minecraft:poppy":1,"minecraft:chest":12,"minecraft:spruce_wall_sign":5,"minecraft:cobblestone":70,"minecraft:oak_planks":1,"minecraft:wall_torch":28,"minecraft:seagrass":2,"minecraft:birch_log":6,"minecraft:sand":101,"minecraft:dirt":433,"minecraft:stonecutter":1,"minecraft:netherrack":3,"minecraft:deepslate":133,"minecraft:tuff":27,"minecraft:mossy_cobblestone":228,"minecraft:deepslate_diamond_ore":18,"minecraft:spruce_leaves":124,"minecraft:moss_block":16,"minecraft:large_fern":16,"minecraft:spruce_sapling":28,"minecraft:furnace":5,"minecraft:andesite":1,"minecraft:stripped_spruce_log":15,"minecraft:bookshelf":6,"minecraft:potatoes":172,"minecraft:deepslate_iron_ore":29,"minecraft:rail":209,"minecraft:stone":1116,"minecraft:podzol":26,"minecraft:spruce_door":6,"minecraft:crafting_table":6,"minecraft:short_grass":4,"minecraft:lectern":4,"minecraft:deepslate_gold_ore":15,"minecraft:spruce_stairs":50,"minecraft:purple_bed":2,"minecraft:sweet_berry_bush":16,"minecraft:spruce_log":2830,"minecraft:coal_ore":60,"minecraft:gravel":134,"minecraft:cobweb":80,"minecraft:stone_bricks":1,"minecraft:fern":7},"minecraft:killed_by":{"minecraft:creeper":2}},"DataVersion":3953}