{"stats":{"minecraft:killed":{"minecraft:cave_spider":1,"minecraft:spider":3,"minecraft:skeleton":7,"minecraft:pig":4,"minecraft:zombie_villager":1,"minecraft:salmon":40,"minecraft:creeper":2,"minecraft:zombie":19,"minecraft:cow":1},"minecraft:dropped":{"minecraft:iron_sword":1,"minecraft:wheat_seeds":1,"minecraft:baked_potato":4,"minecraft:ender_pearl":1,"minecraft:oak_fence":3,"minecraft:chest_minecart":1,"minecraft:spruce_stairs":1,"minecraft:flint":2,"minecraft:torch":192,"minecraft:cooked_salmon":29,"minecraft:iron_pickaxe":1,"minecraft:moss_carpet":2,"minecraft:raw_copper":39,"minecraft:tuff":43,"minecraft:oak_planks":5,"minecraft:stone_bricks":64,"minecraft:spruce_log":51,"minecraft:bow":1,"minecraft:stone_pickaxe":1},"minecraft:killed_by":{"minecraft:creeper":1},"minecraft:crafted":{"minecraft:stone_shovel":4,"minecraft:furnace":1,"minecraft:cobblestone_stairs":1,"minecraft:stone":210,"minecraft:bone_meal":42,"minecraft:spruce_pressure_plate":2,"minecraft:spruce_stairs":24,"minecraft:iron_boots":1,"minecraft:iron_axe":9,"minecraft:stone_pickaxe":1,"minecraft:chest":6,"minecraft:spruce_boat":1,"minecraft:stone_hoe":1,"minecraft:smoker":1,"minecraft:cooked_beef":1,"minecraft:emerald":198,"minecraft:cooked_porkchop":6,"minecraft:crafting_table":3,"minecraft:spruce_planks":3812,"minecraft:iron_helmet":1,"minecraft:baked_potato":59,"minecraft:iron_sword":1,"minecraft:spruce_door":3,"minecraft:mossy_cobblestone":2,"minecraft:cooked_salmon":9,"minecraft:pumpkin_seeds":36,"minecraft:birch_planks":8,"minecraft:stone_axe":1,"minecraft:air":0,"minecraft:spruce_trapdoor":2,"minecraft:iron_chestplate":1,"minecraft:charcoal":162,"minecraft:shield":1,"minecraft:stick":7352,"minecraft:iron_ingot":70,"minecraft:iron_pickaxe":4,"minecraft:stone_sword":1,"minecraft:iron_shovel":2,"minecraft:gold_ingot":16,"minecraft:torch":288},"minecraft:broken":{"minecraft:iron_shovel":2,"minecraft:stone_hoe":1,"minecraft:stone_pickaxe":1,"minecraft:shield":1,"minecraft:iron_axe":8,"minecraft:stone_axe":2,"minecraft:iron_sword":1,"minecraft:iron_pickaxe":1,"minecraft:bow":1,"minecraft:stone_shovel":3},"minecraft:custom":{"minecraft:mob_kills":82,"minecraft:interact_with_crafting_table":66,"minecraft:interact_with_campfire":29,"minecraft:bell_ring":10,"minecraft:leave_game":8,"minecraft:time_since_death":327983,"minecraft:climb_one_cm":164,"minecraft:sprint_one_cm":1099121,"minecraft:walk_one_cm":1488082,"minecraft:damage_blocked_by_shield":677,"minecraft:drop":31,"minecraft:talked_to_villager":66,"minecraft:play_time":362733,"minecraft:sneak_time":4365,"minecraft:deaths":1,"minecraft:walk_under_water_one_cm":35462,"minecraft:jump":3541,"minecraft:interact_with_blast_furnace":10,"minecraft:walk_on_water_one_cm":25108,"minecraft:total_world_time":362733,"minecraft:interact_with_furnace":96,"minecraft:traded_with_villager":198,"minecraft:interact_with_loom":1,"minecraft:interact_with_stonecutter":8,"minecraft:sleep_in_bed":18,"minecraft:time_since_rest":85494,"minecraft:damage_taken":3830,"minecraft:damage_dealt":8198,"minecraft:swim_one_cm":59414,"minecraft:fly_one_cm":435694,"minecraft:open_chest":159,"minecraft:crouch_one_cm":12170,"minecraft:interact_with_smoker":10,"minecraft:fall_one_cm":47048},"minecraft:mined":{"minecraft:tuff":27,"minecraft:spruce_planks":11,"minecraft:white_bed":1,"minecraft:farmland":49,"minecraft:deepslate_diamond_ore":17,"minecraft:cobblestone_stairs":21,"minecraft:cave_vines_plant":1,"minecraft:spruce_trapdoor":1,"minecraft:granite":3,"minecraft:grass_block":192,"minecraft:spruce_leaves":98,"minecraft:moss_block":15,"minecraft:large_fern":12,"minecraft:spruce_sapling":27,"minecraft:furnace":4,"minecraft:iron_ore":19,"minecraft:cobbled_deepslate":8,"minecraft:stripped_spruce_log":14,"minecraft:pumpkin":46,"minecraft:fletching_table":5,"minecraft:dirt_path":11,"minecraft:bookshelf":6,"minecraft:potatoes":52,"minecraft:cave_vines":2,"minecraft:deepslate_iron_ore":20,"minecraft:rail":81,"minecraft:spruce_pressure_plate":2,"minecraft:stone":111,"minecraft:podzol":15,"minecraft:deepslate_redstone_ore":6,"minecraft:spruce_door":6,"minecraft:crafting_table":2,"minecraft:torch":48,"minecraft:short_grass":4,"minecraft:blast_furnace":1,"minecraft:cobblestone":38,"minecraft:deepslate_gold_ore":15,"minecraft:oak_planks":1,"minecraft:wall_torch":24,"minecraft:spruce_stairs":50,"minecraft:seagrass":2,"minecraft:purple_bed":2,"minecraft:birch_log":6,"minecraft:sweet_berry_bush":16,"minecraft:spruce_log":2025,"minecraft:gravel":8,"minecraft:sand":101,"minecraft:dirt":399,"minecraft:cobweb":80,"minecraft:stonecutter":1,"minecraft:stone_bricks":1,"minecraft:deepslate":121,"minecraft:fern":4},"minecraft:picked_up":{"minecraft:charcoal":54,"minecraft:crafting_table":2,"minecraft:clay_ball":4,"minecraft:chest_minecart":1,"minecraft:stone_brick_wall":2,"minecraft:golden_shovel":1,"minecraft:shield":1,"minecraft:string":74,"minecraft:moss_carpet":2,"minecraft:cooked_salmon":29,"minecraft:cobbled_deepslate":115,"minecraft:detector_rail":2,"minecraft:bucket":1,"minecraft:spruce_planks":10,"minecraft:beef":4,"minecraft:iron_pickaxe":1,"minecraft:spruce_trapdoor":1,"minecraft:furnace":5,"minecraft:spruce_pressure_plate":2,"minecraft:stick":137,"minecraft:raw_iron":91,"minecraft:oak_fence":4,"minecraft:torch":141,"minecraft:spruce_stairs":51,"minecraft:porkchop":8,"minecraft:carrot":1,"minecraft:redstone":27,"minecraft:arrow":7,"minecraft:rotten_flesh":28,"minecraft:glow_berries":4,"minecraft:mutton":3,"minecraft:snowball":7,"minecraft:rail":85,"minecraft:cobblestone":287,"minecraft:birch_log":6,"minecraft:cooked_beef":7,"minecraft:salmon":38,"minecraft:potato":133,"minecraft:flint":1,"minecraft:tuff":28,"minecraft:cobblestone_wall":1,"minecraft:gunpowder":8,"minecraft:cobblestone_stairs":23,"minecraft:lapis_lazuli":29,"minecraft:dirt":708,"minecraft:name_tag":1,"minecraft:bone":9,"minecraft:stone_bricks":2,"minecraft:bow":2,"minecraft:stonecutter":1,"minecraft:wheat_seeds":2,"minecraft:raw_gold":24,"minecraft:iron_ingot":99,"minecraft:stone_pickaxe":2,"minecraft:cooked_chicken":1,"minecraft:fletching_table":5,"minecraft:moss_block":16,"minecraft:stone_hoe":1,"minecraft:iron_sword":1,"minecraft:oak_planks":5,"minecraft:book":18,"minecraft:pumpkin":45,"minecraft:sweet_berries":37,"minecraft:poisonous_potato":1,"minecraft:gravel":35,"minecraft:sand":100,"minecraft:stripped_spruce_log":21,"minecraft:spruce_sapling":233,"minecraft:blast_furnace":1,"minecraft:white_bed":1,"minecraft:spruce_log":2004,"minecraft:spruce_door":9,"minecraft:spider_eye":2,"minecraft:purple_bed":2,"minecraft:diamond":23,"minecraft:stone_axe":1,"minecraft:granite":1,"minecraft:bone_meal":3,"minecraft:coal":3,"minecraft:ender_pearl":1},"minecraft:used":{"minecraft:moss_block":1,"minecraft:stone_sword":40,"minecraft:iron_shovel":500,"minecraft:stone_shovel":476,"minecraft:chest":6,"minecraft:spruce_planks":40,"minecraft:shield":15,"minecraft:iron_sword":175,"minecraft:cooked_salmon":18,"minecraft:cooked_chicken":1,"minecraft:stone_hoe":218,"minecraft:rotten_flesh":38,"minecraft:torch":213,"minecraft:dirt":702,"minecraft:mutton":3,"minecraft:spruce_stairs":73,"minecraft:carrot":1,"minecraft:tuff":2,"minecraft:snowball":7,"minecraft:iron_axe":2162,"minecraft:bow":6,"minecraft:beef":3,"minecraft:sweet_berries":37,"minecraft:furnace":4,"minecraft:potato":97,"minecraft:cooked_beef":8,"minecraft:cobbled_deepslate":22,"minecraft:water_bucket":17,"minecraft:cobblestone_stairs":25,"minecraft:spruce_door":11,"minecraft:stone_pickaxe":143,"minecraft:baked_potato":19,"minecraft:fletching_table":5,"minecraft:stonecutter":1,"minecraft:glow_berries":7,"minecraft:mossy_cobblestone":2,"minecraft:crafting_table":5,"minecraft:blast_furnace":1,"minecraft:spider_eye":2,"minecraft:white_bed":1,"minecraft:spruce_log":125,"minecraft:pumpkin_seeds":36,"minecraft:smoker":1,"minecraft:iron_pickaxe":380,"minecraft:spruce_pressure_plate":4,"minecraft:spruce_trapdoor":3,"minecraft:gravel":10,"minecraft:spruce_sapling":142,"minecraft:stone_axe":187,"minecraft:purple_bed":2,"minecraft:cobblestone":106,"minecraft:cooked_porkchop":6,"minecraft:poisonous_potato":1,"minecraft:bucket":18,"minecraft:bone_meal":45}},"DataVersion":3953}