{"stats":{"minecraft:custom":{"minecraft:animals_bred":31,"minecraft:interact_with_crafting_table":143,"minecraft:open_barrel":1,"minecraft:bell_ring":63,"minecraft:leave_game":22,"minecraft:time_since_death":426801,"minecraft:sprint_one_cm":3063998,"minecraft:damage_blocked_by_shield":5114,"minecraft:drop":158,"minecraft:talked_to_villager":698,"minecraft:play_time":983648,"minecraft:deaths":2,"minecraft:jump":17259,"minecraft:walk_on_water_one_cm":107763,"minecraft:enchant_item":20,"minecraft:interact_with_furnace":157,"minecraft:traded_with_villager":390,"minecraft:sleep_in_bed":42,"minecraft:damage_dealt":35394,"minecraft:crouch_one_cm":169881,"minecraft:inspect_dispenser":4,"minecraft:interact_with_anvil":7,"minecraft:mob_kills":258,"minecraft:inspect_hopper":1,"minecraft:interact_with_campfire":4,"minecraft:climb_one_cm":16676,"minecraft:walk_one_cm":1947953,"minecraft:sneak_time":60506,"minecraft:walk_under_water_one_cm":115774,"minecraft:boat_one_cm":439305,"minecraft:total_world_time":983648,"minecraft:interact_with_grindstone":4,"minecraft:time_since_rest":45115,"minecraft:damage_taken":10713,"minecraft:swim_one_cm":232635,"minecraft:fly_one_cm":3510518,"minecraft:open_chest":837,"minecraft:fall_one_cm":322033},"minecraft:crafted":{"minecraft:oak_planks":2580,"minecraft:cobblestone_slab":6,"minecraft:cooked_chicken":1,"minecraft:cobblestone_stairs":4,"minecraft:lever":1,"minecraft:diamond_shovel":2,"minecraft:bookshelf":21,"minecraft:cooked_mutton":13,"minecraft:hopper":1,"minecraft:glass":84,"minecraft:diamond_helmet":1,"minecraft:bow":4,"minecraft:diamond_leggings":1,"minecraft:iron_boots":3,"minecraft:chest":11,"minecraft:stone_hoe":3,"minecraft:oak_slab":24,"minecraft:emerald":351,"minecraft:cooked_porkchop":36,"minecraft:diamond_axe":1,"minecraft:crafting_table":10,"minecraft:spruce_planks":2012,"minecraft:iron_helmet":3,"minecraft:wooden_pickaxe":1,"minecraft:baked_potato":88,"minecraft:fletching_table":2,"minecraft:birch_planks":668,"minecraft:spruce_trapdoor":18,"minecraft:lectern":3,"minecraft:iron_chestplate":2,"minecraft:book":79,"minecraft:paper":951,"minecraft:diamond_pickaxe":3,"minecraft:shield":4,"minecraft:stick":9616,"minecraft:iron_ingot":64,"minecraft:iron_pickaxe":10,"minecraft:iron_block":3,"minecraft:stone_sword":1,"minecraft:gold_ingot":24,"minecraft:composter":6,"minecraft:shears":1,"minecraft:stone_shovel":1,"minecraft:furnace":7,"minecraft:piston":1,"minecraft:bone_meal":27,"minecraft:white_carpet":3,"minecraft:oak_trapdoor":4,"minecraft:lantern":18,"minecraft:iron_axe":9,"minecraft:ladder":3,"minecraft:spruce_slab":96,"minecraft:stone_pickaxe":1,"minecraft:diamond_boots":1,"minecraft:spruce_boat":2,"minecraft:golden_helmet":2,"minecraft:wheat":162,"minecraft:cooked_beef":59,"minecraft:diamond_sword":2,"minecraft:iron_sword":3,"minecraft:golden_shovel":1,"minecraft:bucket":2,"minecraft:stone_axe":1,"minecraft:enchanted_book":16,"minecraft:air":0,"minecraft:oak_boat":3,"minecraft:iron_shovel":3,"minecraft:iron_leggings":2,"minecraft:anvil":1,"minecraft:white_bed":17,"minecraft:torch":88,"minecraft:diamond_chestplate":1},"minecraft:broken":{"minecraft:iron_shovel":3,"minecraft:iron_boots":1,"minecraft:iron_leggings":1,"minecraft:iron_sword":2,"minecraft:shield":1,"minecraft:iron_axe":5,"minecraft:iron_pickaxe":9,"minecraft:iron_helmet":1},"minecraft:killed":{"minecraft:cave_spider":13,"minecraft:zombified_piglin":2,"minecraft:witch":1,"minecraft:spider":8,"minecraft:skeleton":23,"minecraft:chicken":1,"minecraft:magma_cube":30,"minecraft:piglin":5,"minecraft:pig":18,"minecraft:creeper":2,"minecraft:sheep":14,"minecraft:trader_llama":3,"minecraft:zombie":33,"minecraft:stray":42,"minecraft:ghast":6,"minecraft:cow":31,"minecraft:drowned":3,"minecraft:husk":5,"minecraft:wandering_trader":2,"minecraft:breeze":2,"minecraft:villager":1,"minecraft:enderman":1},"minecraft:mined":{"minecraft:large_amethyst_bud":1,"minecraft:spruce_planks":63,"minecraft:oak_sapling":4,"minecraft:white_bed":2,"minecraft:farmland":1,"minecraft:cobblestone_stairs":1,"minecraft:brewing_stand":3,"minecraft:obsidian":31,"minecraft:spruce_trapdoor":20,"minecraft:cave_vines_plant":1,"minecraft:granite":4,"minecraft:budding_amethyst":1,"minecraft:grass_block":335,"minecraft:chiseled_tuff_bricks":1,"minecraft:mud_bricks":1,"minecraft:composter":44,"minecraft:hopper":2,"minecraft:tuff_bricks":18,"minecraft:spawner":3,"minecraft:tall_seagrass":4,"minecraft:iron_ore":63,"minecraft:cobbled_deepslate":23,"minecraft:fire":38,"minecraft:moss_carpet":1,"minecraft:pumpkin":1,"minecraft:deepslate_lapis_ore":8,"minecraft:fletching_table":8,"minecraft:cave_vines":1,"minecraft:flowering_azalea_leaves":3,"minecraft:dirt_path":313,"minecraft:small_amethyst_bud":1,"minecraft:azalea_leaves":2,"minecraft:azalea":2,"minecraft:spruce_slab":70,"minecraft:piston_head":1,"minecraft:deepslate_redstone_ore":1,"minecraft:quartz_block":1,"minecraft:blackstone":50,"minecraft:kelp_plant":68,"minecraft:crimson_nylium":5,"minecraft:clay":2,"minecraft:torch":19,"minecraft:chest":6,"minecraft:glass":7,"minecraft:nether_quartz_ore":871,"minecraft:cobblestone":118,"minecraft:sugar_cane":603,"minecraft:waxed_chiseled_copper":1,"minecraft:wall_torch":9,"minecraft:amethyst_block":12,"minecraft:waxed_copper_bulb":1,"minecraft:red_candle":2,"minecraft:blue_terracotta":3,"minecraft:nether_wart_block":4,"minecraft:light_gray_stained_glass":4,"minecraft:birch_log":162,"minecraft:waxed_copper_block":5,"minecraft:oak_log":528,"minecraft:sand":18,"minecraft:dirt":782,"minecraft:netherrack":952,"minecraft:oak_leaves":115,"minecraft:deepslate":342,"minecraft:nether_gold_ore":11,"minecraft:tuff":28,"minecraft:mossy_cobblestone":31,"minecraft:dark_oak_leaves":1,"minecraft:deepslate_diamond_ore":66,"minecraft:lever":1,"minecraft:ladder":15,"minecraft:spruce_fence":2,"minecraft:decorated_pot":23,"minecraft:spruce_leaves":85,"minecraft:kelp":4,"minecraft:red_mushroom":1,"minecraft:moss_block":44,"minecraft:large_fern":10,"minecraft:hay_block":50,"minecraft:oak_trapdoor":4,"minecraft:furnace":8,"minecraft:carrots":190,"minecraft:andesite":7,"minecraft:chiseled_tuff":2,"minecraft:bell":1,"minecraft:nether_brick_fence":2,"minecraft:bookshelf":3,"minecraft:potatoes":136,"minecraft:deepslate_iron_ore":31,"minecraft:rail":7,"minecraft:lantern":1,"minecraft:stone":492,"minecraft:podzol":13,"minecraft:basalt":336,"minecraft:crafting_table":6,"minecraft:short_grass":40,"minecraft:lectern":436,"minecraft:campfire":1,"minecraft:copper_ore":5,"minecraft:tall_grass":9,"minecraft:lapis_ore":1,"minecraft:deepslate_gold_ore":62,"minecraft:diorite":6,"minecraft:blue_bed":7,"minecraft:red_terracotta":1,"minecraft:cobblestone_wall":1,"minecraft:waxed_oxidized_copper_grate":1,"minecraft:sweet_berry_bush":13,"minecraft:spruce_log":535,"minecraft:birch_leaves":2,"minecraft:coal_ore":106,"minecraft:gravel":38,"minecraft:cobweb":22,"minecraft:fern":3},"minecraft:dropped":{"minecraft:guster_pottery_sherd":2,"minecraft:moss_block":44,"minecraft:cooked_beef":17,"minecraft:oak_log":5,"minecraft:glass_bottle":2,"minecraft:diamond":4,"minecraft:crafting_table":2,"minecraft:cooked_porkchop":7,"minecraft:music_disc_13":4,"minecraft:red_mushroom":1,"minecraft:flint":1,"minecraft:cobblestone_stairs":2,"minecraft:emerald":20,"minecraft:dirt":7,"minecraft:bone_meal":2,"minecraft:bolt_armor_trim_smithing_template":1,"minecraft:iron_pickaxe":1,"minecraft:white_wool":2,"minecraft:gold_ingot":3,"minecraft:bone":3,"minecraft:gravel":5,"minecraft:stone_axe":1,"minecraft:blackstone":50,"minecraft:sugar_cane":16,"minecraft:ancient_debris":2,"minecraft:cobbled_deepslate":129,"minecraft:wheat":112,"minecraft:rotten_flesh":34,"minecraft:nether_brick_fence":4,"minecraft:golden_shovel":1,"minecraft:honey_bottle":5,"minecraft:white_bed":3,"minecraft:waxed_copper_block":2,"minecraft:carrot":285,"minecraft:tipped_arrow":28,"minecraft:trident":1,"minecraft:azalea":2,"minecraft:spruce_slab":1,"minecraft:basalt":170,"minecraft:iron_bars":1,"minecraft:quartz":93,"minecraft:netherrack":12,"minecraft:iron_ingot":17,"minecraft:water_bucket":3,"minecraft:enchanted_book":6,"minecraft:oak_slab":4,"minecraft:wheat_seeds":6,"minecraft:mossy_cobblestone":1,"minecraft:poisonous_potato":2,"minecraft:cobblestone":2,"minecraft:book":48,"minecraft:coal":15,"minecraft:stick":9,"minecraft:iron_axe":1,"minecraft:iron_shovel":1,"minecraft:paper":39,"minecraft:string":37,"minecraft:bucket":1,"minecraft:furnace":4,"minecraft:blue_terracotta":2,"minecraft:moss_carpet":3,"minecraft:tuff_bricks":12,"minecraft:sweet_berries":24,"minecraft:flow_pottery_sherd":1,"minecraft:stone_sword":1,"minecraft:tuff":21,"minecraft:raw_iron":29,"minecraft:stone_shovel":1,"minecraft:clay_ball":1,"minecraft:nether_bricks":1,"minecraft:red_terracotta":2,"minecraft:mud_bricks":1,"minecraft:spruce_planks":24,"minecraft:diamond_pickaxe":1,"minecraft:oak_sapling":1,"minecraft:golden_sword":2,"minecraft:spider_eye":3,"minecraft:spruce_log":18,"minecraft:bow":4,"minecraft:stone_pickaxe":2,"minecraft:wooden_pickaxe":1,"minecraft:brick":3},"minecraft:used":{"minecraft:tuff_bricks":5,"minecraft:iron_shovel":754,"minecraft:oak_sign":2,"minecraft:spruce_slab":132,"minecraft:chest":16,"minecraft:ladder":20,"minecraft:shield":105,"minecraft:decorated_pot":1,"minecraft:stone":358,"minecraft:iron_sword":745,"minecraft:bell":1,"minecraft:soul_sand":1,"minecraft:carrot":263,"minecraft:obsidian":41,"minecraft:spruce_boat":18,"minecraft:glass":21,"minecraft:lava_bucket":4,"minecraft:lantern":1,"minecraft:grass_block":17,"minecraft:bow":20,"minecraft:furnace":12,"minecraft:egg":4,"minecraft:potato":211,"minecraft:stone_pickaxe":102,"minecraft:blackstone":3,"minecraft:wooden_pickaxe":3,"minecraft:diamond_axe":20,"minecraft:sugar_cane":45,"minecraft:composter":50,"minecraft:blue_bed":8,"minecraft:sand":3,"minecraft:lever":2,"minecraft:bread":35,"minecraft:lectern":439,"minecraft:gravel":15,"minecraft:golden_helmet":1,"minecraft:nether_wart_block":4,"minecraft:diamond_sword":12,"minecraft:andesite":7,"minecraft:oak_boat":21,"minecraft:bone_meal":25,"minecraft:oak_trapdoor":4,"minecraft:trident":7,"minecraft:stone_sword":29,"minecraft:flint_and_steel":5,"minecraft:stone_shovel":15,"minecraft:spruce_planks":96,"minecraft:stone_hoe":166,"minecraft:cooked_chicken":3,"minecraft:trial_key":11,"minecraft:netherrack":770,"minecraft:torch":117,"minecraft:dirt":2088,"minecraft:anvil":1,"minecraft:hopper":3,"minecraft:cobblestone_wall":1,"minecraft:spruce_fence":4,"minecraft:granite":4,"minecraft:bookshelf":18,"minecraft:iron_axe":1825,"minecraft:iron_boots":1,"minecraft:basalt":12,"minecraft:cooked_beef":26,"minecraft:cobbled_deepslate":271,"minecraft:cooked_mutton":19,"minecraft:water_bucket":124,"minecraft:cobblestone_stairs":3,"minecraft:baked_potato":97,"minecraft:cobblestone_slab":6,"minecraft:fletching_table":10,"minecraft:waxed_copper_block":1,"minecraft:mossy_cobblestone":1,"minecraft:rail":2,"minecraft:crafting_table":14,"minecraft:birch_sign":2,"minecraft:white_bed":18,"minecraft:oak_log":36,"minecraft:piston":2,"minecraft:wooden_hoe":26,"minecraft:diamond_pickaxe":794,"minecraft:diamond_shovel":557,"minecraft:iron_pickaxe":2870,"minecraft:spruce_trapdoor":36,"minecraft:spruce_sapling":20,"minecraft:stone_axe":77,"minecraft:cobblestone":112,"minecraft:potion":2,"minecraft:cooked_porkchop":56,"minecraft:bucket":129,"minecraft:pumpkin_pie":2,"minecraft:kelp":25},"minecraft:killed_by":{"minecraft:magma_cube":1},"minecraft:picked_up":{"minecraft:nether_brick_fence":4,"minecraft:lead":17,"minecraft:potion":2,"minecraft:enchanted_book":2,"minecraft:brewing_stand":6,"minecraft:golden_sword":3,"minecraft:amethyst_block":11,"minecraft:music_disc_cat":1,"minecraft:string":149,"minecraft:gold_nugget":50,"minecraft:cobbled_deepslate":365,"minecraft:spruce_planks":71,"minecraft:trial_key":11,"minecraft:azalea":2,"minecraft:iron_pickaxe":1,"minecraft:furnace":9,"minecraft:tipped_arrow":28,"minecraft:stick":146,"minecraft:composter":44,"minecraft:oak_fence":4,"minecraft:torch":41,"minecraft:porkchop":38,"minecraft:diorite":6,"minecraft:rotten_flesh":53,"minecraft:honey_bottle":5,"minecraft:obsidian":44,"minecraft:iron_bars":1,"minecraft:cobblestone":217,"minecraft:birch_log":162,"minecraft:cooked_beef":19,"minecraft:magma_cream":1,"minecraft:water_bucket":3,"minecraft:andesite":7,"minecraft:potato":485,"minecraft:flint":8,"minecraft:tuff":21,"minecraft:map":1,"minecraft:lapis_lazuli":97,"minecraft:dirt":1556,"minecraft:lantern":1,"minecraft:name_tag":4,"minecraft:bone":91,"minecraft:bow":8,"minecraft:wheat_seeds":10,"minecraft:raw_gold":87,"minecraft:bell":1,"minecraft:bolt_armor_trim_smithing_template":1,"minecraft:fletching_table":8,"minecraft:moss_block":44,"minecraft:oak_planks":4,"minecraft:cooked_porkchop":27,"minecraft:music_disc_13":4,"minecraft:poisonous_potato":2,"minecraft:sand":17,"minecraft:grass_block":21,"minecraft:red_terracotta":2,"minecraft:mossy_cobblestone":31,"minecraft:blue_terracotta":2,"minecraft:diamond":94,"minecraft:spruce_boat":16,"minecraft:lever":1,"minecraft:granite":4,"minecraft:breeze_rod":2,"minecraft:golden_apple":3,"minecraft:emerald":25,"minecraft:golden_horse_armor":1,"minecraft:bread":25,"minecraft:oak_sapling":128,"minecraft:netherrack":933,"minecraft:diamond_pickaxe":1,"minecraft:charcoal":2,"minecraft:crafting_table":6,"minecraft:ominous_bottle":2,"minecraft:chicken":1,"minecraft:ladder":30,"minecraft:clay_ball":9,"minecraft:diamond_horse_armor":1,"minecraft:brick":24,"minecraft:wind_charge":26,"minecraft:oak_trapdoor":3,"minecraft:moss_carpet":3,"minecraft:iron_shovel":1,"minecraft:blackstone":53,"minecraft:beef":61,"minecraft:oak_boat":19,"minecraft:poppy":2,"minecraft:spruce_slab":71,"minecraft:lectern":436,"minecraft:guster_pottery_sherd":2,"minecraft:sugar_cane":982,"minecraft:chest":6,"minecraft:birch_sapling":13,"minecraft:piston":1,"minecraft:spruce_trapdoor":24,"minecraft:copper_ore":5,"minecraft:egg":1,"minecraft:raw_iron":91,"minecraft:stone":376,"minecraft:spruce_fence":2,"minecraft:flow_pottery_sherd":1,"minecraft:trident":2,"minecraft:carrot":658,"minecraft:redstone":5,"minecraft:arrow":134,"minecraft:diamond_chestplate":1,"minecraft:decorated_pot":1,"minecraft:nether_bricks":2,"minecraft:hay_block":100,"minecraft:saddle":2,"minecraft:gold_ingot":9,"minecraft:tuff_bricks":17,"minecraft:mutton":17,"minecraft:rail":7,"minecraft:white_wool":98,"minecraft:mud_bricks":1,"minecraft:basalt":306,"minecraft:leather":103,"minecraft:red_mushroom":3,"minecraft:oak_log":531,"minecraft:waxed_copper_block":3,"minecraft:ancient_debris":2,"minecraft:cobblestone_wall":1,"minecraft:nether_wart_block":4,"minecraft:gunpowder":41,"minecraft:cobblestone_stairs":1,"minecraft:blue_bed":8,"minecraft:paper":6,"minecraft:podzol":11,"minecraft:cooked_mutton":6,"minecraft:apple":15,"minecraft:kelp":87,"minecraft:iron_ingot":46,"minecraft:stone_pickaxe":1,"minecraft:cooked_chicken":2,"minecraft:book":10,"minecraft:pumpkin":2,"minecraft:sweet_berries":24,"minecraft:quartz":811,"minecraft:dandelion":2,"minecraft:gravel":30,"minecraft:spruce_sapling":39,"minecraft:white_bed":4,"minecraft:spruce_log":530,"minecraft:spider_eye":11,"minecraft:baked_potato":13,"minecraft:melon_seeds":13,"minecraft:coal":161,"minecraft:hopper":2,"minecraft:ender_pearl":1}},"DataVersion":3953}