{"stats":{"minecraft:custom":{"minecraft:animals_bred":31,"minecraft:interact_with_crafting_table":116,"minecraft:open_barrel":1,"minecraft:bell_ring":55,"minecraft:leave_game":19,"minecraft:time_since_death":253354,"minecraft:sprint_one_cm":2606190,"minecraft:damage_blocked_by_shield":5114,"minecraft:drop":127,"minecraft:talked_to_villager":645,"minecraft:play_time":810201,"minecraft:deaths":2,"minecraft:jump":14345,"minecraft:walk_on_water_one_cm":76852,"minecraft:enchant_item":16,"minecraft:interact_with_furnace":139,"minecraft:traded_with_villager":230,"minecraft:sleep_in_bed":34,"minecraft:damage_dealt":34046,"minecraft:crouch_one_cm":143668,"minecraft:inspect_dispenser":4,"minecraft:interact_with_anvil":3,"minecraft:mob_kills":234,"minecraft:interact_with_campfire":4,"minecraft:climb_one_cm":13861,"minecraft:walk_one_cm":1576411,"minecraft:sneak_time":50778,"minecraft:walk_under_water_one_cm":55836,"minecraft:boat_one_cm":402277,"minecraft:total_world_time":810201,"minecraft:interact_with_grindstone":3,"minecraft:time_since_rest":12133,"minecraft:damage_taken":10202,"minecraft:swim_one_cm":145901,"minecraft:fly_one_cm":2872058,"minecraft:open_chest":587,"minecraft:fall_one_cm":286928},"minecraft:crafted":{"minecraft:oak_planks":2568,"minecraft:cooked_chicken":1,"minecraft:cobblestone_stairs":4,"minecraft:lever":1,"minecraft:diamond_shovel":2,"minecraft:bookshelf":21,"minecraft:cooked_mutton":13,"minecraft:glass":64,"minecraft:diamond_helmet":1,"minecraft:bow":4,"minecraft:diamond_leggings":1,"minecraft:iron_boots":3,"minecraft:chest":8,"minecraft:stone_hoe":3,"minecraft:oak_slab":12,"minecraft:emerald":213,"minecraft:cooked_porkchop":36,"minecraft:diamond_axe":1,"minecraft:crafting_table":10,"minecraft:spruce_planks":272,"minecraft:iron_helmet":3,"minecraft:wooden_pickaxe":1,"minecraft:baked_potato":64,"minecraft:fletching_table":2,"minecraft:birch_planks":668,"minecraft:spruce_trapdoor":14,"minecraft:lectern":3,"minecraft:iron_chestplate":2,"minecraft:book":72,"minecraft:paper":654,"minecraft:diamond_pickaxe":2,"minecraft:shield":4,"minecraft:stick":6184,"minecraft:iron_ingot":64,"minecraft:iron_pickaxe":9,"minecraft:stone_sword":1,"minecraft:gold_ingot":24,"minecraft:stone_shovel":1,"minecraft:furnace":7,"minecraft:piston":1,"minecraft:oak_trapdoor":4,"minecraft:lantern":7,"minecraft:iron_axe":7,"minecraft:ladder":3,"minecraft:spruce_slab":60,"minecraft:stone_pickaxe":1,"minecraft:diamond_boots":1,"minecraft:spruce_boat":2,"minecraft:golden_helmet":2,"minecraft:wheat":162,"minecraft:cooked_beef":59,"minecraft:diamond_sword":2,"minecraft:iron_sword":3,"minecraft:golden_shovel":1,"minecraft:bucket":2,"minecraft:stone_axe":1,"minecraft:enchanted_book":10,"minecraft:air":0,"minecraft:oak_boat":3,"minecraft:iron_shovel":3,"minecraft:iron_leggings":2,"minecraft:white_bed":1,"minecraft:torch":56,"minecraft:diamond_chestplate":1},"minecraft:broken":{"minecraft:iron_shovel":2,"minecraft:iron_boots":1,"minecraft:iron_leggings":1,"minecraft:iron_sword":2,"minecraft:shield":1,"minecraft:iron_axe":4,"minecraft:iron_pickaxe":8,"minecraft:iron_helmet":1},"minecraft:killed":{"minecraft:cave_spider":13,"minecraft:zombified_piglin":2,"minecraft:witch":1,"minecraft:spider":8,"minecraft:skeleton":23,"minecraft:chicken":1,"minecraft:magma_cube":12,"minecraft:piglin":5,"minecraft:pig":18,"minecraft:creeper":2,"minecraft:sheep":13,"minecraft:trader_llama":3,"minecraft:zombie":29,"minecraft:stray":42,"minecraft:ghast":6,"minecraft:cow":31,"minecraft:drowned":3,"minecraft:husk":5,"minecraft:wandering_trader":2,"minecraft:breeze":2,"minecraft:villager":1,"minecraft:enderman":1},"minecraft:mined":{"minecraft:large_amethyst_bud":1,"minecraft:spruce_planks":63,"minecraft:oak_sapling":4,"minecraft:farmland":1,"minecraft:cobblestone_stairs":1,"minecraft:brewing_stand":3,"minecraft:obsidian":31,"minecraft:spruce_trapdoor":19,"minecraft:cave_vines_plant":1,"minecraft:granite":4,"minecraft:budding_amethyst":1,"minecraft:grass_block":284,"minecraft:chiseled_tuff_bricks":1,"minecraft:mud_bricks":1,"minecraft:composter":38,"minecraft:tuff_bricks":18,"minecraft:spawner":3,"minecraft:iron_ore":63,"minecraft:cobbled_deepslate":23,"minecraft:fire":34,"minecraft:pumpkin":1,"minecraft:moss_carpet":1,"minecraft:fletching_table":8,"minecraft:deepslate_lapis_ore":8,"minecraft:cave_vines":1,"minecraft:dirt_path":210,"minecraft:small_amethyst_bud":1,"minecraft:azalea":2,"minecraft:spruce_slab":70,"minecraft:piston_head":1,"minecraft:deepslate_redstone_ore":1,"minecraft:quartz_block":1,"minecraft:blackstone":48,"minecraft:crimson_nylium":5,"minecraft:clay":2,"minecraft:torch":16,"minecraft:chest":3,"minecraft:nether_quartz_ore":718,"minecraft:glass":7,"minecraft:cobblestone":17,"minecraft:sugar_cane":416,"minecraft:waxed_chiseled_copper":1,"minecraft:wall_torch":4,"minecraft:amethyst_block":12,"minecraft:waxed_copper_bulb":1,"minecraft:red_candle":2,"minecraft:blue_terracotta":3,"minecraft:nether_wart_block":4,"minecraft:light_gray_stained_glass":4,"minecraft:birch_log":162,"minecraft:waxed_copper_block":5,"minecraft:oak_log":521,"minecraft:sand":15,"minecraft:dirt":583,"minecraft:netherrack":665,"minecraft:oak_leaves":115,"minecraft:deepslate":342,"minecraft:nether_gold_ore":8,"minecraft:tuff":28,"minecraft:mossy_cobblestone":2,"minecraft:dark_oak_leaves":1,"minecraft:deepslate_diamond_ore":66,"minecraft:lever":1,"minecraft:decorated_pot":23,"minecraft:spruce_leaves":29,"minecraft:red_mushroom":1,"minecraft:moss_block":44,"minecraft:large_fern":10,"minecraft:hay_block":50,"minecraft:oak_trapdoor":4,"minecraft:furnace":8,"minecraft:carrots":158,"minecraft:andesite":7,"minecraft:chiseled_tuff":2,"minecraft:bookshelf":3,"minecraft:potatoes":56,"minecraft:deepslate_iron_ore":31,"minecraft:rail":2,"minecraft:lantern":1,"minecraft:stone":99,"minecraft:basalt":336,"minecraft:crafting_table":6,"minecraft:short_grass":39,"minecraft:lectern":436,"minecraft:campfire":1,"minecraft:tall_grass":9,"minecraft:deepslate_gold_ore":62,"minecraft:lapis_ore":1,"minecraft:diorite":6,"minecraft:blue_bed":6,"minecraft:red_terracotta":1,"minecraft:cobblestone_wall":1,"minecraft:waxed_oxidized_copper_grate":1,"minecraft:sweet_berry_bush":13,"minecraft:spruce_log":84,"minecraft:birch_leaves":2,"minecraft:coal_ore":84,"minecraft:gravel":34,"minecraft:cobweb":22,"minecraft:fern":2},"minecraft:dropped":{"minecraft:guster_pottery_sherd":2,"minecraft:moss_block":43,"minecraft:cooked_beef":17,"minecraft:oak_log":5,"minecraft:glass_bottle":2,"minecraft:diamond":4,"minecraft:crafting_table":2,"minecraft:cooked_porkchop":7,"minecraft:flint":1,"minecraft:cobblestone_stairs":2,"minecraft:emerald":20,"minecraft:dirt":7,"minecraft:bolt_armor_trim_smithing_template":1,"minecraft:iron_pickaxe":1,"minecraft:gold_ingot":3,"minecraft:bone":3,"minecraft:gravel":5,"minecraft:stone_axe":1,"minecraft:blackstone":50,"minecraft:sugar_cane":15,"minecraft:ancient_debris":2,"minecraft:cobbled_deepslate":129,"minecraft:wheat":112,"minecraft:rotten_flesh":34,"minecraft:golden_shovel":1,"minecraft:honey_bottle":5,"minecraft:white_bed":2,"minecraft:waxed_copper_block":2,"minecraft:tipped_arrow":28,"minecraft:trident":1,"minecraft:azalea":2,"minecraft:basalt":170,"minecraft:quartz":93,"minecraft:netherrack":12,"minecraft:iron_ingot":17,"minecraft:water_bucket":2,"minecraft:enchanted_book":6,"minecraft:mossy_cobblestone":1,"minecraft:cobblestone":2,"minecraft:book":48,"minecraft:coal":15,"minecraft:stick":9,"minecraft:iron_shovel":1,"minecraft:paper":39,"minecraft:string":37,"minecraft:bucket":1,"minecraft:furnace":4,"minecraft:blue_terracotta":2,"minecraft:moss_carpet":3,"minecraft:tuff_bricks":12,"minecraft:sweet_berries":24,"minecraft:flow_pottery_sherd":1,"minecraft:stone_sword":1,"minecraft:tuff":21,"minecraft:raw_iron":29,"minecraft:stone_shovel":1,"minecraft:clay_ball":1,"minecraft:nether_bricks":1,"minecraft:red_terracotta":2,"minecraft:mud_bricks":1,"minecraft:spruce_planks":3,"minecraft:diamond_pickaxe":1,"minecraft:oak_sapling":1,"minecraft:golden_sword":1,"minecraft:spider_eye":3,"minecraft:spruce_log":15,"minecraft:bow":4,"minecraft:stone_pickaxe":2,"minecraft:wooden_pickaxe":1,"minecraft:brick":3},"minecraft:used":{"minecraft:tuff_bricks":5,"minecraft:iron_shovel":533,"minecraft:spruce_slab":116,"minecraft:chest":11,"minecraft:ladder":3,"minecraft:shield":105,"minecraft:decorated_pot":1,"minecraft:iron_sword":587,"minecraft:carrot":231,"minecraft:obsidian":41,"minecraft:spruce_boat":18,"minecraft:glass":19,"minecraft:lava_bucket":4,"minecraft:lantern":1,"minecraft:grass_block":1,"minecraft:bow":19,"minecraft:furnace":12,"minecraft:egg":3,"minecraft:potato":131,"minecraft:stone_pickaxe":102,"minecraft:blackstone":1,"minecraft:wooden_pickaxe":3,"minecraft:composter":38,"minecraft:sugar_cane":45,"minecraft:blue_bed":6,"minecraft:sand":3,"minecraft:lever":2,"minecraft:bread":35,"minecraft:lectern":439,"minecraft:gravel":15,"minecraft:golden_helmet":1,"minecraft:nether_wart_block":4,"minecraft:diamond_sword":12,"minecraft:andesite":7,"minecraft:oak_boat":14,"minecraft:oak_trapdoor":4,"minecraft:trident":7,"minecraft:stone_sword":29,"minecraft:flint_and_steel":5,"minecraft:stone_shovel":15,"minecraft:spruce_planks":96,"minecraft:stone_hoe":166,"minecraft:cooked_chicken":3,"minecraft:trial_key":11,"minecraft:netherrack":477,"minecraft:torch":112,"minecraft:dirt":1644,"minecraft:cobblestone_wall":1,"minecraft:granite":4,"minecraft:bookshelf":18,"minecraft:iron_axe":1372,"minecraft:iron_boots":1,"minecraft:basalt":12,"minecraft:cooked_beef":24,"minecraft:cobbled_deepslate":271,"minecraft:cooked_mutton":18,"minecraft:water_bucket":101,"minecraft:cobblestone_stairs":3,"minecraft:baked_potato":73,"minecraft:fletching_table":10,"minecraft:waxed_copper_block":1,"minecraft:mossy_cobblestone":1,"minecraft:rail":2,"minecraft:crafting_table":14,"minecraft:oak_log":32,"minecraft:piston":2,"minecraft:wooden_hoe":26,"minecraft:diamond_pickaxe":274,"minecraft:diamond_shovel":467,"minecraft:iron_pickaxe":2385,"minecraft:spruce_trapdoor":32,"minecraft:stone_axe":77,"minecraft:cobblestone":112,"minecraft:potion":2,"minecraft:cooked_porkchop":56,"minecraft:bucket":107,"minecraft:pumpkin_pie":2},"minecraft:killed_by":{"minecraft:magma_cube":1},"minecraft:picked_up":{"minecraft:lead":8,"minecraft:potion":2,"minecraft:enchanted_book":2,"minecraft:brewing_stand":6,"minecraft:golden_sword":3,"minecraft:amethyst_block":11,"minecraft:music_disc_cat":1,"minecraft:string":149,"minecraft:gold_nugget":35,"minecraft:cobbled_deepslate":365,"minecraft:spruce_planks":71,"minecraft:trial_key":11,"minecraft:azalea":2,"minecraft:iron_pickaxe":1,"minecraft:furnace":9,"minecraft:tipped_arrow":28,"minecraft:stick":120,"minecraft:composter":38,"minecraft:oak_fence":4,"minecraft:torch":37,"minecraft:porkchop":38,"minecraft:diorite":6,"minecraft:rotten_flesh":43,"minecraft:honey_bottle":5,"minecraft:obsidian":44,"minecraft:cobblestone":115,"minecraft:birch_log":162,"minecraft:cooked_beef":19,"minecraft:magma_cream":1,"minecraft:water_bucket":3,"minecraft:andesite":7,"minecraft:potato":221,"minecraft:flint":7,"minecraft:tuff":21,"minecraft:map":1,"minecraft:lapis_lazuli":97,"minecraft:dirt":1230,"minecraft:lantern":1,"minecraft:name_tag":4,"minecraft:bone":91,"minecraft:bow":8,"minecraft:wheat_seeds":10,"minecraft:raw_gold":87,"minecraft:bolt_armor_trim_smithing_template":1,"minecraft:fletching_table":8,"minecraft:moss_block":44,"minecraft:oak_planks":4,"minecraft:cooked_porkchop":27,"minecraft:music_disc_13":1,"minecraft:sand":14,"minecraft:grass_block":1,"minecraft:red_terracotta":2,"minecraft:mossy_cobblestone":2,"minecraft:blue_terracotta":2,"minecraft:diamond":94,"minecraft:spruce_boat":16,"minecraft:lever":1,"minecraft:granite":4,"minecraft:breeze_rod":2,"minecraft:golden_apple":3,"minecraft:emerald":25,"minecraft:golden_horse_armor":1,"minecraft:bread":25,"minecraft:oak_sapling":128,"minecraft:netherrack":621,"minecraft:diamond_pickaxe":1,"minecraft:charcoal":2,"minecraft:crafting_table":6,"minecraft:ominous_bottle":2,"minecraft:chicken":1,"minecraft:ladder":15,"minecraft:clay_ball":9,"minecraft:diamond_horse_armor":1,"minecraft:brick":24,"minecraft:wind_charge":26,"minecraft:oak_trapdoor":3,"minecraft:moss_carpet":3,"minecraft:iron_shovel":1,"minecraft:blackstone":51,"minecraft:beef":61,"minecraft:oak_boat":11,"minecraft:poppy":2,"minecraft:spruce_slab":71,"minecraft:lectern":436,"minecraft:guster_pottery_sherd":2,"minecraft:sugar_cane":685,"minecraft:chest":3,"minecraft:birch_sapling":13,"minecraft:piston":1,"minecraft:spruce_trapdoor":23,"minecraft:raw_iron":91,"minecraft:flow_pottery_sherd":1,"minecraft:trident":2,"minecraft:carrot":535,"minecraft:redstone":5,"minecraft:arrow":134,"minecraft:diamond_chestplate":1,"minecraft:decorated_pot":1,"minecraft:nether_bricks":2,"minecraft:hay_block":100,"minecraft:saddle":2,"minecraft:gold_ingot":9,"minecraft:tuff_bricks":17,"minecraft:mutton":17,"minecraft:rail":2,"minecraft:white_wool":27,"minecraft:mud_bricks":1,"minecraft:basalt":306,"minecraft:leather":103,"minecraft:red_mushroom":3,"minecraft:oak_log":524,"minecraft:waxed_copper_block":3,"minecraft:ancient_debris":2,"minecraft:nether_wart_block":4,"minecraft:cobblestone_wall":1,"minecraft:gunpowder":41,"minecraft:cobblestone_stairs":1,"minecraft:blue_bed":6,"minecraft:paper":6,"minecraft:cooked_mutton":5,"minecraft:apple":15,"minecraft:iron_ingot":45,"minecraft:stone_pickaxe":1,"minecraft:cooked_chicken":2,"minecraft:book":10,"minecraft:pumpkin":2,"minecraft:sweet_berries":24,"minecraft:quartz":684,"minecraft:dandelion":2,"minecraft:gravel":27,"minecraft:spruce_sapling":2,"minecraft:white_bed":1,"minecraft:spruce_log":78,"minecraft:spider_eye":11,"minecraft:baked_potato":13,"minecraft:melon_seeds":13,"minecraft:coal":139,"minecraft:ender_pearl":1}},"DataVersion":3953}