{"stats":{"minecraft:dropped":{"minecraft:water_bucket":2,"minecraft:iron_ingot":1,"minecraft:cooked_beef":17,"minecraft:crafting_table":2,"minecraft:cooked_porkchop":7,"minecraft:coal":5,"minecraft:dirt":7,"minecraft:string":26,"minecraft:bucket":1,"minecraft:furnace":4,"minecraft:stone_axe":1,"minecraft:sweet_berries":24,"minecraft:stone_sword":1,"minecraft:cobbled_deepslate":14,"minecraft:tuff":4,"minecraft:raw_iron":29,"minecraft:stone_shovel":1,"minecraft:rotten_flesh":17,"minecraft:clay_ball":1,"minecraft:spruce_planks":3,"minecraft:spruce_log":15,"minecraft:wooden_pickaxe":1,"minecraft:stone_pickaxe":2},"minecraft:custom":{"minecraft:mob_kills":82,"minecraft:interact_with_crafting_table":20,"minecraft:interact_with_campfire":4,"minecraft:bell_ring":55,"minecraft:leave_game":2,"minecraft:time_since_death":142015,"minecraft:climb_one_cm":315,"minecraft:sprint_one_cm":654281,"minecraft:walk_one_cm":260717,"minecraft:damage_blocked_by_shield":2841,"minecraft:drop":32,"minecraft:talked_to_villager":3,"minecraft:play_time":142015,"minecraft:sneak_time":8604,"minecraft:walk_under_water_one_cm":7735,"minecraft:boat_one_cm":126113,"minecraft:jump":2794,"minecraft:walk_on_water_one_cm":14890,"minecraft:total_world_time":142015,"minecraft:interact_with_furnace":64,"minecraft:sleep_in_bed":4,"minecraft:time_since_rest":13958,"minecraft:damage_taken":2603,"minecraft:damage_dealt":10731,"minecraft:swim_one_cm":39107,"minecraft:fly_one_cm":543948,"minecraft:open_chest":37,"minecraft:crouch_one_cm":15377,"minecraft:fall_one_cm":60989},"minecraft:crafted":{"minecraft:stone_shovel":1,"minecraft:cooked_chicken":1,"minecraft:furnace":3,"minecraft:cooked_mutton":13,"minecraft:bow":1,"minecraft:iron_boots":1,"minecraft:iron_axe":1,"minecraft:stone_pickaxe":1,"minecraft:chest":2,"minecraft:spruce_boat":1,"minecraft:cooked_beef":17,"minecraft:cooked_porkchop":36,"minecraft:crafting_table":5,"minecraft:spruce_planks":76,"minecraft:wooden_pickaxe":1,"minecraft:iron_helmet":1,"minecraft:iron_sword":1,"minecraft:bucket":1,"minecraft:stone_axe":1,"minecraft:air":0,"minecraft:iron_chestplate":1,"minecraft:shield":2,"minecraft:stick":32,"minecraft:iron_ingot":48,"minecraft:iron_pickaxe":2,"minecraft:stone_sword":1,"minecraft:iron_shovel":1,"minecraft:iron_leggings":1,"minecraft:torch":48},"minecraft:used":{"minecraft:stone_sword":29,"minecraft:iron_shovel":76,"minecraft:stone_shovel":15,"minecraft:chest":2,"minecraft:spruce_planks":1,"minecraft:shield":59,"minecraft:iron_sword":169,"minecraft:cooked_chicken":1,"minecraft:torch":94,"minecraft:dirt":58,"minecraft:spruce_boat":1,"minecraft:iron_axe":5,"minecraft:furnace":7,"minecraft:egg":3,"minecraft:cobbled_deepslate":69,"minecraft:cooked_mutton":17,"minecraft:water_bucket":38,"minecraft:stone_pickaxe":102,"minecraft:wooden_pickaxe":3,"minecraft:blue_bed":4,"minecraft:rail":2,"minecraft:crafting_table":8,"minecraft:bread":5,"minecraft:iron_pickaxe":303,"minecraft:lectern":1,"minecraft:stone_axe":77,"minecraft:cobblestone":35,"minecraft:cooked_porkchop":22,"minecraft:bucket":39,"minecraft:andesite":1,"minecraft:pumpkin_pie":1},"minecraft:broken":{"minecraft:shield":1,"minecraft:iron_pickaxe":1},"minecraft:killed":{"minecraft:cave_spider":7,"minecraft:spider":4,"minecraft:skeleton":15,"minecraft:chicken":1,"minecraft:pig":18,"minecraft:creeper":1,"minecraft:sheep":12,"minecraft:zombie":14,"minecraft:cow":8},"minecraft:picked_up":{"minecraft:crafting_table":5,"minecraft:chicken":1,"minecraft:clay_ball":1,"minecraft:brewing_stand":3,"minecraft:amethyst_block":11,"minecraft:string":71,"minecraft:cobbled_deepslate":91,"minecraft:spruce_planks":8,"minecraft:beef":17,"minecraft:lectern":1,"minecraft:sugar_cane":54,"minecraft:spruce_trapdoor":4,"minecraft:furnace":8,"minecraft:stick":2,"minecraft:raw_iron":77,"minecraft:oak_fence":4,"minecraft:torch":12,"minecraft:porkchop":38,"minecraft:carrot":1,"minecraft:arrow":19,"minecraft:rotten_flesh":17,"minecraft:hay_block":50,"minecraft:mutton":17,"minecraft:white_wool":13,"minecraft:rail":2,"minecraft:cobblestone":62,"minecraft:water_bucket":2,"minecraft:andesite":1,"minecraft:leather":12,"minecraft:tuff":4,"minecraft:gunpowder":2,"minecraft:blue_bed":4,"minecraft:dirt":79,"minecraft:lapis_lazuli":30,"minecraft:cooked_mutton":4,"minecraft:bone":13,"minecraft:raw_gold":25,"minecraft:stone_pickaxe":1,"minecraft:iron_ingot":1,"minecraft:oak_planks":4,"minecraft:cooked_porkchop":27,"minecraft:pumpkin":1,"minecraft:sweet_berries":24,"minecraft:gravel":7,"minecraft:spruce_sapling":1,"minecraft:spruce_log":37,"minecraft:spider_eye":4,"minecraft:diamond":26,"minecraft:coal":113},"minecraft:mined":{"minecraft:large_amethyst_bud":1,"minecraft:tuff":4,"minecraft:dark_oak_leaves":1,"minecraft:deepslate_diamond_ore":27,"minecraft:brewing_stand":3,"minecraft:spruce_trapdoor":4,"minecraft:budding_amethyst":1,"minecraft:grass_block":42,"minecraft:spruce_leaves":15,"minecraft:spawner":3,"minecraft:large_fern":1,"minecraft:hay_block":50,"minecraft:furnace":7,"minecraft:iron_ore":56,"minecraft:cobbled_deepslate":11,"minecraft:andesite":1,"minecraft:pumpkin":1,"minecraft:deepslate_lapis_ore":3,"minecraft:deepslate_iron_ore":23,"minecraft:rail":2,"minecraft:small_amethyst_bud":1,"minecraft:stone":55,"minecraft:crafting_table":5,"minecraft:torch":9,"minecraft:short_grass":11,"minecraft:lectern":1,"minecraft:tall_grass":5,"minecraft:cobblestone":7,"minecraft:lapis_ore":1,"minecraft:deepslate_gold_ore":25,"minecraft:sugar_cane":19,"minecraft:blue_bed":4,"minecraft:wall_torch":3,"minecraft:amethyst_block":12,"minecraft:sweet_berry_bush":12,"minecraft:spruce_log":39,"minecraft:birch_leaves":1,"minecraft:coal_ore":84,"minecraft:gravel":7,"minecraft:dirt":41,"minecraft:cobweb":15,"minecraft:oak_leaves":2,"minecraft:deepslate":69}},"DataVersion":3953}