{"stats":{"minecraft:dropped":{"minecraft:cooked_beef":17,"minecraft:crafting_table":2,"minecraft:cooked_porkchop":7,"minecraft:emerald":20,"minecraft:cobblestone_stairs":2,"minecraft:dirt":7,"minecraft:iron_pickaxe":1,"minecraft:gravel":2,"minecraft:stone_axe":1,"minecraft:blackstone":50,"minecraft:sugar_cane":15,"minecraft:ancient_debris":2,"minecraft:cobbled_deepslate":16,"minecraft:wheat":112,"minecraft:rotten_flesh":17,"minecraft:golden_shovel":1,"minecraft:white_bed":2,"minecraft:basalt":170,"minecraft:netherrack":5,"minecraft:iron_ingot":1,"minecraft:water_bucket":2,"minecraft:enchanted_book":6,"minecraft:cobblestone":2,"minecraft:book":48,"minecraft:coal":15,"minecraft:iron_shovel":1,"minecraft:paper":39,"minecraft:string":26,"minecraft:bucket":1,"minecraft:furnace":4,"minecraft:sweet_berries":24,"minecraft:stone_sword":1,"minecraft:tuff":4,"minecraft:raw_iron":29,"minecraft:stone_shovel":1,"minecraft:clay_ball":1,"minecraft:spruce_planks":3,"minecraft:diamond_pickaxe":1,"minecraft:oak_sapling":1,"minecraft:spruce_log":15,"minecraft:stone_pickaxe":2,"minecraft:wooden_pickaxe":1},"minecraft:used":{"minecraft:iron_shovel":504,"minecraft:spruce_slab":22,"minecraft:ladder":3,"minecraft:chest":11,"minecraft:shield":69,"minecraft:iron_sword":246,"minecraft:carrot":151,"minecraft:obsidian":41,"minecraft:spruce_boat":18,"minecraft:glass":10,"minecraft:lava_bucket":4,"minecraft:grass_block":1,"minecraft:furnace":10,"minecraft:egg":3,"minecraft:potato":131,"minecraft:stone_pickaxe":102,"minecraft:wooden_pickaxe":3,"minecraft:blue_bed":6,"minecraft:sugar_cane":45,"minecraft:sand":3,"minecraft:lever":2,"minecraft:bread":10,"minecraft:lectern":436,"minecraft:gravel":13,"minecraft:diamond_sword":6,"minecraft:andesite":1,"minecraft:oak_boat":6,"minecraft:oak_trapdoor":4,"minecraft:stone_sword":29,"minecraft:flint_and_steel":5,"minecraft:stone_shovel":15,"minecraft:spruce_planks":29,"minecraft:stone_hoe":166,"minecraft:cooked_chicken":1,"minecraft:netherrack":151,"minecraft:torch":105,"minecraft:dirt":1098,"minecraft:cobblestone_wall":1,"minecraft:bookshelf":18,"minecraft:iron_axe":1255,"minecraft:basalt":7,"minecraft:cooked_beef":1,"minecraft:cobbled_deepslate":73,"minecraft:cooked_mutton":17,"minecraft:water_bucket":68,"minecraft:cobblestone_stairs":3,"minecraft:fletching_table":10,"minecraft:mossy_cobblestone":1,"minecraft:rail":2,"minecraft:crafting_table":10,"minecraft:oak_log":13,"minecraft:piston":2,"minecraft:wooden_hoe":26,"minecraft:diamond_pickaxe":100,"minecraft:diamond_shovel":314,"minecraft:iron_pickaxe":1007,"minecraft:spruce_trapdoor":20,"minecraft:stone_axe":77,"minecraft:cobblestone":37,"minecraft:cooked_porkchop":56,"minecraft:bucket":73,"minecraft:pumpkin_pie":2},"minecraft:crafted":{"minecraft:oak_planks":2524,"minecraft:cooked_chicken":1,"minecraft:cobblestone_stairs":4,"minecraft:lever":1,"minecraft:diamond_shovel":1,"minecraft:bookshelf":21,"minecraft:cooked_mutton":13,"minecraft:glass":64,"minecraft:iron_boots":1,"minecraft:diamond_helmet":1,"minecraft:bow":1,"minecraft:diamond_leggings":1,"minecraft:chest":8,"minecraft:stone_hoe":3,"minecraft:oak_slab":12,"minecraft:emerald":207,"minecraft:cooked_porkchop":36,"minecraft:crafting_table":6,"minecraft:spruce_planks":268,"minecraft:wooden_pickaxe":1,"minecraft:iron_helmet":1,"minecraft:fletching_table":2,"minecraft:birch_planks":668,"minecraft:spruce_trapdoor":10,"minecraft:lectern":3,"minecraft:iron_chestplate":1,"minecraft:book":63,"minecraft:paper":435,"minecraft:diamond_pickaxe":1,"minecraft:shield":2,"minecraft:stick":6140,"minecraft:iron_ingot":64,"minecraft:iron_pickaxe":4,"minecraft:stone_sword":1,"minecraft:gold_ingot":24,"minecraft:stone_shovel":1,"minecraft:furnace":6,"minecraft:piston":1,"minecraft:oak_trapdoor":4,"minecraft:iron_axe":6,"minecraft:ladder":3,"minecraft:spruce_slab":36,"minecraft:stone_pickaxe":1,"minecraft:diamond_boots":1,"minecraft:spruce_boat":2,"minecraft:wheat":162,"minecraft:cooked_beef":59,"minecraft:diamond_sword":1,"minecraft:iron_sword":1,"minecraft:golden_shovel":1,"minecraft:bucket":1,"minecraft:stone_axe":1,"minecraft:enchanted_book":6,"minecraft:air":0,"minecraft:oak_boat":1,"minecraft:iron_shovel":2,"minecraft:iron_leggings":1,"minecraft:white_bed":1,"minecraft:torch":56,"minecraft:diamond_chestplate":1},"minecraft:custom":{"minecraft:animals_bred":26,"minecraft:interact_with_crafting_table":85,"minecraft:bell_ring":55,"minecraft:leave_game":13,"minecraft:time_since_death":494559,"minecraft:sprint_one_cm":1546561,"minecraft:damage_blocked_by_shield":3936,"minecraft:drop":67,"minecraft:talked_to_villager":622,"minecraft:play_time":494559,"minecraft:jump":7926,"minecraft:walk_on_water_one_cm":41612,"minecraft:enchant_item":5,"minecraft:interact_with_furnace":112,"minecraft:traded_with_villager":213,"minecraft:sleep_in_bed":24,"minecraft:damage_dealt":17525,"minecraft:crouch_one_cm":64196,"minecraft:mob_kills":126,"minecraft:interact_with_campfire":4,"minecraft:climb_one_cm":5698,"minecraft:walk_one_cm":990221,"minecraft:sneak_time":23952,"minecraft:walk_under_water_one_cm":37268,"minecraft:boat_one_cm":354802,"minecraft:total_world_time":494559,"minecraft:time_since_rest":13388,"minecraft:damage_taken":4137,"minecraft:swim_one_cm":77690,"minecraft:fly_one_cm":1702229,"minecraft:open_chest":327,"minecraft:fall_one_cm":113076},"minecraft:picked_up":{"minecraft:lead":4,"minecraft:enchanted_book":1,"minecraft:brewing_stand":6,"minecraft:golden_sword":1,"minecraft:amethyst_block":11,"minecraft:music_disc_cat":1,"minecraft:string":135,"minecraft:gold_nugget":2,"minecraft:cobbled_deepslate":97,"minecraft:spruce_planks":13,"minecraft:iron_pickaxe":1,"minecraft:furnace":8,"minecraft:stick":114,"minecraft:oak_fence":4,"minecraft:torch":23,"minecraft:porkchop":38,"minecraft:rotten_flesh":26,"minecraft:obsidian":44,"minecraft:cobblestone":75,"minecraft:birch_log":162,"minecraft:water_bucket":3,"minecraft:andesite":1,"minecraft:potato":200,"minecraft:flint":4,"minecraft:tuff":4,"minecraft:dirt":1033,"minecraft:map":1,"minecraft:lapis_lazuli":60,"minecraft:name_tag":4,"minecraft:bone":38,"minecraft:wheat_seeds":4,"minecraft:raw_gold":50,"minecraft:fletching_table":8,"minecraft:oak_planks":4,"minecraft:cooked_porkchop":27,"minecraft:music_disc_13":1,"minecraft:sand":14,"minecraft:grass_block":1,"minecraft:mossy_cobblestone":1,"minecraft:diamond":60,"minecraft:spruce_boat":16,"minecraft:lever":1,"minecraft:golden_apple":3,"minecraft:emerald":8,"minecraft:oak_sapling":128,"minecraft:netherrack":319,"minecraft:diamond_pickaxe":1,"minecraft:charcoal":2,"minecraft:crafting_table":6,"minecraft:chicken":1,"minecraft:ladder":15,"minecraft:clay_ball":1,"minecraft:diamond_horse_armor":1,"minecraft:oak_trapdoor":3,"minecraft:iron_shovel":1,"minecraft:blackstone":50,"minecraft:beef":61,"minecraft:oak_boat":5,"minecraft:poppy":2,"minecraft:spruce_slab":9,"minecraft:lectern":433,"minecraft:sugar_cane":541,"minecraft:chest":3,"minecraft:birch_sapling":13,"minecraft:spruce_trapdoor":14,"minecraft:piston":1,"minecraft:raw_iron":77,"minecraft:carrot":248,"minecraft:arrow":23,"minecraft:hay_block":100,"minecraft:saddle":1,"minecraft:gold_ingot":6,"minecraft:mutton":17,"minecraft:white_wool":26,"minecraft:rail":2,"minecraft:basalt":300,"minecraft:leather":71,"minecraft:oak_log":502,"minecraft:ancient_debris":2,"minecraft:gunpowder":38,"minecraft:cobblestone_wall":1,"minecraft:cobblestone_stairs":1,"minecraft:blue_bed":6,"minecraft:paper":6,"minecraft:cooked_mutton":4,"minecraft:apple":15,"minecraft:iron_ingot":3,"minecraft:stone_pickaxe":1,"minecraft:book":10,"minecraft:pumpkin":2,"minecraft:sweet_berries":24,"minecraft:quartz":15,"minecraft:dandelion":2,"minecraft:gravel":22,"minecraft:spruce_sapling":2,"minecraft:white_bed":1,"minecraft:spruce_log":77,"minecraft:spider_eye":8,"minecraft:melon_seeds":13,"minecraft:coal":139,"minecraft:ender_pearl":1},"minecraft:broken":{"minecraft:iron_shovel":2,"minecraft:iron_sword":1,"minecraft:shield":1,"minecraft:iron_axe":3,"minecraft:iron_pickaxe":4},"minecraft:killed":{"minecraft:cave_spider":7,"minecraft:zombified_piglin":2,"minecraft:spider":6,"minecraft:skeleton":19,"minecraft:chicken":1,"minecraft:pig":18,"minecraft:creeper":1,"minecraft:sheep":12,"minecraft:trader_llama":3,"minecraft:zombie":17,"minecraft:cow":31,"minecraft:drowned":3,"minecraft:wandering_trader":2,"minecraft:enderman":1},"minecraft:mined":{"minecraft:large_amethyst_bud":1,"minecraft:spruce_planks":5,"minecraft:oak_sapling":4,"minecraft:farmland":1,"minecraft:cobblestone_stairs":1,"minecraft:brewing_stand":3,"minecraft:obsidian":31,"minecraft:spruce_trapdoor":10,"minecraft:budding_amethyst":1,"minecraft:grass_block":282,"minecraft:spawner":3,"minecraft:iron_ore":56,"minecraft:cobbled_deepslate":15,"minecraft:fire":1,"minecraft:pumpkin":1,"minecraft:fletching_table":8,"minecraft:deepslate_lapis_ore":3,"minecraft:dirt_path":197,"minecraft:small_amethyst_bud":1,"minecraft:spruce_slab":9,"minecraft:piston_head":1,"minecraft:blackstone":47,"minecraft:torch":16,"minecraft:chest":3,"minecraft:nether_quartz_ore":12,"minecraft:glass":4,"minecraft:cobblestone":17,"minecraft:sugar_cane":325,"minecraft:wall_torch":4,"minecraft:amethyst_block":12,"minecraft:birch_log":162,"minecraft:oak_log":504,"minecraft:sand":14,"minecraft:dirt":401,"minecraft:netherrack":350,"minecraft:oak_leaves":114,"minecraft:deepslate":72,"minecraft:tuff":4,"minecraft:mossy_cobblestone":1,"minecraft:dark_oak_leaves":1,"minecraft:deepslate_diamond_ore":33,"minecraft:lever":1,"minecraft:spruce_leaves":29,"minecraft:large_fern":10,"minecraft:hay_block":50,"minecraft:oak_trapdoor":4,"minecraft:furnace":7,"minecraft:carrots":78,"minecraft:andesite":1,"minecraft:bookshelf":3,"minecraft:potatoes":51,"minecraft:deepslate_iron_ore":23,"minecraft:rail":2,"minecraft:stone":61,"minecraft:basalt":330,"minecraft:crafting_table":6,"minecraft:short_grass":26,"minecraft:lectern":433,"minecraft:campfire":1,"minecraft:tall_grass":5,"minecraft:lapis_ore":1,"minecraft:deepslate_gold_ore":25,"minecraft:blue_bed":6,"minecraft:cobblestone_wall":1,"minecraft:sweet_berry_bush":12,"minecraft:spruce_log":83,"minecraft:birch_leaves":2,"minecraft:coal_ore":84,"minecraft:gravel":26,"minecraft:cobweb":15,"minecraft:fern":1}},"DataVersion":3953}