{"stats":{"minecraft:killed_by":{"minecraft:magma_cube":1},"minecraft:dropped":{"minecraft:guster_pottery_sherd":2,"minecraft:moss_block":44,"minecraft:cooked_beef":19,"minecraft:oak_log":5,"minecraft:baked_potato":58,"minecraft:glass_bottle":13,"minecraft:diamond":4,"minecraft:crafting_table":2,"minecraft:cooked_porkchop":7,"minecraft:decorated_pot":12,"minecraft:cobblestone_stairs":2,"minecraft:red_mushroom":1,"minecraft:emerald":27,"minecraft:music_disc_13":4,"minecraft:flint":1,"minecraft:dirt":10,"minecraft:bone_meal":4,"minecraft:sand":3,"minecraft:bolt_armor_trim_smithing_template":1,"minecraft:iron_pickaxe":2,"minecraft:white_wool":2,"minecraft:gold_ingot":3,"minecraft:bone":3,"minecraft:gravel":8,"minecraft:blackstone":50,"minecraft:stone_axe":1,"minecraft:compass":13,"minecraft:sugar_cane":16,"minecraft:ancient_debris":2,"minecraft:cobbled_deepslate":143,"minecraft:wheat":112,"minecraft:rotten_flesh":42,"minecraft:golden_shovel":1,"minecraft:nether_brick_fence":4,"minecraft:honey_bottle":5,"minecraft:white_bed":3,"minecraft:waxed_copper_block":2,"minecraft:carrot":285,"minecraft:tipped_arrow":28,"minecraft:trident":1,"minecraft:azalea":2,"minecraft:spruce_slab":1,"minecraft:iron_bars":1,"minecraft:basalt":170,"minecraft:arrow":200,"minecraft:beef":24,"minecraft:podzol":11,"minecraft:quartz":221,"minecraft:netherrack":598,"minecraft:stone_hoe":1,"minecraft:enchanted_book":10,"minecraft:water_bucket":4,"minecraft:iron_ingot":17,"minecraft:oak_slab":4,"minecraft:wheat_seeds":6,"minecraft:cobbled_deepslate_stairs":1,"minecraft:mossy_cobblestone":1,"minecraft:poisonous_potato":5,"minecraft:iron_helmet":1,"minecraft:cobblestone":2,"minecraft:book":51,"minecraft:granite":1,"minecraft:coal":15,"minecraft:grass_block":2,"minecraft:stick":139,"minecraft:diorite":6,"minecraft:golden_carrot":5,"minecraft:wooden_hoe":1,"minecraft:melon_slice":4,"minecraft:iron_axe":1,"minecraft:iron_shovel":1,"minecraft:paper":39,"minecraft:string":37,"minecraft:bucket":1,"minecraft:spruce_sapling":5,"minecraft:furnace":4,"minecraft:blue_terracotta":2,"minecraft:moss_carpet":3,"minecraft:tuff_bricks":12,"minecraft:sweet_berries":24,"minecraft:flow_pottery_sherd":1,"minecraft:stone_sword":1,"minecraft:bowl":1,"minecraft:tuff":21,"minecraft:raw_iron":29,"minecraft:stone_shovel":1,"minecraft:white_carpet":3,"minecraft:clay_ball":1,"minecraft:iron_boots":1,"minecraft:nether_bricks":1,"minecraft:red_terracotta":2,"minecraft:suspicious_stew":5,"minecraft:copper_ore":5,"minecraft:diamond_sword":1,"minecraft:stone":23,"minecraft:mud_bricks":1,"minecraft:spruce_planks":24,"minecraft:diamond_pickaxe":1,"minecraft:iron_chestplate":1,"minecraft:andesite":6,"minecraft:oak_sapling":1,"minecraft:golden_sword":2,"minecraft:spider_eye":3,"minecraft:spruce_log":18,"minecraft:diamond_boots":1,"minecraft:bow":6,"minecraft:stone_pickaxe":2,"minecraft:wooden_pickaxe":1,"minecraft:brick":4},"minecraft:crafted":{"minecraft:oak_planks":2584,"minecraft:cobblestone_slab":6,"minecraft:cooked_chicken":1,"minecraft:cobblestone_stairs":4,"minecraft:lever":1,"minecraft:diamond_shovel":2,"minecraft:bookshelf":25,"minecraft:suspicious_stew":6,"minecraft:cooked_mutton":13,"minecraft:glass":172,"minecraft:hopper":1,"minecraft:diamond_helmet":1,"minecraft:bow":4,"minecraft:diamond_leggings":1,"minecraft:iron_boots":3,"minecraft:melon_seeds":50,"minecraft:chest":11,"minecraft:stone_hoe":3,"minecraft:glass_bottle":147,"minecraft:oak_slab":24,"minecraft:emerald":1018,"minecraft:cooked_porkchop":36,"minecraft:diamond_axe":1,"minecraft:crafting_table":10,"minecraft:spruce_planks":8836,"minecraft:iron_helmet":3,"minecraft:wooden_pickaxe":1,"minecraft:baked_potato":88,"minecraft:fletching_table":2,"minecraft:birch_planks":668,"minecraft:spruce_trapdoor":20,"minecraft:lectern":3,"minecraft:iron_chestplate":2,"minecraft:book":91,"minecraft:wooden_hoe":1,"minecraft:paper":1485,"minecraft:diamond_pickaxe":3,"minecraft:shield":4,"minecraft:stick":23232,"minecraft:compass":13,"minecraft:iron_ingot":64,"minecraft:iron_pickaxe":10,"minecraft:iron_block":6,"minecraft:stone_sword":1,"minecraft:gold_ingot":24,"minecraft:composter":6,"minecraft:shears":1,"minecraft:golden_carrot":216,"minecraft:stone_shovel":1,"minecraft:diamond_hoe":1,"minecraft:experience_bottle":149,"minecraft:furnace":7,"minecraft:piston":1,"minecraft:bone_meal":141,"minecraft:white_carpet":3,"minecraft:oak_trapdoor":4,"minecraft:lantern":18,"minecraft:diamond":9,"minecraft:iron_axe":9,"minecraft:ladder":3,"minecraft:spruce_slab":108,"minecraft:stone_pickaxe":1,"minecraft:diamond_boots":2,"minecraft:cobbled_deepslate_stairs":4,"minecraft:spruce_boat":2,"minecraft:golden_helmet":2,"minecraft:wheat":252,"minecraft:cooked_beef":59,"minecraft:diamond_sword":4,"minecraft:iron_sword":3,"minecraft:golden_shovel":1,"minecraft:bucket":2,"minecraft:stone_axe":1,"minecraft:glowstone":8,"minecraft:enchanted_book":26,"minecraft:air":0,"minecraft:oak_boat":3,"minecraft:iron_shovel":3,"minecraft:iron_leggings":2,"minecraft:anvil":2,"minecraft:white_bed":17,"minecraft:pumpkin_pie":40,"minecraft:torch":88,"minecraft:lapis_lazuli":10,"minecraft:diamond_chestplate":1},"minecraft:used":{"minecraft:tuff_bricks":7,"minecraft:iron_shovel":754,"minecraft:oak_sign":2,"minecraft:shield":105,"minecraft:spruce_slab":136,"minecraft:ladder":23,"minecraft:diamond_hoe":101,"minecraft:chest":16,"minecraft:decorated_pot":2,"minecraft:iron_sword":786,"minecraft:stone":400,"minecraft:bell":1,"minecraft:soul_sand":1,"minecraft:carrot":538,"minecraft:obsidian":41,"minecraft:spruce_boat":18,"minecraft:glass":23,"minecraft:waxed_oxidized_copper":2,"minecraft:lava_bucket":4,"minecraft:coal_ore":2,"minecraft:grass_block":26,"minecraft:lantern":1,"minecraft:bow":20,"minecraft:furnace":12,"minecraft:egg":4,"minecraft:potato":473,"minecraft:spruce_door":1,"minecraft:diamond_boots":1,"minecraft:stone_pickaxe":102,"minecraft:blackstone":3,"minecraft:wooden_pickaxe":3,"minecraft:sugar_cane":45,"minecraft:diamond_axe":1797,"minecraft:composter":55,"minecraft:blue_bed":9,"minecraft:sand":3,"minecraft:cobbled_deepslate_stairs":4,"minecraft:polished_tuff":2,"minecraft:lever":2,"minecraft:bread":35,"minecraft:lectern":439,"minecraft:deepslate":28,"minecraft:gravel":15,"minecraft:golden_helmet":1,"minecraft:diamond_sword":165,"minecraft:nether_wart_block":4,"minecraft:andesite":7,"minecraft:oak_boat":22,"minecraft:bone_meal":137,"minecraft:oak_trapdoor":4,"minecraft:experience_bottle":149,"minecraft:trident":167,"minecraft:stone_sword":29,"minecraft:flint_and_steel":5,"minecraft:stone_shovel":15,"minecraft:spruce_planks":103,"minecraft:trial_key":11,"minecraft:stone_hoe":166,"minecraft:cooked_chicken":3,"minecraft:netherrack":2275,"minecraft:torch":132,"minecraft:brewing_stand":1,"minecraft:dirt":2161,"minecraft:anvil":2,"minecraft:hopper":3,"minecraft:cobblestone_wall":1,"minecraft:granite":4,"minecraft:spruce_fence":4,"minecraft:bookshelf":22,"minecraft:iron_axe":1825,"minecraft:iron_boots":1,"minecraft:melon_seeds":63,"minecraft:basalt":12,"minecraft:golden_carrot":24,"minecraft:cooked_beef":41,"minecraft:cobbled_deepslate":291,"minecraft:cooked_mutton":19,"minecraft:water_bucket":179,"minecraft:cobblestone_stairs":4,"minecraft:baked_potato":115,"minecraft:waxed_oxidized_cut_copper":1,"minecraft:cobblestone_slab":6,"minecraft:fletching_table":10,"minecraft:waxed_copper_block":2,"minecraft:mossy_cobblestone":1,"minecraft:rail":2,"minecraft:crafting_table":14,"minecraft:birch_sign":2,"minecraft:white_bed":18,"minecraft:spruce_log":2,"minecraft:oak_log":40,"minecraft:piston":2,"minecraft:wooden_hoe":27,"minecraft:ominous_trial_key":1,"minecraft:diamond_pickaxe":26518,"minecraft:diamond_shovel":1116,"minecraft:iron_pickaxe":2870,"minecraft:suspicious_stew":1,"minecraft:spruce_trapdoor":39,"minecraft:spruce_sapling":103,"minecraft:stone_axe":77,"minecraft:cobblestone":112,"minecraft:potion":2,"minecraft:white_banner":1,"minecraft:cooked_porkchop":56,"minecraft:bucket":185,"minecraft:pumpkin_pie":43,"minecraft:kelp":25},"minecraft:custom":{"minecraft:animals_bred":77,"minecraft:interact_with_crafting_table":165,"minecraft:open_barrel":1,"minecraft:bell_ring":63,"minecraft:leave_game":35,"minecraft:time_since_death":930425,"minecraft:sprint_one_cm":4118099,"minecraft:damage_blocked_by_shield":5114,"minecraft:drop":248,"minecraft:talked_to_villager":895,"minecraft:play_time":1487272,"minecraft:deaths":2,"minecraft:jump":22319,"minecraft:walk_on_water_one_cm":183555,"minecraft:enchant_item":51,"minecraft:interact_with_furnace":157,"minecraft:play_record":1,"minecraft:traded_with_villager":1361,"minecraft:sleep_in_bed":54,"minecraft:damage_dealt":44384,"minecraft:crouch_one_cm":210818,"minecraft:inspect_dispenser":5,"minecraft:interact_with_anvil":28,"minecraft:mob_kills":745,"minecraft:inspect_hopper":4,"minecraft:interact_with_campfire":4,"minecraft:climb_one_cm":20781,"minecraft:walk_one_cm":3565986,"minecraft:raid_win":1,"minecraft:sneak_time":76520,"minecraft:walk_under_water_one_cm":298439,"minecraft:boat_one_cm":541541,"minecraft:total_world_time":1487272,"minecraft:interact_with_grindstone":17,"minecraft:time_since_rest":143584,"minecraft:damage_taken":14943,"minecraft:swim_one_cm":282702,"minecraft:fly_one_cm":5010116,"minecraft:open_chest":1167,"minecraft:fall_one_cm":405297},"minecraft:picked_up":{"minecraft:nether_brick_fence":4,"minecraft:lead":17,"minecraft:diamond_sword":1,"minecraft:potion":4,"minecraft:enchanted_book":4,"minecraft:brewing_stand":6,"minecraft:golden_sword":3,"minecraft:amethyst_block":11,"minecraft:music_disc_cat":1,"minecraft:string":149,"minecraft:gold_nugget":674,"minecraft:cobbled_deepslate":405,"minecraft:spruce_planks":72,"minecraft:trial_key":11,"minecraft:azalea":2,"minecraft:iron_pickaxe":1,"minecraft:melon_slice":54,"minecraft:furnace":9,"minecraft:tipped_arrow":28,"minecraft:stick":335,"minecraft:composter":49,"minecraft:oak_fence":4,"minecraft:torch":54,"minecraft:porkchop":38,"minecraft:diorite":7,"minecraft:honey_bottle":5,"minecraft:rotten_flesh":410,"minecraft:obsidian":44,"minecraft:iron_bars":1,"minecraft:cobblestone":217,"minecraft:birch_log":162,"minecraft:magma_block":11,"minecraft:feather":1,"minecraft:cooked_beef":58,"minecraft:magma_cream":1,"minecraft:water_bucket":4,"minecraft:andesite":13,"minecraft:golden_leggings":1,"minecraft:potato":1314,"minecraft:flint":8,"minecraft:tuff":21,"minecraft:map":1,"minecraft:lapis_lazuli":155,"minecraft:dirt":1585,"minecraft:lantern":1,"minecraft:name_tag":4,"minecraft:bone":189,"minecraft:bow":8,"minecraft:wheat_seeds":10,"minecraft:raw_gold":87,"minecraft:bell":1,"minecraft:bolt_armor_trim_smithing_template":1,"minecraft:fletching_table":8,"minecraft:moss_block":44,"minecraft:oak_planks":4,"minecraft:cooked_porkchop":27,"minecraft:music_disc_13":4,"minecraft:poisonous_potato":5,"minecraft:sand":17,"minecraft:melon":69,"minecraft:grass_block":28,"minecraft:diamond_block":1,"minecraft:red_terracotta":2,"minecraft:mossy_cobblestone":31,"minecraft:blue_terracotta":2,"minecraft:diamond":94,"minecraft:deepslate":28,"minecraft:spruce_boat":16,"minecraft:lever":1,"minecraft:granite":5,"minecraft:breeze_rod":14,"minecraft:golden_apple":3,"minecraft:emerald":88,"minecraft:golden_horse_armor":1,"minecraft:bread":25,"minecraft:oak_sapling":128,"minecraft:netherrack":2504,"minecraft:ominous_trial_key":1,"minecraft:diamond_pickaxe":1,"minecraft:charcoal":2,"minecraft:waxed_oxidized_cut_copper":1,"minecraft:crafting_table":6,"minecraft:chicken":5,"minecraft:ominous_bottle":3,"minecraft:ladder":33,"minecraft:clay_ball":9,"minecraft:diamond_horse_armor":1,"minecraft:brick":25,"minecraft:wind_charge":26,"minecraft:oak_trapdoor":3,"minecraft:moss_carpet":3,"minecraft:iron_shovel":1,"minecraft:blackstone":547,"minecraft:beef":85,"minecraft:oak_boat":20,"minecraft:poppy":2,"minecraft:spruce_slab":71,"minecraft:lectern":436,"minecraft:guster_pottery_sherd":2,"minecraft:sugar_cane":1514,"minecraft:chest":6,"minecraft:birch_sapling":13,"minecraft:spruce_trapdoor":24,"minecraft:piston":1,"minecraft:waxed_oxidized_copper":2,"minecraft:copper_ore":5,"minecraft:egg":1,"minecraft:raw_iron":91,"minecraft:stone":423,"minecraft:spruce_fence":2,"minecraft:flow_pottery_sherd":1,"minecraft:trident":2,"minecraft:carrot":1729,"minecraft:redstone":5,"minecraft:music_disc_creator_music_box":2,"minecraft:arrow":226,"minecraft:diamond_chestplate":1,"minecraft:decorated_pot":14,"minecraft:pumpkin_pie":1,"minecraft:nether_bricks":2,"minecraft:hay_block":100,"minecraft:saddle":2,"minecraft:gold_ingot":9,"minecraft:tuff_bricks":19,"minecraft:mutton":17,"minecraft:rail":7,"minecraft:white_wool":99,"minecraft:mud_bricks":1,"minecraft:basalt":306,"minecraft:golden_carrot":5,"minecraft:leather":152,"minecraft:red_mushroom":3,"minecraft:oak_log":531,"minecraft:waxed_copper_block":4,"minecraft:ancient_debris":30,"minecraft:cobblestone_wall":1,"minecraft:nether_wart_block":4,"minecraft:cobbled_deepslate_stairs":1,"minecraft:gunpowder":41,"minecraft:cobblestone_stairs":2,"minecraft:blue_bed":9,"minecraft:paper":6,"minecraft:white_banner":1,"minecraft:cooked_mutton":6,"minecraft:podzol":11,"minecraft:apple":15,"minecraft:kelp":87,"minecraft:iron_ingot":53,"minecraft:stone_pickaxe":1,"minecraft:cooked_chicken":2,"minecraft:book":23,"minecraft:pumpkin":2,"minecraft:sweet_berries":24,"minecraft:quartz":939,"minecraft:dandelion":2,"minecraft:gravel":94,"minecraft:spruce_sapling":119,"minecraft:white_bed":4,"minecraft:spruce_log":2224,"minecraft:spruce_door":2,"minecraft:spider_eye":11,"minecraft:polished_tuff":2,"minecraft:coal_ore":2,"minecraft:slime_ball":60,"minecraft:baked_potato":18,"minecraft:melon_seeds":13,"minecraft:coal":165,"minecraft:hopper":2,"minecraft:ender_pearl":1},"minecraft:broken":{"minecraft:iron_shovel":3,"minecraft:iron_boots":1,"minecraft:iron_leggings":1,"minecraft:iron_sword":2,"minecraft:shield":1,"minecraft:iron_axe":5,"minecraft:iron_pickaxe":9,"minecraft:iron_helmet":1},"minecraft:killed":{"minecraft:cave_spider":13,"minecraft:zombified_piglin":2,"minecraft:witch":1,"minecraft:spider":8,"minecraft:skeleton":44,"minecraft:chicken":3,"minecraft:silverfish":14,"minecraft:magma_cube":30,"minecraft:piglin":5,"minecraft:pig":18,"minecraft:creeper":2,"minecraft:sheep":14,"minecraft:trader_llama":3,"minecraft:pillager":2,"minecraft:zombie":302,"minecraft:ghast":6,"minecraft:stray":42,"minecraft:cow":37,"minecraft:slime":28,"minecraft:drowned":7,"minecraft:husk":5,"minecraft:wandering_trader":2,"minecraft:breeze":4,"minecraft:villager":1,"minecraft:enderman":1},"minecraft:mined":{"minecraft:large_amethyst_bud":1,"minecraft:spruce_planks":64,"minecraft:oak_sapling":4,"minecraft:white_bed":2,"minecraft:farmland":3,"minecraft:cobblestone_stairs":2,"minecraft:brewing_stand":3,"minecraft:obsidian":31,"minecraft:spruce_trapdoor":20,"minecraft:cave_vines_plant":1,"minecraft:granite":5,"minecraft:budding_amethyst":1,"minecraft:grass_block":346,"minecraft:chiseled_tuff_bricks":1,"minecraft:mud_bricks":1,"minecraft:composter":49,"minecraft:hopper":2,"minecraft:spawner":3,"minecraft:tuff_bricks":20,"minecraft:tall_seagrass":4,"minecraft:magma_block":11,"minecraft:iron_ore":63,"minecraft:fire":43,"minecraft:cobbled_deepslate":89,"minecraft:polished_tuff":2,"minecraft:moss_carpet":1,"minecraft:pumpkin":1,"minecraft:deepslate_lapis_ore":8,"minecraft:fletching_table":8,"minecraft:flowering_azalea_leaves":3,"minecraft:cave_vines":1,"minecraft:dirt_path":313,"minecraft:small_amethyst_bud":1,"minecraft:azalea_leaves":2,"minecraft:azalea":2,"minecraft:spruce_slab":70,"minecraft:piston_head":1,"minecraft:deepslate_redstone_ore":1,"minecraft:quartz_block":1,"minecraft:blackstone":641,"minecraft:kelp_plant":68,"minecraft:crimson_nylium":5,"minecraft:clay":2,"minecraft:torch":26,"minecraft:melon":83,"minecraft:chest":6,"minecraft:glass":7,"minecraft:cobblestone":118,"minecraft:nether_quartz_ore":1978,"minecraft:sugar_cane":962,"minecraft:waxed_chiseled_copper":1,"minecraft:wall_torch":11,"minecraft:amethyst_block":12,"minecraft:waxed_copper_bulb":1,"minecraft:red_candle":2,"minecraft:blue_terracotta":3,"minecraft:nether_wart_block":4,"minecraft:birch_log":162,"minecraft:light_gray_stained_glass":4,"minecraft:waxed_copper_block":6,"minecraft:oak_log":528,"minecraft:waxed_oxidized_copper":2,"minecraft:dirt":805,"minecraft:sand":18,"minecraft:ancient_debris":29,"minecraft:netherrack":24516,"minecraft:oak_leaves":115,"minecraft:deepslate":371,"minecraft:nether_gold_ore":83,"minecraft:tuff":28,"minecraft:mossy_cobblestone":31,"minecraft:dark_oak_leaves":1,"minecraft:deepslate_diamond_ore":66,"minecraft:lever":1,"minecraft:ladder":18,"minecraft:spruce_fence":2,"minecraft:decorated_pot":36,"minecraft:kelp":4,"minecraft:spruce_leaves":143,"minecraft:red_mushroom":1,"minecraft:moss_block":44,"minecraft:large_fern":10,"minecraft:hay_block":50,"minecraft:oak_trapdoor":4,"minecraft:waxed_oxidized_cut_copper":1,"minecraft:spruce_sapling":3,"minecraft:furnace":8,"minecraft:carrots":464,"minecraft:andesite":13,"minecraft:chiseled_tuff":2,"minecraft:bell":1,"minecraft:nether_brick_fence":2,"minecraft:bookshelf":7,"minecraft:potatoes":397,"minecraft:deepslate_iron_ore":31,"minecraft:rail":7,"minecraft:lantern":1,"minecraft:stone":544,"minecraft:white_wool":1,"minecraft:podzol":13,"minecraft:soul_sand":1,"minecraft:basalt":344,"minecraft:spruce_door":2,"minecraft:crafting_table":6,"minecraft:short_grass":44,"minecraft:campfire":1,"minecraft:lectern":436,"minecraft:copper_ore":5,"minecraft:tall_grass":9,"minecraft:lapis_ore":1,"minecraft:deepslate_gold_ore":62,"minecraft:diorite":7,"minecraft:blue_bed":7,"minecraft:red_terracotta":1,"minecraft:cobblestone_wall":1,"minecraft:waxed_oxidized_copper_grate":1,"minecraft:sweet_berry_bush":13,"minecraft:spruce_log":2230,"minecraft:birch_leaves":2,"minecraft:coal_ore":110,"minecraft:gravel":582,"minecraft:cobweb":22,"minecraft:fern":3}},"DataVersion":3953}