{"stats":{"minecraft:dropped":{"minecraft:enchanted_book":6,"minecraft:water_bucket":2,"minecraft:iron_ingot":1,"minecraft:cooked_beef":17,"minecraft:crafting_table":2,"minecraft:cooked_porkchop":7,"minecraft:book":1,"minecraft:coal":5,"minecraft:emerald":20,"minecraft:dirt":7,"minecraft:iron_pickaxe":1,"minecraft:paper":39,"minecraft:iron_shovel":1,"minecraft:string":26,"minecraft:bucket":1,"minecraft:gravel":1,"minecraft:furnace":4,"minecraft:stone_axe":1,"minecraft:sweet_berries":24,"minecraft:sugar_cane":15,"minecraft:ancient_debris":2,"minecraft:stone_sword":1,"minecraft:cobbled_deepslate":14,"minecraft:tuff":4,"minecraft:stone_shovel":1,"minecraft:raw_iron":29,"minecraft:rotten_flesh":17,"minecraft:clay_ball":1,"minecraft:white_bed":2,"minecraft:spruce_planks":3,"minecraft:diamond_pickaxe":1,"minecraft:oak_sapling":1,"minecraft:spruce_log":15,"minecraft:stone_pickaxe":2,"minecraft:wooden_pickaxe":1},"minecraft:broken":{"minecraft:iron_shovel":1,"minecraft:shield":1,"minecraft:iron_axe":3,"minecraft:iron_pickaxe":1},"minecraft:used":{"minecraft:oak_trapdoor":4,"minecraft:stone_sword":29,"minecraft:iron_shovel":444,"minecraft:stone_shovel":15,"minecraft:ladder":3,"minecraft:chest":11,"minecraft:spruce_planks":12,"minecraft:shield":69,"minecraft:iron_sword":217,"minecraft:stone_hoe":166,"minecraft:cooked_chicken":1,"minecraft:torch":105,"minecraft:dirt":877,"minecraft:cobblestone_wall":1,"minecraft:carrot":151,"minecraft:spruce_boat":13,"minecraft:iron_axe":1070,"minecraft:furnace":10,"minecraft:egg":3,"minecraft:potato":14,"minecraft:cobbled_deepslate":69,"minecraft:cooked_mutton":17,"minecraft:water_bucket":60,"minecraft:cobblestone_stairs":3,"minecraft:sugar_cane":33,"minecraft:stone_pickaxe":102,"minecraft:blue_bed":6,"minecraft:wooden_pickaxe":3,"minecraft:fletching_table":8,"minecraft:mossy_cobblestone":1,"minecraft:sand":3,"minecraft:rail":2,"minecraft:crafting_table":9,"minecraft:piston":1,"minecraft:wooden_hoe":26,"minecraft:lever":1,"minecraft:bread":10,"minecraft:iron_pickaxe":321,"minecraft:lectern":436,"minecraft:spruce_trapdoor":14,"minecraft:gravel":13,"minecraft:stone_axe":77,"minecraft:cobblestone":37,"minecraft:cooked_porkchop":42,"minecraft:andesite":1,"minecraft:bucket":61,"minecraft:pumpkin_pie":2,"minecraft:oak_boat":2},"minecraft:custom":{"minecraft:mob_kills":96,"minecraft:animals_bred":14,"minecraft:interact_with_crafting_table":66,"minecraft:interact_with_campfire":4,"minecraft:bell_ring":55,"minecraft:leave_game":6,"minecraft:time_since_death":369063,"minecraft:climb_one_cm":1832,"minecraft:sprint_one_cm":1213331,"minecraft:walk_one_cm":688356,"minecraft:damage_blocked_by_shield":3936,"minecraft:drop":50,"minecraft:talked_to_villager":605,"minecraft:play_time":369063,"minecraft:sneak_time":16889,"minecraft:walk_under_water_one_cm":34529,"minecraft:boat_one_cm":284509,"minecraft:jump":5819,"minecraft:walk_on_water_one_cm":33107,"minecraft:total_world_time":369063,"minecraft:interact_with_furnace":78,"minecraft:traded_with_villager":166,"minecraft:sleep_in_bed":19,"minecraft:time_since_rest":5872,"minecraft:damage_taken":3529,"minecraft:damage_dealt":13469,"minecraft:swim_one_cm":72455,"minecraft:fly_one_cm":1184600,"minecraft:open_chest":249,"minecraft:crouch_one_cm":43248,"minecraft:fall_one_cm":87704},"minecraft:mined":{"minecraft:large_amethyst_bud":1,"minecraft:tuff":4,"minecraft:spruce_planks":3,"minecraft:oak_sapling":4,"minecraft:farmland":1,"minecraft:mossy_cobblestone":1,"minecraft:dark_oak_leaves":1,"minecraft:deepslate_diamond_ore":27,"minecraft:cobblestone_stairs":1,"minecraft:brewing_stand":3,"minecraft:spruce_trapdoor":6,"minecraft:budding_amethyst":1,"minecraft:grass_block":223,"minecraft:spruce_leaves":22,"minecraft:spawner":3,"minecraft:large_fern":8,"minecraft:hay_block":50,"minecraft:oak_trapdoor":4,"minecraft:carrots":78,"minecraft:furnace":7,"minecraft:iron_ore":56,"minecraft:cobbled_deepslate":11,"minecraft:andesite":1,"minecraft:pumpkin":1,"minecraft:deepslate_lapis_ore":3,"minecraft:fletching_table":6,"minecraft:potatoes":2,"minecraft:dirt_path":69,"minecraft:deepslate_iron_ore":23,"minecraft:rail":2,"minecraft:small_amethyst_bud":1,"minecraft:stone":59,"minecraft:torch":16,"minecraft:crafting_table":6,"minecraft:short_grass":22,"minecraft:chest":3,"minecraft:campfire":1,"minecraft:lectern":433,"minecraft:tall_grass":5,"minecraft:cobblestone":17,"minecraft:deepslate_gold_ore":25,"minecraft:lapis_ore":1,"minecraft:sugar_cane":212,"minecraft:blue_bed":6,"minecraft:wall_torch":4,"minecraft:amethyst_block":12,"minecraft:cobblestone_wall":1,"minecraft:birch_log":155,"minecraft:sweet_berry_bush":12,"minecraft:spruce_log":62,"minecraft:birch_leaves":2,"minecraft:coal_ore":84,"minecraft:oak_log":395,"minecraft:gravel":25,"minecraft:dirt":187,"minecraft:sand":14,"minecraft:cobweb":15,"minecraft:oak_leaves":68,"minecraft:deepslate":69},"minecraft:picked_up":{"minecraft:charcoal":2,"minecraft:crafting_table":6,"minecraft:chicken":1,"minecraft:clay_ball":1,"minecraft:lead":4,"minecraft:enchanted_book":1,"minecraft:diamond_horse_armor":1,"minecraft:brewing_stand":6,"minecraft:golden_sword":1,"minecraft:amethyst_block":11,"minecraft:music_disc_cat":1,"minecraft:string":134,"minecraft:oak_trapdoor":3,"minecraft:iron_shovel":1,"minecraft:gold_nugget":1,"minecraft:cobbled_deepslate":91,"minecraft:spruce_planks":11,"minecraft:beef":22,"minecraft:oak_boat":1,"minecraft:poppy":2,"minecraft:iron_pickaxe":1,"minecraft:lectern":433,"minecraft:sugar_cane":366,"minecraft:chest":3,"minecraft:birch_sapling":12,"minecraft:spruce_trapdoor":10,"minecraft:furnace":8,"minecraft:stick":97,"minecraft:raw_iron":77,"minecraft:oak_fence":4,"minecraft:torch":21,"minecraft:porkchop":38,"minecraft:carrot":248,"minecraft:arrow":20,"minecraft:rotten_flesh":20,"minecraft:hay_block":100,"minecraft:saddle":1,"minecraft:gold_ingot":6,"minecraft:mutton":17,"minecraft:rail":2,"minecraft:white_wool":26,"minecraft:cobblestone":73,"minecraft:birch_log":155,"minecraft:water_bucket":3,"minecraft:andesite":1,"minecraft:leather":44,"minecraft:potato":14,"minecraft:flint":4,"minecraft:tuff":4,"minecraft:oak_log":394,"minecraft:ancient_debris":2,"minecraft:cobblestone_wall":1,"minecraft:gunpowder":38,"minecraft:cobblestone_stairs":1,"minecraft:lapis_lazuli":60,"minecraft:map":1,"minecraft:dirt":644,"minecraft:blue_bed":6,"minecraft:paper":6,"minecraft:name_tag":4,"minecraft:cooked_mutton":4,"minecraft:bone":36,"minecraft:apple":13,"minecraft:wheat_seeds":4,"minecraft:raw_gold":50,"minecraft:iron_ingot":3,"minecraft:stone_pickaxe":1,"minecraft:fletching_table":6,"minecraft:oak_planks":4,"minecraft:book":1,"minecraft:cooked_porkchop":27,"minecraft:pumpkin":2,"minecraft:music_disc_13":1,"minecraft:sweet_berries":24,"minecraft:dandelion":2,"minecraft:gravel":21,"minecraft:sand":14,"minecraft:spruce_sapling":2,"minecraft:white_bed":1,"minecraft:spruce_log":56,"minecraft:spider_eye":8,"minecraft:mossy_cobblestone":1,"minecraft:diamond":52,"minecraft:spruce_boat":12,"minecraft:golden_apple":3,"minecraft:emerald":8,"minecraft:oak_sapling":104,"minecraft:melon_seeds":13,"minecraft:coal":139,"minecraft:diamond_pickaxe":1},"minecraft:crafted":{"minecraft:oak_planks":1924,"minecraft:stone_shovel":1,"minecraft:cooked_chicken":1,"minecraft:furnace":6,"minecraft:piston":1,"minecraft:cobblestone_stairs":4,"minecraft:lever":1,"minecraft:bookshelf":3,"minecraft:cooked_mutton":13,"minecraft:oak_trapdoor":4,"minecraft:bow":1,"minecraft:iron_boots":1,"minecraft:iron_axe":6,"minecraft:ladder":3,"minecraft:stone_pickaxe":1,"minecraft:chest":8,"minecraft:spruce_boat":2,"minecraft:stone_hoe":3,"minecraft:wheat":36,"minecraft:cooked_beef":17,"minecraft:oak_slab":12,"minecraft:emerald":160,"minecraft:cooked_porkchop":36,"minecraft:crafting_table":5,"minecraft:spruce_planks":184,"minecraft:iron_helmet":1,"minecraft:wooden_pickaxe":1,"minecraft:iron_sword":1,"minecraft:fletching_table":2,"minecraft:bucket":1,"minecraft:birch_planks":564,"minecraft:stone_axe":1,"minecraft:enchanted_book":6,"minecraft:air":0,"minecraft:oak_boat":1,"minecraft:spruce_trapdoor":8,"minecraft:lectern":3,"minecraft:iron_chestplate":1,"minecraft:book":36,"minecraft:paper":285,"minecraft:shield":2,"minecraft:stick":4904,"minecraft:iron_ingot":48,"minecraft:iron_pickaxe":2,"minecraft:stone_sword":1,"minecraft:iron_shovel":2,"minecraft:gold_ingot":24,"minecraft:iron_leggings":1,"minecraft:white_bed":1,"minecraft:torch":56},"minecraft:killed":{"minecraft:cave_spider":7,"minecraft:zombified_piglin":1,"minecraft:spider":6,"minecraft:skeleton":16,"minecraft:chicken":1,"minecraft:drowned":2,"minecraft:pig":18,"minecraft:wandering_trader":1,"minecraft:creeper":1,"minecraft:sheep":12,"minecraft:trader_llama":3,"minecraft:zombie":15,"minecraft:cow":10}},"DataVersion":3953}