{"stats":{"minecraft:dropped":{"minecraft:wooden_pickaxe":1},"minecraft:custom":{"minecraft:interact_with_furnace":24,"minecraft:mob_kills":33,"minecraft:interact_with_crafting_table":6,"minecraft:interact_with_campfire":4,"minecraft:time_since_death":28205,"minecraft:sleep_in_bed":1,"minecraft:time_since_rest":12788,"minecraft:sprint_one_cm":130380,"minecraft:damage_taken":205,"minecraft:walk_one_cm":64361,"minecraft:drop":1,"minecraft:damage_dealt":3090,"minecraft:swim_one_cm":3555,"minecraft:talked_to_villager":2,"minecraft:fly_one_cm":82328,"minecraft:open_chest":1,"minecraft:crouch_one_cm":3558,"minecraft:play_time":28205,"minecraft:sneak_time":1676,"minecraft:walk_under_water_one_cm":1547,"minecraft:jump":538,"minecraft:walk_on_water_one_cm":448,"minecraft:total_world_time":28205,"minecraft:fall_one_cm":8490},"minecraft:crafted":{"minecraft:cooked_beef":17,"minecraft:stone_shovel":1,"minecraft:cooked_porkchop":20,"minecraft:crafting_table":1,"minecraft:spruce_planks":24,"minecraft:wooden_pickaxe":1,"minecraft:cooked_chicken":1,"minecraft:furnace":2,"minecraft:stone_axe":1,"minecraft:cooked_mutton":3,"minecraft:air":0,"minecraft:shield":1,"minecraft:stick":16,"minecraft:iron_ingot":1,"minecraft:stone_pickaxe":1,"minecraft:stone_sword":1},"minecraft:used":{"minecraft:cooked_mutton":5,"minecraft:stone_sword":14,"minecraft:stone_pickaxe":64,"minecraft:stone_shovel":15,"minecraft:wooden_pickaxe":3,"minecraft:blue_bed":1,"minecraft:cooked_chicken":1,"minecraft:dirt":12,"minecraft:crafting_table":3,"minecraft:lectern":1,"minecraft:stone_axe":75,"minecraft:cobblestone":4,"minecraft:furnace":3},"minecraft:killed":{"minecraft:pig":11,"minecraft:sheep":12,"minecraft:skeleton":1,"minecraft:chicken":1,"minecraft:cow":8},"minecraft:picked_up":{"minecraft:crafting_table":2,"minecraft:chicken":1,"minecraft:leather":12,"minecraft:dirt":12,"minecraft:blue_bed":2,"minecraft:cooked_mutton":4,"minecraft:bone":1,"minecraft:spruce_planks":8,"minecraft:beef":17,"minecraft:lectern":1,"minecraft:sugar_cane":6,"minecraft:furnace":1,"minecraft:raw_iron":1,"minecraft:sweet_berries":24,"minecraft:porkchop":23,"minecraft:spruce_sapling":1,"minecraft:spruce_log":37,"minecraft:arrow":2,"minecraft:mutton":17,"minecraft:coal":17,"minecraft:white_wool":13,"minecraft:cobblestone":47},"minecraft:mined":{"minecraft:crafting_table":2,"minecraft:short_grass":2,"minecraft:grass_block":10,"minecraft:lectern":1,"minecraft:spruce_leaves":11,"minecraft:sugar_cane":2,"minecraft:blue_bed":2,"minecraft:large_fern":1,"minecraft:furnace":1,"minecraft:iron_ore":1,"minecraft:sweet_berry_bush":12,"minecraft:spruce_log":39,"minecraft:coal_ore":17,"minecraft:dirt":2,"minecraft:stone":48,"minecraft:oak_leaves":2}},"DataVersion":3953}