{"stats":{"minecraft:dropped":{"minecraft:wooden_pickaxe":1},"minecraft:custom":{"minecraft:time_since_rest":4205,"minecraft:crouch_one_cm":242,"minecraft:play_time":4205,"minecraft:sprint_one_cm":12806,"minecraft:walk_one_cm":10722,"minecraft:sneak_time":191,"minecraft:drop":1,"minecraft:jump":74,"minecraft:damage_dealt":10,"minecraft:time_since_death":4205,"minecraft:total_world_time":4205,"minecraft:interact_with_crafting_table":3,"minecraft:fall_one_cm":1045,"minecraft:fly_one_cm":13915},"minecraft:crafted":{"minecraft:stone_sword":1,"minecraft:stone_shovel":1,"minecraft:stone_axe":1,"minecraft:crafting_table":1,"minecraft:spruce_planks":24,"minecraft:stick":12,"minecraft:stone_pickaxe":1,"minecraft:wooden_pickaxe":1},"minecraft:used":{"minecraft:stone_axe":8,"minecraft:crafting_table":1,"minecraft:stone_pickaxe":12,"minecraft:wooden_pickaxe":3},"minecraft:picked_up":{"minecraft:crafting_table":1,"minecraft:spruce_log":12,"minecraft:dirt":4,"minecraft:cobblestone":15},"minecraft:mined":{"minecraft:short_grass":1,"minecraft:grass_block":2,"minecraft:dirt":2,"minecraft:spruce_log":14,"minecraft:stone":15,"minecraft:crafting_table":1}},"DataVersion":3953}